,Adipocyte,Endothelial cell (lymphatic),Endothelial cell (vascular),Fibroblast,Immune (B cell),Immune (DC/macrophage),Immune (NK cell),Immune (T cell),Immune (mast cell),Myocyte (cardiac),"Myocyte (cardiac, cytoplasmic)",Pericyte/SMC,Schwann cell
ENSG00000142599,1.8793719,0.0,0.0,0.0,0.0,0.0,0.0,0.0,0.0,1.9314786,0.0,0.0,0.0
ENSG00000130939,0.0,0.0,0.0,0.0,0.0,0.0,0.0,0.0,0.0,1.3148127,0.0,0.0,0.0
ENSG00000054523,0.0,0.0,0.0,0.0,0.0,0.0,0.0,0.0,0.0,1.2227036,0.0,0.0,0.0
ENSG00000130940,0.0,0.0,0.0,0.0,0.0,0.0,0.0,0.0,0.0,0.9862784,0.0,0.0,0.0
ENSG00000048707,0.0,0.0,0.0,0.0,0.0,0.0,0.0,0.0,0.0,1.8663228,0.0,0.0,0.0
ENSG00000233954,0.0,0.0,0.0,0.0,0.0,0.0,0.0,0.0,0.0,0.0,1.7900949,0.0,0.0
ENSG00000173641,0.0,0.0,0.0,0.0,0.0,0.0,0.0,0.0,0.0,0.0,3.5727403,0.0,0.0
ENSG00000127472,0.0,0.0,0.0,2.0664263,0.0,0.0,0.0,0.0,0.0,0.0,0.0,3.532619,0.0
ENSG00000075151,1.1846776,0.0,0.0,0.0,2.3582447,2.0873346,0.0,0.0,0.0,1.0927799,0.0,0.0,0.0
ENSG00000142661,0.0,0.0,0.0,0.0,0.0,0.0,0.0,0.0,0.0,1.65752,0.0,0.0,0.0
ENSG00000169504,0.0,0.0,0.0,0.0,0.0,0.0,0.0,0.0,0.0,0.957485,0.0,0.0,2.0666966
ENSG00000117616,0.0,0.0,0.0,0.0,0.94251806,0.0,0.0,0.0,0.0,0.7094885,0.0,0.0,0.0
ENSG00000130770,0.0,0.0,0.0,0.0,0.0,0.0,0.0,0.0,0.0,0.0,2.1556602,0.0,0.0
ENSG00000204138,0.0,0.0,0.0,0.0,0.0,0.0,0.0,0.0,0.0,0.78386027,0.0,0.0,0.0
ENSG00000159023,0.0,0.0,0.0,0.0,0.0,0.0,0.0,0.0,0.0,0.9809334,0.0,0.0,0.0
ENSG00000121769,0.0,0.0,0.0,0.0,0.0,0.0,0.0,0.0,0.0,0.0,3.6763494,0.0,0.0
ENSG00000146463,0.0,0.0,0.0,0.0,0.0,0.0,0.0,0.0,0.0,0.0,1.5444734,0.0,0.0
ENSG00000168653,0.0,0.0,0.0,0.0,0.0,0.0,0.0,0.0,0.0,0.0,2.143825,0.0,0.0
ENSG00000127603,1.7663836,2.2573764,0.0,0.0,0.0,0.0,0.0,0.0,0.0,1.9493465,0.0,0.0,0.0
ENSG00000010803,0.0,0.0,0.0,0.0,0.0,0.0,0.0,0.0,0.0,1.1946967,0.0,0.0,0.0
ENSG00000127124,0.0,0.0,0.0,0.0,0.0,0.0,0.0,0.0,0.0,1.0509238,0.0,0.0,0.0
ENSG00000142949,1.3565243,0.0,0.0,0.0,0.0,0.0,0.0,0.0,0.0,0.0,0.0,0.0,0.0
ENSG00000086015,0.0,0.0,0.0,0.0,0.0,0.0,0.0,0.0,0.0,1.1068124,0.0,0.0,0.0
ENSG00000173660,0.0,0.0,0.0,0.0,0.0,0.0,0.0,0.0,0.0,0.0,2.952241,0.0,0.0
ENSG00000185104,1.3363289,1.3627639,0.0,0.0,0.0,0.0,0.0,0.0,0.0,1.7446094,0.0,0.0,0.0
ENSG00000085832,0.0,1.3938415,0.0,0.0,0.0,0.0,0.0,0.0,0.0,1.249558,0.0,0.0,0.0
ENSG00000117859,0.0,0.0,0.0,0.0,0.0,0.0,0.0,0.0,0.0,1.253299,0.0,0.0,0.0
ENSG00000078618,0.0,0.0,0.0,0.0,0.0,0.0,0.0,0.0,0.0,0.8038433,0.0,0.0,0.0
ENSG00000134744,0.0,0.0,0.0,0.0,0.0,0.0,0.0,0.0,0.0,1.0177985,0.0,0.0,0.0
ENSG00000121310,1.8440324,0.0,0.0,0.0,0.0,0.0,0.0,0.0,0.0,1.3553485,0.0,0.0,0.0
ENSG00000162390,0.0,0.0,0.0,0.0,0.0,0.0,0.0,0.0,0.0,1.9091167,0.0,0.0,0.0
ENSG00000162409,0.0,0.0,0.0,0.0,0.0,0.0,0.0,0.0,0.0,1.5948784,0.0,0.0,0.0
ENSG00000162599,2.541549,2.7019117,1.916008,2.7097318,0.0,0.0,0.0,0.0,0.0,2.2469082,0.0,0.0,0.0
ENSG00000132849,0.0,0.0,0.0,0.0,0.0,0.0,0.0,0.0,0.0,2.1846135,0.0,0.0,0.0
ENSG00000185483,0.0,0.0,0.0,0.0,0.0,0.0,0.0,0.0,0.0,2.2543173,0.0,0.0,0.0
ENSG00000116754,1.4756366,0.0,0.0,0.0,0.0,0.0,0.0,0.0,0.0,0.0,0.0,0.0,0.0
ENSG00000172260,0.0,0.0,0.0,3.797128,0.0,0.0,0.0,0.0,0.0,0.0,0.0,0.0,3.339054
ENSG00000184005,0.0,3.0765066,3.3703907,0.0,0.0,0.0,0.0,0.0,0.0,0.0,0.0,0.0,0.0
ENSG00000077254,1.3673235,0.0,0.0,0.0,0.0,0.0,0.0,0.0,0.0,0.0,0.0,0.0,0.0
ENSG00000162614,0.0,0.0,0.0,0.0,0.0,0.0,0.0,0.0,0.0,3.394913,2.4416168,0.0,0.0
ENSG00000117114,0.0,0.0,0.0,0.0,0.0,0.0,0.0,0.0,0.0,1.6845112,0.0,0.0,0.0
ENSG00000069702,1.994044,0.0,0.0,2.3605642,0.0,0.0,0.0,0.0,0.0,0.0,0.0,0.0,0.0
ENSG00000067208,0.0,0.0,0.0,0.0,0.0,0.0,0.0,0.0,0.0,1.091201,0.0,0.0,0.0
ENSG00000188641,1.5466028,0.0,0.0,2.2217746,0.0,3.2754865,0.0,0.0,0.0,0.8709091,0.0,0.0,0.0
ENSG00000099260,1.7934282,0.0,0.0,0.0,0.0,0.0,0.0,0.0,0.0,1.2341509,0.0,0.0,0.0
ENSG00000122477,0.0,0.0,0.0,0.0,0.0,0.0,0.0,0.0,0.0,1.4978855,0.0,0.0,0.0
ENSG00000134215,0.0,2.2203095,0.0,0.0,0.0,0.0,0.0,0.0,0.0,0.0,0.0,0.0,0.0
ENSG00000009307,0.0,0.0,0.0,0.0,0.0,0.0,0.0,0.0,0.0,0.0,1.6621758,0.0,0.0
ENSG00000118729,0.0,0.0,0.0,0.0,0.0,0.0,0.0,0.0,0.0,0.0,1.6866597,0.0,0.0
ENSG00000265491,0.0,0.0,0.0,0.0,0.0,0.0,0.0,0.0,0.0,1.4476459,0.0,0.0,0.0
ENSG00000265972,1.4556597,0.0,0.0,0.0,2.0188892,0.0,0.0,0.0,0.0,1.4732987,0.0,0.0,0.0
ENSG00000178104,1.5431219,0.0,0.0,0.0,0.0,0.0,0.0,0.0,0.0,3.0532413,2.6273441,0.0,0.0
ENSG00000197956,0.0,0.0,0.0,0.0,0.0,0.0,0.0,0.0,0.0,0.0,2.161333,0.0,2.2269728
ENSG00000160678,0.0,0.0,0.0,0.0,0.0,0.0,0.0,0.0,0.0,0.0,3.5162625,0.0,0.0
ENSG00000116539,1.4821765,0.0,0.0,0.0,2.4108315,0.0,0.0,0.0,0.0,1.4437599,0.0,0.0,0.0
ENSG00000143248,0.0,0.0,0.0,0.0,0.0,0.0,0.0,0.0,0.0,0.0,0.0,2.3425183,0.0
ENSG00000185630,2.3104074,0.0,0.0,1.9416366,0.0,0.0,0.0,0.0,0.0,1.7197176,0.0,0.0,0.0
ENSG00000143198,0.0,0.0,0.0,0.0,0.0,0.0,0.0,0.0,0.0,0.0,2.0703511,0.0,0.0
ENSG00000198821,0.0,0.0,0.0,0.0,0.0,0.0,3.395127,0.0,0.0,0.0,0.0,0.0,0.0
ENSG00000198771,0.0,0.0,0.0,0.0,2.1360438,0.0,0.0,0.0,0.0,0.0,0.0,0.0,0.0
ENSG00000143164,0.0,0.0,0.0,0.0,0.0,0.0,0.0,0.0,0.0,0.9916867,0.0,0.0,0.0
ENSG00000143153,0.0,0.0,0.0,0.0,0.0,0.0,0.0,0.0,0.0,0.0,1.3792114,0.0,0.0
ENSG00000152061,0.0,0.0,0.0,0.0,2.8637195,0.0,2.911056,2.8050528,0.0,2.92301,0.0,0.0,0.0
ENSG00000075391,0.0,1.9639536,2.7777603,0.0,0.0,0.0,0.0,0.0,0.0,2.011509,0.0,2.8133588,0.0
ENSG00000116191,0.0,0.0,0.0,0.0,2.8766727,0.0,0.0,0.0,0.0,0.0,0.0,0.0,0.0
ENSG00000116194,0.0,0.0,0.0,0.0,3.3234844,0.0,0.0,0.0,0.0,0.0,0.0,0.0,0.0
ENSG00000143324,0.0,0.0,0.0,0.0,0.0,0.0,0.0,0.0,0.0,2.033296,0.0,0.0,0.0
ENSG00000135821,1.2390066,0.0,0.0,0.0,0.0,0.0,0.0,0.0,0.0,0.0,0.0,0.0,0.0
ENSG00000135862,2.0797915,0.0,0.0,2.6665244,0.0,0.0,0.0,0.0,0.0,0.0,0.0,0.0,0.0
ENSG00000143344,0.0,0.0,0.0,0.0,0.0,0.0,0.0,0.0,0.0,0.9048942,0.0,0.0,0.0
ENSG00000116667,0.0,0.0,0.0,0.0,0.0,0.0,0.0,0.0,0.0,1.4909147,0.0,0.0,0.0
ENSG00000135842,0.0,0.0,0.0,0.0,0.0,0.0,0.0,0.0,0.0,2.04387,0.0,0.0,0.0
ENSG00000151414,0.0,0.0,0.0,0.0,0.0,0.0,0.0,0.0,0.0,1.3444496,0.0,0.0,0.0
ENSG00000081237,0.0,0.0,0.0,0.0,2.421814,0.0,2.7735267,3.0294108,0.0,0.0,0.0,0.0,0.0
ENSG00000118194,0.0,0.0,0.0,0.0,0.0,0.0,0.0,0.0,0.0,3.2641258,4.4811506,0.0,0.0
ENSG00000134369,0.0,0.0,0.0,0.0,0.0,0.0,0.0,0.0,0.0,1.6059271,0.0,0.0,0.0
ENSG00000077157,1.3673235,0.0,0.0,0.0,0.0,0.0,0.0,0.0,0.0,2.9529939,1.6003273,0.0,0.0
ENSG00000117139,0.0,0.0,0.0,0.0,0.0,0.0,0.0,0.0,0.0,0.0,1.9204623,0.0,0.0
ENSG00000058668,1.4938545,0.0,0.0,0.0,0.0,0.0,0.0,0.0,0.0,1.558342,0.0,0.0,0.0
ENSG00000263961,0.0,0.0,0.0,0.0,0.0,0.0,0.0,0.0,2.0538797,0.0,0.0,0.0,0.0
ENSG00000266028,0.0,0.0,0.0,0.0,0.0,2.299038,0.0,0.0,0.0,0.0,0.0,0.0,0.0
ENSG00000123689,2.8910708,0.0,0.0,0.0,0.0,0.0,0.0,0.0,0.0,0.0,0.0,0.0,0.0
ENSG00000196482,0.0,0.0,0.0,0.0,0.0,0.0,0.0,0.0,0.0,2.6432085,0.0,0.0,0.0
ENSG00000186205,1.6866597,0.0,0.0,0.0,0.0,0.0,0.0,0.0,0.0,0.0,0.0,0.0,0.0
ENSG00000154380,0.0,0.0,0.0,0.0,0.0,0.0,0.0,0.0,0.0,1.1661016,0.0,0.0,0.0
ENSG00000143776,0.0,0.0,0.0,0.0,0.0,0.0,0.0,0.0,0.0,1.4143496,0.0,0.0,0.0
ENSG00000154358,0.0,0.0,0.0,0.0,0.0,0.0,0.0,0.0,0.0,1.8991486,0.0,0.0,0.0
ENSG00000143632,0.0,0.0,0.0,0.0,0.0,0.0,0.0,0.0,0.0,0.0,3.0874224,0.0,0.0
ENSG00000162946,0.0,0.0,0.0,0.0,0.0,0.0,0.0,0.0,0.0,1.198321,0.0,0.0,0.0
ENSG00000116962,0.0,0.0,0.0,2.200788,0.0,0.0,0.0,0.0,0.0,0.0,0.0,0.0,0.0
ENSG00000077522,0.0,0.0,0.0,0.0,0.0,0.0,0.0,0.0,0.0,2.5376508,2.5872047,0.0,0.0
ENSG00000198626,0.0,0.0,0.0,0.0,0.0,0.0,0.0,0.0,0.0,5.6093493,2.478969,0.0,0.0
ENSG00000054282,0.0,0.0,0.0,0.0,0.0,0.0,0.0,0.0,0.0,0.8414739,0.0,0.0,0.0
ENSG00000117020,0.0,1.4597057,2.406347,2.6466115,0.0,0.0,0.0,0.0,0.0,0.0,0.0,2.2380693,1.9465997
ENSG00000203666,0.0,0.0,0.0,0.0,0.0,0.0,0.0,0.0,0.0,1.1743801,0.0,0.0,0.0
ENSG00000185420,0.0,0.0,0.0,0.0,0.0,0.0,0.0,0.0,3.579154,1.3790632,0.0,0.0,0.0
ENSG00000084676,0.0,0.0,0.0,1.7716298,0.0,0.0,0.0,0.0,0.0,1.535358,0.0,0.0,0.0
ENSG00000138029,0.0,0.0,0.0,0.0,0.0,0.0,0.0,0.0,0.0,1.4237311,1.8460512,0.0,0.0
ENSG00000228474,0.0,0.0,0.0,0.0,0.0,0.0,0.0,0.0,0.0,0.0,1.6647761,0.0,0.0
ENSG00000138100,0.0,0.0,0.0,0.0,0.0,0.0,0.0,0.0,0.0,0.9332398,0.0,0.0,0.0
ENSG00000158019,0.0,0.0,0.0,0.0,0.0,0.0,0.0,0.0,0.0,1.3015177,0.0,0.0,0.0
ENSG00000172954,0.0,0.0,0.0,0.0,0.0,0.0,0.0,0.0,0.0,1.1022253,0.0,0.0,0.0
ENSG00000115760,1.3673235,0.0,0.0,0.0,0.0,0.0,0.0,0.0,0.0,1.4930514,0.0,0.0,0.0
ENSG00000049323,0.0,0.0,0.0,1.8250191,0.0,0.0,0.0,0.0,0.0,1.9710102,0.0,0.0,0.0
ENSG00000115904,1.8566861,0.0,0.0,0.0,0.0,0.0,0.0,0.0,0.0,1.148896,0.0,0.0,0.0
ENSG00000011566,0.0,0.0,0.0,0.0,0.0,0.0,0.0,0.0,0.0,1.6226069,0.0,0.0,0.0
ENSG00000183023,0.0,0.0,0.0,0.0,0.0,2.5012891,0.0,0.0,0.0,4.141856,0.0,0.0,0.0
ENSG00000143919,0.0,0.0,0.0,0.0,0.0,0.0,0.0,0.0,0.0,0.85398185,0.0,0.0,0.0
ENSG00000171132,0.0,0.0,0.0,0.0,0.0,0.0,0.0,0.0,0.0,1.3754432,0.0,0.0,0.0
ENSG00000116016,0.0,0.0,2.7380033,0.0,0.0,0.0,0.0,0.0,0.0,0.0,0.0,0.0,0.0
ENSG00000179915,0.0,0.0,0.0,0.0,0.0,0.0,0.0,0.0,0.0,0.0,0.0,0.0,4.3307366
ENSG00000170634,1.3688512,0.0,0.0,0.0,0.0,0.0,0.0,0.0,0.0,1.776779,0.0,0.0,0.0
ENSG00000115306,2.3936636,2.665072,2.6688116,2.2072425,0.0,0.0,0.0,0.0,0.0,1.8895514,0.0,0.0,0.0
ENSG00000115310,1.9110774,0.0,0.0,0.0,0.0,0.0,0.0,0.0,0.0,0.0,0.0,0.0,0.0
ENSG00000115464,1.2390066,0.0,0.0,0.0,0.0,0.0,0.0,0.0,0.0,1.5433149,0.0,0.0,0.0
ENSG00000173163,0.0,0.0,0.0,0.0,0.0,0.0,0.0,0.0,0.0,1.2871939,0.0,0.0,0.0
ENSG00000115504,2.407036,0.0,0.0,0.0,0.0,0.0,0.0,0.0,0.0,0.0,0.0,0.0,3.0353637
ENSG00000143951,1.895535,0.0,0.0,0.0,0.0,0.0,0.0,0.0,0.0,1.9787151,0.0,0.0,0.0
ENSG00000014641,0.0,0.0,0.0,0.0,0.0,0.0,0.0,0.0,0.0,0.0,2.0134745,0.0,0.0
ENSG00000143995,0.0,0.0,0.0,0.0,0.0,0.0,0.0,0.0,0.0,0.8321243,0.0,0.0,0.0
ENSG00000115977,0.0,0.0,0.0,0.0,0.0,0.0,0.0,0.0,0.0,2.0859437,0.0,0.0,0.0
ENSG00000075292,0.0,0.0,0.0,0.0,0.0,0.0,0.0,0.0,0.0,1.8817266,0.0,0.0,0.0
ENSG00000144036,0.0,0.0,0.0,0.0,0.0,0.0,0.0,0.0,0.0,2.8548582,0.0,0.0,0.0
ENSG00000034510,0.0,2.131728,2.7471774,0.0,0.0,0.0,0.0,0.0,0.0,0.0,0.0,0.0,0.0
ENSG00000115459,2.0432854,0.0,0.0,0.0,0.0,0.0,0.0,0.0,0.0,0.0,0.0,0.0,0.0
ENSG00000115523,0.0,0.0,0.0,0.0,0.0,0.0,3.1282532,0.0,0.0,0.0,0.0,0.0,0.0
ENSG00000115593,0.0,0.0,0.0,0.0,0.0,0.0,0.0,0.0,0.0,1.7863632,0.0,0.0,0.0
ENSG00000135940,0.0,0.0,0.0,0.0,0.0,0.0,0.0,0.0,0.0,0.0,3.031286,0.0,0.0
ENSG00000158417,0.0,0.0,0.0,0.0,0.0,0.0,0.0,0.0,0.0,0.0,1.7496172,0.0,0.0
ENSG00000144218,0.0,0.0,0.0,0.0,3.2647429,0.0,0.0,0.0,0.0,0.0,0.0,0.0,0.0
ENSG00000170485,0.0,0.0,0.0,0.0,0.0,0.0,0.0,0.0,0.0,1.638876,0.0,0.0,0.0
ENSG00000204634,0.0,0.0,0.0,0.0,0.0,0.0,0.0,0.0,0.0,1.4775479,0.0,0.0,0.0
ENSG00000163162,0.0,0.0,0.0,0.0,0.0,2.387506,0.0,0.0,0.0,0.0,0.0,0.0,0.0
ENSG00000115641,0.0,0.0,0.0,0.0,0.0,0.0,0.0,0.0,0.0,3.1305337,1.9251993,0.0,0.0
ENSG00000169756,0.0,0.0,0.0,0.0,0.0,0.0,0.0,0.0,0.0,0.76293325,0.0,0.0,0.0
ENSG00000155368,0.0,0.0,0.0,0.0,0.0,0.0,0.0,0.0,0.0,0.0,1.760777,0.0,0.0
ENSG00000074054,0.0,0.0,0.0,0.0,0.0,0.0,0.0,0.0,0.0,1.4348408,0.0,0.0,0.0
ENSG00000152082,0.0,0.0,0.0,0.0,0.0,0.0,0.0,0.0,0.0,0.0,1.6866597,0.0,0.0
ENSG00000176771,0.0,0.0,0.0,0.0,0.0,0.0,0.0,0.0,0.0,1.4830977,0.0,0.0,0.0
ENSG00000152127,0.0,0.0,0.0,0.0,0.0,0.0,0.0,0.0,0.0,1.6437415,0.0,0.0,0.0
ENSG00000115839,0.0,0.0,0.0,0.0,0.0,0.0,0.0,0.0,0.0,0.8866315,0.0,0.0,0.0
ENSG00000075884,0.0,0.0,0.0,0.0,3.1582322,1.5948858,2.5168512,3.2112277,3.0560234,0.0,0.0,0.0,0.0
ENSG00000169554,2.3557978,0.0,0.0,0.0,0.0,3.1429856,0.0,0.0,0.0,0.0,0.0,0.0,0.0
ENSG00000204406,1.4758968,0.0,0.0,0.0,0.0,0.0,0.0,0.0,0.0,1.7242467,0.0,0.0,0.0
ENSG00000157827,1.5043886,0.0,0.0,0.0,0.0,0.0,0.0,0.0,0.0,0.0,0.0,0.0,0.0
ENSG00000115183,0.0,0.0,0.0,0.0,0.0,0.0,0.0,0.0,0.0,1.9380656,0.0,0.0,0.0
ENSG00000123636,0.0,0.0,0.0,0.0,0.0,0.0,0.0,0.0,0.0,1.0661017,0.0,0.0,0.0
ENSG00000153250,1.2310519,0.0,0.0,2.1665335,0.0,0.0,0.0,0.0,0.0,1.4669143,0.0,0.0,0.0
ENSG00000182263,1.5616077,0.0,0.0,0.0,0.0,0.0,0.0,0.0,0.0,0.0,0.0,0.0,2.4685209
ENSG00000136546,0.0,0.0,0.0,2.7403724,0.0,0.0,0.0,0.0,0.0,0.0,0.0,0.0,3.2830715
ENSG00000198648,0.0,0.0,0.0,0.0,0.0,0.0,0.0,0.0,0.0,1.0576246,0.0,0.0,0.0
ENSG00000172292,0.0,0.0,0.0,0.0,0.0,0.0,0.0,0.0,0.0,2.1288521,0.0,0.0,0.0
ENSG00000144357,0.0,0.0,0.0,0.0,0.0,0.0,0.0,0.0,0.0,1.6318907,0.0,0.0,0.0
ENSG00000115840,0.0,0.0,0.0,0.0,0.0,0.0,0.0,0.0,0.0,1.6321113,0.0,0.0,0.0
ENSG00000091436,0.0,0.0,0.0,0.0,0.0,0.0,0.0,0.0,0.0,1.6938705,1.7182144,0.0,0.0
ENSG00000154518,0.0,0.0,0.0,0.0,0.0,0.0,0.0,0.0,0.0,0.0,2.7627995,0.0,0.0
ENSG00000155657,0.0,0.0,0.0,0.0,0.0,0.0,0.0,0.0,0.0,4.5877204,4.374463,0.0,0.0
ENSG00000163492,0.0,0.0,0.0,0.0,0.0,0.0,0.0,0.0,0.0,1.5861701,0.0,0.0,0.0
ENSG00000115252,0.0,1.8052187,0.0,0.0,0.0,0.0,0.0,0.0,0.0,0.0,0.0,0.0,0.0
ENSG00000064989,1.5961318,2.453653,2.114244,0.0,0.0,0.0,0.0,0.0,0.0,0.0,0.0,0.0,0.0
ENSG00000003436,0.0,3.2048843,0.0,1.9309744,0.0,0.0,0.0,0.0,0.0,0.0,0.0,0.0,0.0
ENSG00000204262,1.818935,0.0,0.0,2.2470975,0.0,0.0,0.0,0.0,0.0,0.0,0.0,0.0,0.0
ENSG00000081320,0.0,0.0,0.0,0.0,2.1360438,0.0,0.0,0.0,0.0,0.0,0.0,0.0,0.0
ENSG00000138411,0.0,0.0,0.0,0.0,0.0,0.0,0.0,0.0,0.0,1.3265884,0.0,0.0,0.0
ENSG00000065413,0.0,0.0,0.0,0.0,3.108851,2.0465076,2.8109076,3.036935,2.7862883,0.0,0.0,0.0,0.0
ENSG00000115896,0.0,0.0,0.0,0.0,0.0,0.0,0.0,0.0,0.0,2.9043448,0.0,2.414422,0.0
ENSG00000119013,0.0,0.0,0.0,0.0,0.0,0.0,0.0,0.0,0.0,0.0,1.707782,0.0,0.0
ENSG00000003402,0.0,0.0,0.0,0.0,0.0,0.0,0.0,0.0,0.0,1.8067062,0.0,0.0,0.0
ENSG00000115993,0.0,0.0,0.0,0.0,0.0,0.0,0.0,0.0,0.0,1.1527365,0.0,0.0,0.0
ENSG00000138395,0.0,0.0,0.0,0.0,0.0,0.0,0.0,0.0,2.9531016,0.0,0.0,0.0,0.0
ENSG00000204217,0.0,0.0,0.0,0.0,0.0,0.0,0.0,0.0,0.0,1.1478668,0.0,0.0,0.0
ENSG00000144426,1.6866597,0.0,0.0,0.0,0.0,0.0,0.0,0.0,0.0,0.0,0.0,2.1483817,0.0
ENSG00000116117,1.7564029,2.021387,0.0,0.0,0.0,0.0,0.0,0.0,0.0,1.0465277,0.0,0.0,0.0
ENSG00000118257,0.0,1.9229517,0.0,0.0,0.0,0.0,0.0,0.0,0.0,0.0,0.0,0.0,0.0
ENSG00000114948,0.0,0.0,0.0,0.0,0.0,0.0,0.0,0.0,0.0,1.1272798,0.0,0.0,0.0
ENSG00000178568,0.0,0.0,0.0,0.0,0.0,0.0,0.0,0.0,0.0,2.6769695,0.0,0.0,0.0
ENSG00000115414,0.0,0.0,0.0,2.0061994,0.0,0.0,0.0,0.0,0.0,0.0,0.0,0.0,0.0
ENSG00000079308,1.8566861,0.0,0.0,0.0,0.0,0.0,0.0,0.0,0.0,0.9219681,1.197917,0.0,0.0
ENSG00000175084,0.0,0.0,0.0,0.0,0.0,0.0,0.0,0.0,0.0,0.0,5.171388,0.0,0.0
ENSG00000135905,0.0,0.0,0.0,0.0,2.5823014,0.0,0.0,0.0,0.0,0.0,0.0,0.0,0.0
ENSG00000173744,0.0,0.0,0.0,0.0,0.0,2.0050936,0.0,0.0,0.0,0.0,0.0,0.0,0.0
ENSG00000135917,1.6295782,0.0,0.0,0.0,0.0,0.0,0.0,0.0,0.0,0.0,0.0,0.0,0.0
ENSG00000153820,0.0,0.0,0.0,0.0,0.0,0.0,0.0,0.0,0.0,1.574229,0.0,0.0,0.0
ENSG00000153823,0.0,0.0,0.0,2.6564083,0.0,0.0,0.0,0.0,0.0,0.0,0.0,0.0,0.0
ENSG00000168918,0.0,0.0,0.0,0.0,0.9460891,0.0,0.0,0.0,0.0,0.0,0.0,0.0,0.0
ENSG00000157985,0.0,0.0,0.0,0.0,0.0,0.0,0.0,0.0,0.0,0.0,0.0,0.0,0.9157976
ENSG00000163359,0.0,0.0,0.0,2.33321,0.0,0.0,0.0,0.0,0.0,0.0,0.0,0.0,0.0
ENSG00000124831,0.0,1.9545308,0.0,0.0,0.0,0.0,0.0,0.0,0.0,1.8035223,0.0,0.0,0.0
ENSG00000134121,0.0,0.0,0.0,0.0,0.0,0.0,0.0,0.0,0.0,0.0,0.0,0.0,2.635429
ENSG00000168137,1.6891749,0.0,0.0,0.0,0.0,0.0,0.0,0.0,0.0,1.1497798,0.0,0.0,0.0
ENSG00000187288,1.8333589,0.0,0.0,0.0,0.0,0.0,0.0,0.0,0.0,0.0,0.0,0.0,0.0
ENSG00000197548,0.0,0.0,0.0,0.0,0.0,2.5753508,0.0,0.0,0.0,0.0,0.0,0.0,0.0
ENSG00000132170,3.7143528,0.0,0.0,0.0,0.0,0.0,0.0,0.0,0.0,0.0,0.0,0.0,0.0
ENSG00000132155,0.0,0.0,0.0,0.0,0.0,0.0,0.0,0.0,0.0,0.7968187,0.0,0.0,0.0
ENSG00000144711,0.0,0.0,0.0,0.0,2.0188892,0.0,0.0,0.0,0.0,0.0,0.0,0.0,0.0
ENSG00000154822,0.0,0.0,0.0,0.0,0.0,0.0,0.0,0.0,0.0,1.8546703,0.0,0.0,0.0
ENSG00000131374,1.4938545,0.0,0.0,0.0,0.0,2.3198662,0.0,0.0,0.0,1.7214125,0.0,0.0,0.0
ENSG00000182247,2.721329,0.0,0.0,0.0,0.0,2.0816321,0.0,0.0,0.0,2.1456003,0.0,0.0,0.0
ENSG00000151090,1.8728182,0.0,0.0,0.0,0.0,0.0,0.0,0.0,0.0,1.6302382,0.0,0.0,0.0
ENSG00000144642,3.264731,2.7499142,3.0163913,3.6257672,0.0,0.0,0.0,0.0,0.0,1.832212,0.0,3.6527915,2.7575455
ENSG00000163513,0.0,2.8701086,0.0,0.0,0.0,0.0,0.0,0.0,0.0,0.0,0.0,0.0,0.0
ENSG00000163539,0.0,0.0,0.0,0.0,0.0,0.0,0.0,0.0,0.0,1.6062456,0.0,0.0,0.0
ENSG00000093167,0.0,0.0,0.0,0.0,0.0,0.0,0.0,0.0,0.0,2.3248446,0.0,0.0,0.0
ENSG00000144674,1.4285367,0.0,0.0,0.0,0.0,0.0,0.0,0.0,0.0,1.8557751,0.0,0.0,0.0
ENSG00000144668,0.0,2.3900535,0.0,0.0,0.0,0.0,0.0,0.0,0.0,0.71761453,0.0,0.0,0.0
ENSG00000183873,0.0,0.0,0.0,0.0,0.0,0.0,0.0,0.0,0.0,1.2298515,0.0,0.0,0.0
ENSG00000114784,0.0,0.0,0.0,0.0,0.0,0.0,0.0,0.0,0.0,0.0,1.8640168,0.0,0.0
ENSG00000182606,0.0,0.0,0.0,0.0,0.0,0.0,0.0,0.0,0.0,1.1113049,0.0,0.0,0.0
ENSG00000163827,0.0,0.0,0.0,0.0,0.0,0.0,0.0,0.0,0.0,1.739947,0.0,0.0,0.0
ENSG00000160808,0.0,0.0,0.0,0.0,0.0,0.0,0.0,0.0,0.0,0.0,4.1195683,0.0,0.0
ENSG00000047849,1.258146,0.0,0.0,0.0,0.0,0.0,0.0,0.0,0.0,2.3631759,1.9587042,0.0,0.0
ENSG00000004534,1.3565243,0.0,0.0,0.0,0.94251806,0.0,0.0,0.0,0.0,1.278153,0.0,0.0,0.0
ENSG00000088538,0.0,0.0,0.0,0.0,0.0,0.0,0.0,0.0,0.0,1.3276062,0.0,0.0,0.0
ENSG00000114854,0.0,0.0,0.0,0.0,0.0,0.0,0.0,0.0,0.0,0.0,4.22782,0.0,0.0
ENSG00000157445,0.0,0.0,0.0,0.0,0.0,0.0,0.0,0.0,0.0,1.1651897,0.0,0.0,0.0
ENSG00000163681,0.0,0.0,0.0,0.0,0.0,0.0,0.0,0.0,0.0,2.050332,0.0,0.0,0.0
ENSG00000189283,1.9066731,0.0,0.0,0.0,0.0,0.0,0.0,0.0,0.0,2.6795855,0.0,0.0,0.0
ENSG00000144724,3.7243648,0.0,3.7935848,2.8163085,0.0,0.0,0.0,0.0,0.0,2.8087075,0.0,3.3622894,0.0
ENSG00000163618,0.0,0.0,0.0,0.0,0.0,0.0,0.0,0.0,0.0,1.3806584,0.0,0.0,0.0
ENSG00000151276,2.222875,3.1178734,2.5131946,0.0,0.0,0.0,0.0,0.0,0.0,3.1313903,0.0,0.0,0.0
ENSG00000114541,0.0,2.863541,0.0,0.0,0.0,2.8934307,0.0,0.0,0.0,0.0,0.0,0.0,0.0
ENSG00000187098,0.0,0.0,0.0,0.0,0.0,0.0,0.0,0.0,0.0,2.0649219,0.0,0.0,0.0
ENSG00000114861,2.0552638,3.0208871,2.6601107,1.926451,2.630381,2.8480182,0.0,2.2343366,3.0755208,2.1516209,0.0,0.0,0.0
ENSG00000121440,2.256228,0.0,0.0,0.0,0.0,0.0,0.0,0.0,0.0,2.5252688,0.0,0.0,0.0
ENSG00000114480,2.5881526,0.0,0.0,0.0,0.0,0.0,0.0,0.0,0.0,1.7744708,0.0,0.0,0.0
ENSG00000175161,0.0,0.0,0.0,0.0,0.0,0.0,0.0,0.0,0.0,0.0,0.0,0.0,3.4180503
ENSG00000064225,0.0,0.0,0.0,0.0,0.0,0.0,0.0,0.0,0.0,0.8040479,0.0,0.0,0.0
ENSG00000144810,0.0,0.0,0.0,2.1692753,0.0,0.0,0.0,0.0,0.0,0.0,0.0,0.0,0.0
ENSG00000168386,0.0,0.0,0.0,0.0,0.0,0.0,0.0,0.0,0.0,1.1053237,0.0,0.0,0.0
ENSG00000114423,0.0,0.0,0.0,2.252411,0.0,0.0,2.390654,2.1136038,0.0,2.4999537,0.0,0.0,0.0
ENSG00000181722,3.10761,2.9385843,2.9505227,3.4664788,2.829475,1.8144054,0.0,0.0,2.9234643,2.9809313,0.0,2.9891067,3.0214868
ENSG00000031081,0.0,0.0,1.8843275,0.0,0.0,0.0,0.0,0.0,0.0,0.0,0.0,0.0,0.0
ENSG00000121577,0.0,0.0,0.0,0.0,0.0,0.0,0.0,0.0,0.0,1.1442078,1.2029471,0.0,0.0
ENSG00000082701,0.0,0.0,0.0,0.0,0.0,0.0,0.0,0.0,0.0,0.9862784,0.0,0.0,0.0
ENSG00000065518,0.0,0.0,0.0,0.0,0.0,0.0,0.0,0.0,0.0,0.0,1.821102,0.0,0.0
ENSG00000163833,0.0,0.0,0.0,0.0,0.0,0.0,0.0,0.0,0.0,0.958971,0.0,0.0,0.0
ENSG00000173175,0.0,0.0,0.0,0.0,0.0,0.0,0.0,0.0,0.0,1.7984574,0.0,0.0,0.0
ENSG00000160145,0.0,2.9069579,0.0,0.0,0.0,0.0,0.0,0.0,0.0,1.1751531,0.0,0.0,0.0
ENSG00000163848,0.0,0.0,0.0,0.0,0.0,0.0,0.0,0.0,0.0,1.1173577,0.0,0.0,0.0
ENSG00000075785,0.0,0.0,0.0,0.0,0.0,0.0,0.0,0.0,0.0,1.1209687,0.0,0.0,0.0
ENSG00000172765,0.0,0.0,0.0,0.0,0.0,0.0,0.0,0.0,0.0,1.4076692,0.0,0.0,0.0
ENSG00000073711,0.0,0.0,0.0,0.0,0.0,0.0,0.0,0.0,0.0,1.5027566,0.0,0.0,0.0
ENSG00000118007,1.4917151,0.0,0.0,1.3662347,2.7279184,0.0,0.0,0.0,0.0,1.1404297,0.0,0.0,0.0
ENSG00000114120,0.0,0.0,0.0,0.0,0.0,0.0,0.0,0.0,0.0,1.0515897,0.0,0.0,0.0
ENSG00000177311,0.0,0.0,0.0,0.0,0.0,0.0,0.0,0.0,0.0,0.7316541,0.0,0.0,0.0
ENSG00000114126,0.0,0.0,0.0,0.0,0.0,0.0,0.0,0.0,0.0,0.9749302,0.0,0.0,0.0
ENSG00000163710,1.5431219,0.0,0.0,0.0,0.0,0.0,0.0,0.0,0.0,0.0,0.0,0.0,0.0
ENSG00000181804,0.0,1.8052187,0.0,0.0,0.0,2.4910712,0.0,0.0,0.0,0.0,0.0,0.0,0.0
ENSG00000163751,0.0,0.0,0.0,0.0,0.0,0.0,0.0,0.0,2.8407748,0.0,0.0,0.0,0.0
ENSG00000152601,2.3104074,2.196514,2.217023,2.1668756,2.5849938,2.5532148,2.997206,3.2250404,0.0,2.377688,0.0,2.2732482,0.0
ENSG00000169282,0.0,0.0,0.0,0.0,0.0,0.0,0.0,0.0,0.0,0.0,0.0,2.5838013,0.0
ENSG00000163590,0.0,0.0,0.0,0.0,0.0,0.0,0.0,0.0,0.0,1.3291359,0.0,0.0,0.0
ENSG00000085276,2.290347,0.0,3.250913,2.1469343,0.0,0.0,0.0,0.0,0.0,0.0,0.0,0.0,0.0
ENSG00000154310,0.0,0.0,0.0,0.0,0.0,0.0,0.0,0.0,2.9234643,1.7712249,0.0,0.0,0.0
ENSG00000075651,0.0,0.0,0.0,0.0,0.0,0.0,0.0,0.0,0.0,1.3485526,0.0,0.0,0.0
ENSG00000075420,2.6024003,1.4021002,0.0,2.5510323,0.0,0.0,0.0,0.0,0.0,2.2265546,0.0,0.0,0.0
ENSG00000169760,0.0,0.0,0.0,0.0,0.0,0.0,0.0,0.0,0.0,2.3184197,0.0,0.0,0.0
ENSG00000177694,0.0,0.0,0.0,0.0,0.0,0.0,0.0,0.0,0.0,1.109803,0.0,0.0,0.0
ENSG00000058056,0.0,0.0,0.0,0.0,0.0,0.0,0.0,0.0,0.0,1.0350374,0.0,0.0,0.0
ENSG00000114796,0.0,0.0,0.0,0.0,0.0,0.0,0.0,0.0,0.0,1.5601213,0.0,0.0,0.0
ENSG00000156931,0.0,0.0,0.0,0.0,0.0,0.0,0.0,0.0,0.0,1.0137535,0.0,0.0,0.0
ENSG00000058866,0.0,0.0,0.0,0.0,0.0,0.0,0.0,0.0,0.0,1.7643762,0.0,0.0,0.0
ENSG00000181092,2.4924939,0.0,0.0,0.0,0.0,0.0,0.0,0.0,0.0,0.0,0.0,0.0,0.0
ENSG00000073849,0.0,0.0,0.0,0.0,3.185399,0.0,0.0,0.0,0.0,0.0,0.0,0.0,0.0
ENSG00000113916,1.6623489,0.0,0.0,0.0,0.0,0.0,0.0,0.0,0.0,0.0,0.0,0.0,0.0
ENSG00000145012,2.2423198,1.6210585,0.0,1.6178101,0.0,2.4256234,0.0,0.0,0.0,2.706465,0.0,3.3930428,2.4214272
ENSG00000188001,2.1232612,0.0,0.0,0.0,0.0,0.0,0.0,0.0,0.0,0.0,0.0,0.0,0.0
ENSG00000114279,0.0,0.0,0.0,0.0,0.0,0.0,0.0,0.0,0.0,4.011353,0.0,0.0,0.0
ENSG00000189058,0.0,0.0,0.0,2.024233,0.0,0.0,0.0,0.0,0.0,0.0,0.0,0.0,0.0
ENSG00000075711,1.258146,0.98934585,0.0,0.0,0.0,0.0,0.0,0.0,0.0,1.4307115,0.0,0.0,0.0
ENSG00000170871,0.0,0.0,0.0,0.0,0.0,0.0,0.0,0.0,0.0,0.5780702,0.0,0.0,0.0
ENSG00000169744,0.0,2.9184804,3.512152,0.0,0.0,0.0,0.0,0.0,0.0,0.0,0.0,0.0,0.0
ENSG00000145147,0.0,0.0,0.0,1.5279686,0.0,0.0,0.0,0.0,0.0,0.0,0.0,0.0,0.0
ENSG00000109819,0.0,0.0,0.0,0.0,0.0,0.0,0.0,0.0,0.0,1.4570476,0.0,0.0,0.0
ENSG00000091490,0.0,0.0,0.0,0.0,0.94251806,0.0,0.0,0.0,0.0,0.0,0.0,0.0,0.0
ENSG00000168214,0.0,0.0,0.0,0.0,0.0,3.8035388,0.0,0.0,0.0,0.0,0.0,0.0,0.0
ENSG00000169851,0.0,0.0,0.0,0.0,0.0,0.0,0.0,0.0,0.0,2.9291945,0.0,0.0,0.0
ENSG00000065882,0.0,0.0,0.0,0.0,0.0,0.0,0.0,0.0,0.0,1.135961,0.0,0.0,0.0
ENSG00000163694,0.0,0.0,0.0,0.0,0.0,3.0774934,0.0,0.0,0.0,0.0,0.0,0.0,0.0
ENSG00000163697,1.9534912,0.0,2.4042838,0.0,0.0,0.0,0.0,0.0,0.0,0.0,0.0,2.811275,0.0
ENSG00000064042,1.3226365,0.0,0.0,0.0,0.0,0.0,0.0,0.0,0.0,1.9219549,0.0,0.0,0.0
ENSG00000157404,0.0,0.0,0.0,0.0,0.0,0.0,0.0,0.0,2.050332,0.0,0.0,0.0,0.0
ENSG00000163453,0.0,1.4338667,0.0,2.2592943,0.0,0.0,0.0,0.0,0.0,0.0,0.0,2.9053237,0.0
ENSG00000205678,0.0,0.0,0.0,0.0,0.0,0.0,0.0,0.0,0.0,2.3479142,2.175479,0.0,0.0
ENSG00000132466,1.6830826,0.0,0.0,0.0,0.0,0.0,0.0,0.0,0.0,1.7577918,0.0,0.0,0.0
ENSG00000138768,0.0,0.0,0.0,0.0,0.0,0.0,0.0,0.0,0.0,0.81476873,0.0,0.0,0.0
ENSG00000118816,0.0,0.0,0.0,0.0,0.0,0.0,0.0,0.0,0.0,0.0,1.032353,0.0,0.0
ENSG00000138670,0.0,0.0,0.0,0.0,0.0,0.0,0.0,0.0,0.0,0.0,1.8146205,0.0,0.0
ENSG00000138674,0.0,0.0,0.0,0.0,0.0,0.0,0.0,0.0,0.0,0.72858965,0.0,0.0,0.0
ENSG00000138639,2.0946388,0.0,0.0,2.149274,3.6961732,0.0,0.0,0.0,0.0,1.9444544,0.0,0.0,0.98835164
ENSG00000109339,2.4860075,0.0,0.0,0.0,0.0,0.0,0.0,0.0,0.0,0.0,0.0,0.0,0.0
ENSG00000172493,1.3363289,0.0,0.0,0.0,0.0,1.9388294,0.0,0.0,0.0,1.4705822,0.0,0.0,0.0
ENSG00000152583,0.0,0.0,2.681394,2.8045669,0.0,0.0,0.0,0.0,0.0,0.0,0.0,3.4555228,0.0
ENSG00000163644,0.0,0.0,0.0,0.0,0.0,0.0,0.0,0.0,0.0,2.3354297,0.0,0.0,0.0
ENSG00000138640,1.7250044,0.0,0.0,0.0,0.0,0.0,0.0,0.0,0.0,0.0,0.0,0.0,0.0
ENSG00000138722,0.0,3.6278026,0.0,0.0,0.0,0.0,0.0,0.0,0.0,0.0,0.0,0.0,0.0
ENSG00000184305,0.0,0.0,0.0,0.0,0.0,0.0,0.0,0.0,0.0,2.2926912,0.0,0.0,0.0
ENSG00000163106,0.0,0.0,0.0,0.0,0.0,0.0,0.0,0.0,2.7084236,0.0,0.0,0.0,0.0
ENSG00000163110,0.0,0.0,0.0,0.0,0.0,0.0,0.0,0.0,0.0,3.5011737,2.8109076,0.0,0.0
ENSG00000196616,2.5057554,0.0,0.0,1.4067374,0.0,0.0,0.0,0.0,0.0,0.0,0.0,0.0,0.0
ENSG00000164035,0.0,0.0,2.611999,0.0,0.0,0.0,0.0,0.0,0.0,0.0,0.0,0.0,0.0
ENSG00000138814,2.197936,0.0,0.0,0.0,2.3582447,0.0,0.0,0.0,0.0,0.0,0.0,0.0,0.0
ENSG00000153064,0.0,0.0,0.0,0.0,3.1501093,0.0,0.0,0.0,0.0,0.0,0.0,0.0,0.0
ENSG00000145362,0.0,0.0,0.0,0.0,0.0,0.0,0.0,0.0,0.0,2.5142376,0.0,0.0,2.6632721
ENSG00000145349,0.0,0.0,0.0,0.0,0.0,0.0,0.0,0.0,0.0,2.6569011,0.0,0.0,0.0
ENSG00000172403,0.0,0.0,0.0,0.0,0.0,0.0,0.0,0.0,0.0,2.371647,0.0,0.0,0.0
ENSG00000172399,0.0,0.0,0.0,0.0,0.0,0.0,0.0,0.0,0.0,1.4919822,2.6108298,0.0,0.0
ENSG00000145390,1.5431219,0.0,0.0,0.0,0.0,0.0,0.0,0.0,0.0,1.5520058,0.0,0.0,0.0
ENSG00000164074,0.0,0.0,0.0,0.0,0.0,0.0,0.0,0.0,0.0,0.9076193,0.0,0.0,0.0
ENSG00000109381,0.0,0.0,0.0,0.0,0.0,0.0,0.0,0.0,0.0,1.0133064,0.0,0.0,0.0
ENSG00000196782,1.1846776,0.0,0.0,0.0,0.0,2.5043788,0.0,0.0,0.0,0.0,0.0,0.0,0.0
ENSG00000170153,0.0,0.0,0.0,0.0,0.0,0.0,0.0,0.0,0.0,1.854865,0.0,0.0,0.0
ENSG00000109452,0.0,0.0,0.0,0.0,0.0,0.0,0.0,2.8109076,0.0,2.149274,0.0,0.0,0.0
ENSG00000109458,0.0,0.0,0.0,0.0,0.0,0.0,0.0,0.0,0.0,1.7144705,0.0,0.0,0.0
ENSG00000170365,0.0,2.4006271,0.0,0.0,0.0,0.0,0.0,0.0,0.0,0.0,0.0,0.0,0.0
ENSG00000071205,0.0,0.0,0.0,0.0,0.0,0.0,0.0,0.0,0.0,1.5983311,0.0,2.6973825,0.0
ENSG00000151623,0.0,0.0,0.0,0.0,0.0,0.0,0.0,0.0,0.0,1.27239,0.0,0.0,0.0
ENSG00000198589,0.0,0.0,0.0,0.0,0.0,0.0,0.0,0.0,0.0,1.5415329,0.0,0.0,0.0
ENSG00000109686,1.6827258,0.0,0.0,2.5085158,0.0,0.0,0.0,0.0,0.0,2.283065,0.0,0.0,0.0
ENSG00000109670,0.0,0.0,0.0,0.0,0.0,0.0,0.0,0.0,0.0,1.054872,0.0,0.0,0.0
ENSG00000121210,1.5961318,0.0,0.0,0.0,1.1899546,0.0,0.0,0.0,0.0,0.0,0.0,0.0,0.0
ENSG00000052795,0.0,0.0,0.0,0.0,0.0,0.0,0.0,0.0,0.0,1.897701,0.0,0.0,0.0
ENSG00000109756,0.0,0.0,0.0,0.0,0.0,0.0,0.0,0.0,0.0,1.0851946,0.0,0.0,0.0
ENSG00000129116,0.0,0.0,0.0,0.0,0.0,0.0,0.0,0.0,0.0,3.7600532,2.6297293,0.0,0.0
ENSG00000145439,0.0,0.0,0.0,0.0,0.0,0.0,0.0,0.0,0.0,1.6588962,0.0,0.0,0.0
ENSG00000150625,0.0,2.3625221,0.0,0.0,0.0,0.0,0.0,0.0,0.0,0.0,0.0,0.0,0.0
ENSG00000218336,2.0334115,0.0,0.0,0.0,0.0,0.0,0.0,0.0,0.0,0.0,0.0,0.0,1.8518711
ENSG00000173320,0.0,2.3781319,0.0,0.0,0.0,0.0,0.0,0.0,0.0,0.0,0.0,0.0,0.0
ENSG00000151726,3.110677,0.0,0.0,0.0,0.0,0.0,0.0,0.0,0.0,0.0,0.0,0.0,0.0
ENSG00000151729,0.0,0.0,0.0,0.0,0.0,0.0,0.0,0.0,0.0,0.0,3.337087,0.0,0.0
ENSG00000154556,0.0,0.0,0.0,0.0,0.0,0.0,0.0,0.0,0.0,3.752636,2.256228,0.0,2.5537615
ENSG00000145494,0.0,0.0,0.0,0.0,0.0,0.0,0.0,0.0,0.0,0.0,1.3738986,0.0,0.0
ENSG00000112902,0.0,0.0,0.0,0.0,0.0,0.0,0.0,0.0,0.0,0.74279743,0.0,0.0,0.0
ENSG00000169862,0.0,0.0,0.0,0.0,0.0,0.0,0.0,0.0,0.0,1.1996155,0.0,0.0,0.0
ENSG00000038382,1.4556597,0.0,0.0,0.0,0.0,0.0,0.0,0.0,0.0,1.5312976,0.0,0.0,0.0
ENSG00000154122,0.0,0.0,0.0,0.0,0.0,0.0,0.0,0.0,0.0,0.9797888,0.0,0.0,0.0
ENSG00000183580,1.258146,2.5472264,2.3893034,2.9595814,0.0,0.0,0.0,0.0,0.0,2.0497425,0.0,0.0,0.0
ENSG00000154153,0.0,0.0,0.0,0.0,0.0,0.0,0.0,0.0,0.0,1.9761678,0.0,0.0,0.0
ENSG00000133401,1.9018098,0.0,0.0,0.0,0.0,0.0,0.0,0.0,0.0,2.6305256,0.0,3.0163913,0.0
ENSG00000056097,0.0,0.0,0.0,0.0,0.0,0.0,0.0,0.0,0.0,0.8372169,0.0,0.0,0.0
ENSG00000079215,1.7219784,0.0,0.0,0.0,0.0,2.4355497,0.0,0.0,0.0,2.1116865,0.0,0.0,0.0
ENSG00000164190,0.0,0.0,0.0,0.0,0.0,0.0,0.0,0.0,0.0,1.1816925,0.0,0.0,0.0
ENSG00000164327,0.0,0.0,0.0,0.0,0.0,0.0,0.0,0.0,0.0,1.4685632,0.0,0.0,0.0
ENSG00000112936,2.0397859,0.0,0.0,2.6725674,0.0,0.0,0.0,0.0,0.0,0.0,0.0,0.0,0.0
ENSG00000182836,0.0,0.0,0.0,0.0,0.0,0.0,0.0,0.0,0.0,2.8380454,0.0,0.0,0.0
ENSG00000112964,3.3125494,0.0,0.0,0.0,0.0,0.0,0.0,0.0,0.0,0.0,0.0,0.0,0.0
ENSG00000112992,0.0,0.0,0.0,0.0,0.0,0.0,0.0,0.0,0.0,1.3969253,0.0,0.0,0.0
ENSG00000151883,0.0,0.0,0.0,0.0,0.0,0.0,2.7019117,2.8591888,0.0,0.0,0.0,0.0,0.0
ENSG00000185305,0.0,2.2362752,2.6084962,2.302675,0.0,0.0,0.0,0.0,0.0,1.4914483,0.0,0.0,0.0
ENSG00000169271,0.0,0.0,0.0,0.0,0.0,0.0,0.0,0.0,0.0,1.1862553,0.0,0.0,0.0
ENSG00000067113,0.0,0.0,2.245964,0.0,0.0,0.0,0.0,0.0,0.0,1.3012257,0.0,0.0,1.9522673
ENSG00000113448,0.0,1.4591986,0.0,0.0,0.0,0.0,0.0,0.0,0.0,1.853502,0.0,0.0,0.0
ENSG00000130449,0.0,0.0,0.0,0.0,0.0,2.0661256,0.0,0.0,0.0,0.0,0.0,0.0,0.0
ENSG00000069020,2.0797915,0.0,0.0,0.0,0.0,0.0,0.0,0.0,0.0,2.5772214,0.0,0.0,0.0
ENSG00000145675,0.0,0.0,0.0,0.0,0.0,0.0,0.0,0.0,0.0,1.4758968,0.0,0.0,0.0
ENSG00000249437,0.0,0.0,0.0,0.0,0.0,1.4119978,0.0,0.0,0.0,0.0,0.0,0.0,0.0
ENSG00000145703,0.0,0.0,0.0,0.0,0.0,0.0,2.7567935,2.213024,0.0,0.0,0.0,0.0,0.0
ENSG00000113231,1.4285367,0.0,0.0,0.0,0.0,0.0,0.0,0.0,0.0,0.0,0.0,0.0,0.0
ENSG00000152413,0.0,0.0,0.0,0.0,0.0,0.0,0.0,0.0,0.0,1.4953295,0.0,0.0,0.0
ENSG00000164329,0.0,0.0,0.0,0.0,0.0,0.0,0.0,0.0,0.0,1.1445482,0.0,0.0,0.0
ENSG00000164309,0.0,0.0,0.0,0.0,0.0,0.0,0.0,0.0,0.0,2.1892056,2.7371826,0.0,0.0
ENSG00000131730,0.0,0.0,0.0,0.0,0.0,0.0,0.0,0.0,0.0,2.3355956,2.0794852,0.0,0.0
ENSG00000145687,0.0,0.0,0.0,2.0865614,0.0,0.0,0.0,0.0,0.0,1.2841642,0.0,0.0,0.0
ENSG00000127184,0.0,0.0,0.0,0.0,0.0,0.0,0.0,0.0,0.0,0.0,3.2414207,0.0,0.0
ENSG00000081189,0.0,1.9229517,1.8772593,0.0,3.0275412,2.2791204,0.0,0.0,0.0,0.96961504,0.0,2.366233,0.0
ENSG00000164292,2.3104074,0.0,0.0,0.0,0.0,0.0,0.0,0.0,0.0,0.9519809,0.0,0.0,0.0
ENSG00000118985,1.9380656,0.0,0.0,0.0,0.0,0.0,0.0,0.0,0.0,1.107762,0.0,0.0,0.0
ENSG00000153113,0.0,0.0,0.0,0.0,0.0,0.0,0.0,0.0,0.0,1.3132209,0.0,0.0,0.0
ENSG00000145730,0.0,0.0,0.0,0.0,0.0,0.0,0.0,0.0,0.0,2.3108163,1.7272826,0.0,0.0
ENSG00000184349,2.1271577,3.0182397,0.0,0.0,0.0,0.0,0.0,0.0,0.0,2.4866133,0.0,0.0,0.0
ENSG00000145743,1.5431219,0.0,0.0,0.0,0.0,0.0,0.0,0.0,0.0,1.7291868,0.0,0.0,0.0
ENSG00000151422,0.0,0.0,0.0,0.0,0.0,0.0,0.0,0.0,2.6769695,0.0,0.0,0.0,0.0
ENSG00000145781,0.0,0.0,0.0,0.0,0.0,0.0,0.0,0.0,0.0,1.0137535,0.0,0.0,0.0
ENSG00000092421,0.0,1.5898882,0.0,0.0,0.0,0.0,0.0,0.0,0.0,0.0,0.0,0.0,0.0
ENSG00000173926,0.0,0.0,0.0,0.0,0.0,0.0,0.0,0.0,0.0,1.2814637,0.0,0.0,0.0
ENSG00000158985,0.0,0.0,0.0,0.0,2.4163723,0.0,0.0,0.0,0.0,0.0,0.0,0.0,0.0
ENSG00000164405,0.0,0.0,0.0,0.0,0.0,0.0,0.0,0.0,0.0,0.0,2.7149842,0.0,0.0
ENSG00000213585,0.0,0.0,0.0,0.0,0.0,0.0,0.0,0.0,0.0,0.0,1.4566687,0.0,0.0
ENSG00000031003,0.0,0.0,0.0,0.0,0.0,0.0,0.0,0.0,0.0,1.5079391,0.0,0.0,0.0
ENSG00000044115,0.0,0.0,0.0,0.0,0.0,0.0,0.0,0.0,0.0,1.3343678,0.0,0.0,0.0
ENSG00000120725,0.0,0.0,0.0,0.0,0.0,0.0,0.0,0.0,0.0,1.104109,0.0,0.0,0.0
ENSG00000145819,0.0,0.0,0.0,0.0,0.0,2.3178005,0.0,0.0,0.0,2.124558,0.0,0.0,0.0
ENSG00000156463,0.0,0.0,0.0,0.0,0.0,0.0,0.0,0.0,0.0,0.0,1.0989459,0.0,0.0
ENSG00000113712,0.0,0.0,0.0,0.0,0.0,0.0,0.0,0.0,0.0,1.6528962,0.0,0.0,0.0
ENSG00000155846,0.0,0.0,0.0,0.0,0.0,0.0,0.0,0.0,0.0,0.86961895,0.0,0.0,0.0
ENSG00000113721,0.0,0.0,0.0,0.0,0.0,0.0,0.0,0.0,0.0,0.0,0.0,3.1520472,0.0
ENSG00000019582,0.0,0.0,0.0,0.0,3.1501093,0.0,0.0,0.0,0.0,0.0,0.0,0.0,0.0
ENSG00000171992,0.0,0.0,0.0,0.0,0.0,0.0,0.0,0.0,0.0,0.0,1.2308803,0.0,0.0
ENSG00000211445,1.0520746,0.0,0.0,0.0,0.0,0.0,0.0,0.0,0.0,0.0,1.9742963,0.0,0.0
ENSG00000170624,0.0,0.0,0.0,0.0,0.0,0.0,0.0,0.0,0.0,3.460288,0.0,0.0,0.0
ENSG00000164330,4.062903,0.0,0.0,3.2695858,0.0,0.0,0.0,0.0,0.0,0.0,0.0,3.085428,0.0
ENSG00000145934,0.0,0.0,0.0,0.0,0.0,0.0,0.0,0.0,0.0,2.0311065,0.0,0.0,0.0
ENSG00000184347,1.2761012,0.0,0.0,0.0,0.0,0.0,0.0,0.0,0.0,0.0,0.0,0.0,0.0
ENSG00000120129,0.0,0.0,0.0,0.0,0.0,1.8591979,0.0,0.0,0.0,0.0,0.0,0.0,0.0
ENSG00000113742,0.0,0.0,0.0,0.0,0.0,0.0,0.0,0.0,0.0,2.4535942,0.0,0.0,0.0
ENSG00000204628,0.0,0.0,0.0,0.0,0.0,0.0,0.0,0.0,0.0,0.0,1.1499271,0.0,0.0
ENSG00000145982,0.0,0.0,0.0,0.0,0.0,0.0,0.0,0.0,0.0,0.7308715,0.0,0.0,0.0
ENSG00000124491,0.0,0.0,0.0,0.0,0.0,2.4695115,0.0,0.0,0.0,0.0,0.0,0.0,0.0
ENSG00000111846,0.0,0.0,0.0,0.0,0.0,0.0,0.0,0.0,0.0,1.2412757,0.0,0.0,0.0
ENSG00000112137,0.0,0.0,0.0,0.0,0.0,0.0,0.0,0.0,0.0,2.417208,0.0,0.0,0.0
ENSG00000124788,0.0,0.0,0.0,0.0,0.0,0.0,0.0,0.0,0.0,1.7694728,0.0,0.0,0.0
ENSG00000112186,0.0,0.0,0.0,0.0,0.0,0.0,0.0,0.0,0.0,1.3700544,0.0,0.0,0.0
ENSG00000137177,0.0,0.0,0.0,0.0,0.0,0.0,0.0,0.0,0.0,1.7406249,0.0,0.0,0.0
ENSG00000145996,1.0754282,0.0,0.0,0.0,0.9460891,0.0,0.0,0.0,0.0,1.1633708,0.0,0.0,0.0
ENSG00000111913,0.0,0.0,0.0,0.0,2.8809078,0.0,2.554308,2.9385843,0.0,0.0,0.0,0.0,0.0
ENSG00000079691,0.0,0.0,0.0,0.0,0.0,1.9807322,0.0,0.0,0.0,0.0,0.0,0.0,0.0
ENSG00000206503,0.0,0.0,0.0,0.0,0.0,0.0,2.7071173,0.0,0.0,0.0,0.0,0.0,0.0
ENSG00000204525,0.0,0.0,0.0,0.0,2.7416315,0.0,2.097141,0.0,0.0,0.0,0.0,0.0,0.0
ENSG00000234745,0.0,0.0,0.0,0.0,0.0,0.0,2.8317087,0.0,0.0,0.0,0.0,0.0,0.0
ENSG00000064999,0.0,0.0,0.0,0.0,0.0,0.0,0.0,0.0,0.0,0.9350218,0.0,0.0,0.0
ENSG00000096060,2.9009807,0.0,0.0,2.7258513,0.0,3.7253518,0.0,3.0090346,2.8530083,1.8972192,0.0,0.0,2.428073
ENSG00000156639,2.1291132,2.050627,0.0,0.0,0.94251806,2.5043788,2.554308,0.0,0.0,1.9650079,0.0,0.0,0.0
ENSG00000183826,0.0,0.0,0.0,0.0,0.0,0.0,0.0,0.0,0.0,1.6205161,0.0,0.0,0.0
ENSG00000112576,0.0,0.0,0.0,0.0,3.120432,0.0,3.1373453,3.105571,0.0,0.0,0.0,0.0,0.0
ENSG00000024048,0.0,0.0,0.0,0.0,0.0,0.0,0.0,0.0,0.0,1.0951576,0.0,0.0,0.0
ENSG00000124571,0.0,0.0,0.0,0.0,0.0,0.0,0.0,0.0,0.0,0.0,2.3715003,0.0,0.0
ENSG00000096384,0.0,0.0,0.0,0.0,0.0,0.0,0.0,0.0,0.0,0.0,1.6409688,0.0,0.0
ENSG00000112782,0.0,0.0,0.0,0.0,0.0,0.0,0.0,0.0,0.0,1.1665581,0.0,0.0,0.0
ENSG00000172348,0.0,0.0,0.0,0.0,0.0,0.0,0.0,0.0,0.0,2.2182627,0.0,0.0,0.0
ENSG00000124743,0.0,0.0,0.0,0.0,0.0,0.0,0.0,0.0,0.0,0.9237043,0.0,0.0,0.0
ENSG00000146147,0.0,0.0,0.0,0.0,0.0,0.0,0.0,0.0,0.0,3.3513286,0.0,0.0,0.0
ENSG00000151914,0.0,0.0,0.0,0.0,0.0,0.0,0.0,0.0,0.0,2.3273454,0.0,0.0,3.0031204
ENSG00000135298,0.0,0.0,0.0,2.5327032,0.0,0.0,0.0,0.0,0.0,0.0,0.0,2.5838013,3.4285016
ENSG00000203907,0.0,0.0,0.0,0.0,0.0,0.0,0.0,0.0,0.0,0.0,2.3323696,0.0,0.0
ENSG00000112695,0.0,0.0,0.0,0.0,0.0,0.0,0.0,0.0,0.0,0.0,2.4082625,0.0,0.0
ENSG00000118407,0.0,0.0,0.0,0.0,0.0,0.0,0.0,0.0,0.0,2.2478545,0.0,0.0,0.0
ENSG00000118418,1.0875362,0.0,0.0,0.0,0.0,0.0,0.0,0.0,0.0,1.1405746,0.0,0.0,0.0
ENSG00000083123,1.861718,0.0,0.0,0.0,0.0,0.0,0.0,0.0,0.0,0.0,0.0,0.0,0.0
ENSG00000112773,0.0,0.0,0.0,0.0,0.0,0.0,0.0,0.0,0.0,1.510134,0.0,0.0,0.0
ENSG00000132424,1.4632677,0.0,0.0,0.0,0.0,0.0,0.0,0.0,0.0,1.3974981,0.0,0.0,0.0
ENSG00000112335,0.0,0.0,0.0,0.0,0.0,0.0,0.0,0.0,0.0,0.0,0.86753094,0.0,0.0
ENSG00000118689,2.0797915,0.0,0.0,2.2181168,0.0,0.0,0.0,0.0,0.0,1.7785492,0.0,0.0,0.0
ENSG00000080546,0.0,0.0,0.0,0.0,0.0,2.345066,0.0,0.0,0.0,1.6793463,0.0,0.0,0.0
ENSG00000009413,1.1785685,0.0,0.0,0.0,0.0,0.0,0.0,0.0,0.0,1.2897629,0.0,0.0,0.0
ENSG00000010810,0.0,0.0,0.0,0.0,0.0,0.0,2.7679136,2.3852644,0.0,0.0,0.0,0.0,0.0
ENSG00000112769,1.818935,0.0,0.0,0.0,0.0,0.0,0.0,0.0,0.0,0.0,0.0,0.0,0.0
ENSG00000196376,0.0,0.0,0.0,0.0,0.0,0.0,0.0,0.0,0.0,0.0,0.0,0.0,2.0572243
ENSG00000198523,0.0,0.0,0.0,0.0,0.0,0.0,0.0,0.0,0.0,1.8435845,3.574087,0.0,0.0
ENSG00000111885,0.0,0.0,0.0,0.0,0.0,2.1255326,0.0,0.0,0.0,0.0,0.0,0.0,0.0
ENSG00000186439,0.0,0.0,0.0,0.0,0.0,0.0,0.0,0.0,0.0,2.5269623,2.380443,0.0,0.0
ENSG00000172673,0.0,0.0,0.0,0.0,0.0,0.0,0.0,2.4484868,0.0,0.0,0.0,0.0,0.0
ENSG00000152894,0.0,0.0,0.0,0.0,0.0,0.0,0.0,0.0,0.0,2.272614,0.0,2.2535563,0.0
ENSG00000196569,0.0,0.0,0.0,4.7898583,0.0,0.0,0.0,0.0,0.0,3.7453146,0.0,0.0,2.2333858
ENSG00000146376,0.0,0.0,0.0,0.0,0.0,0.0,0.0,0.0,1.5134404,0.0,0.0,0.0,0.0
ENSG00000164483,0.0,0.0,0.0,0.0,0.0,0.0,2.195094,0.0,0.0,0.0,0.0,0.0,0.0
ENSG00000079819,1.6295782,0.0,0.0,0.0,0.0,0.0,0.0,0.0,0.0,0.0,0.0,0.0,0.0
ENSG00000112319,0.0,0.0,0.0,0.0,0.0,0.0,0.0,0.0,0.0,1.4978855,0.0,0.0,0.0
ENSG00000197442,0.0,0.0,0.0,0.0,0.0,0.0,0.0,0.0,0.0,1.133384,0.0,0.0,0.0
ENSG00000164440,0.0,0.0,0.0,0.0,0.0,0.0,0.0,0.0,0.0,1.0692327,0.0,0.0,0.0
ENSG00000146416,0.0,0.0,0.0,0.0,0.0,0.0,0.0,0.0,0.0,1.5231826,0.0,0.0,0.0
ENSG00000152818,0.0,2.5980725,2.4538152,0.0,0.9460891,0.0,0.0,0.0,0.0,0.8985454,0.0,2.481979,0.0
ENSG00000111961,0.0,2.8499343,2.0064783,2.078567,0.0,0.0,0.0,0.0,0.0,0.0,0.0,0.0,0.0
ENSG00000120278,0.0,2.3816903,0.0,0.0,0.0,0.0,0.0,0.0,0.0,0.0,0.0,0.0,0.0
ENSG00000131016,2.047976,0.0,0.0,0.0,0.0,0.0,0.0,0.0,0.0,0.0,0.0,0.0,0.0
ENSG00000131018,0.0,1.8644773,2.6782317,0.0,0.0,0.0,0.0,0.0,0.0,1.0889727,0.0,0.0,0.0
ENSG00000213079,0.0,0.0,0.0,0.0,0.0,0.0,0.0,0.0,0.0,0.84928375,0.0,0.0,0.0
ENSG00000146426,0.0,0.0,0.0,0.0,0.0,0.0,0.0,0.0,0.0,1.0153226,0.0,0.0,0.0
ENSG00000049618,2.3519182,2.263916,0.0,2.1922622,3.0294108,0.0,0.0,0.0,0.0,2.024233,0.0,1.8784754,0.0
ENSG00000175048,0.0,2.0828617,0.0,0.0,0.0,0.0,0.0,0.0,0.0,0.0,0.0,0.0,0.0
ENSG00000130340,1.4431833,0.0,0.0,0.0,0.0,0.0,0.0,0.0,0.0,0.0,0.0,0.0,0.0
ENSG00000164674,0.0,0.0,0.0,0.0,0.0,0.0,2.3502,0.0,0.0,0.0,0.0,0.0,0.0
ENSG00000291237,0.0,0.0,0.0,0.0,0.0,0.0,0.0,0.0,0.0,0.0,1.4246892,0.0,0.0
ENSG00000185345,2.3192458,0.0,0.0,0.0,0.0,0.0,0.0,0.0,0.0,2.6466115,0.0,0.0,0.0
ENSG00000112530,0.0,0.0,0.0,0.0,0.0,0.0,0.0,0.0,0.0,1.7380133,0.0,0.0,0.0
ENSG00000112531,1.9380656,0.0,0.0,0.0,0.0,2.1446013,0.0,0.0,0.0,2.8227344,0.0,0.0,2.1575298
ENSG00000198286,0.0,0.0,0.0,0.0,1.8886071,0.0,2.270898,0.0,0.0,0.0,0.0,0.0,0.0
ENSG00000075624,0.0,0.0,0.0,0.0,0.0,0.0,2.6909518,0.0,0.0,1.8859844,0.0,0.0,0.0
ENSG00000189043,0.0,0.0,0.0,0.0,0.0,0.0,0.0,0.0,0.0,0.0,3.4356823,0.0,0.0
ENSG00000048052,0.0,0.0,0.0,0.0,2.1360438,2.8939679,0.0,0.0,0.0,2.0056427,0.0,0.0,0.0
ENSG00000196683,0.0,0.0,0.0,0.0,0.0,0.0,0.0,0.0,0.0,0.0,1.9441979,0.0,0.0
ENSG00000122550,0.0,0.0,0.0,0.0,0.0,0.0,0.0,0.0,0.0,1.6078398,0.0,0.0,0.0
ENSG00000172115,0.0,0.0,0.0,0.0,0.0,0.0,0.0,0.0,0.0,0.0,2.876409,0.0,0.0
ENSG00000153814,0.0,0.0,0.0,0.0,0.0,0.0,0.0,0.0,0.0,1.6535792,0.0,0.0,0.0
ENSG00000106066,0.0,0.0,0.0,0.0,0.0,0.0,0.0,0.0,0.0,1.3660172,0.0,0.0,0.0
ENSG00000106069,0.0,0.0,0.0,0.0,0.0,1.934765,0.0,0.0,2.6807609,2.2264318,0.0,0.0,0.0
ENSG00000154678,0.0,0.0,0.0,0.0,0.0,0.0,0.0,0.0,0.0,2.070654,0.0,2.1605663,0.0
ENSG00000122547,1.5466028,0.0,0.0,0.0,0.0,0.0,0.0,0.0,0.0,0.0,0.0,0.0,0.0
ENSG00000136250,0.0,0.0,0.0,0.0,0.0,0.0,2.9284763,0.0,0.0,0.0,0.0,0.0,0.0
ENSG00000155849,0.0,1.2250758,2.7045107,0.0,2.7957273,2.5385904,0.0,0.0,2.5423577,0.0,0.0,0.0,0.0
ENSG00000065883,0.0,0.0,0.0,0.0,0.0,0.0,0.0,0.0,0.0,1.0456892,0.0,0.0,0.0
ENSG00000164708,0.0,0.0,0.0,0.0,0.0,0.0,0.0,0.0,0.0,0.0,1.7426629,0.0,0.0
ENSG00000105953,0.0,0.0,0.0,0.0,0.0,0.0,0.0,0.0,0.0,1.3651478,0.0,0.0,0.0
ENSG00000188730,0.0,0.0,0.0,0.0,0.0,0.0,0.0,0.0,0.0,1.179972,0.0,0.0,0.0
ENSG00000185811,0.0,0.0,0.0,0.0,0.0,0.0,2.1685889,2.6663167,0.0,0.0,0.0,0.0,0.0
ENSG00000106153,0.0,0.0,0.0,0.0,0.0,0.0,0.0,0.0,0.0,0.0,2.0965147,0.0,0.0
ENSG00000196715,1.7219784,0.0,0.0,0.0,0.0,0.0,0.0,0.0,0.0,0.0,0.0,0.0,0.0
ENSG00000158321,2.2898154,2.5664275,0.0,1.8137606,2.4977002,0.0,0.0,0.0,0.0,1.6269453,0.0,2.2284093,0.0
ENSG00000185274,0.0,0.0,0.0,0.0,0.0,0.0,0.0,0.0,0.0,2.32429,0.0,0.0,0.0
ENSG00000009950,1.6827258,0.0,0.0,0.0,0.0,0.0,0.0,0.0,0.0,0.0,0.0,0.0,0.0
ENSG00000006704,0.0,0.0,0.0,0.0,0.0,0.0,0.0,0.0,0.0,0.80857635,0.0,0.0,0.0
ENSG00000263001,0.0,0.0,0.0,0.0,0.0,0.0,0.0,0.0,0.0,0.8676111,0.0,0.0,0.0
ENSG00000127946,0.0,0.0,0.0,0.0,0.0,0.0,0.0,0.0,0.0,0.0,0.0,2.3843699,0.0
ENSG00000106211,0.0,0.0,0.0,0.0,0.0,0.0,0.0,0.0,0.0,0.0,2.9944983,0.0,0.0
ENSG00000187391,2.443192,0.0,0.0,0.0,0.0,0.0,0.0,0.0,0.0,2.0691414,0.0,0.0,0.0
ENSG00000135218,2.6744514,2.9713638,2.6877544,0.0,0.0,0.0,0.0,0.0,0.0,2.960883,1.8035223,3.0589223,0.0
ENSG00000075223,0.0,0.0,0.0,0.0,0.0,0.0,0.0,0.0,0.0,0.0,0.0,0.0,2.0429997
ENSG00000153956,1.9534912,0.0,0.0,0.0,0.0,0.0,0.0,0.0,0.0,2.342086,0.0,0.0,0.0
ENSG00000075213,0.0,2.0598288,0.0,0.0,0.0,0.0,0.0,0.0,0.0,0.0,0.0,0.0,0.0
ENSG00000058091,0.0,0.0,0.0,0.0,0.0,0.0,0.0,0.0,0.0,0.8619621,0.0,0.0,0.0
ENSG00000127914,0.0,0.0,0.0,0.0,0.0,0.0,0.0,0.0,0.0,1.5486419,0.0,0.0,0.0
ENSG00000001629,0.0,0.0,0.0,0.0,0.0,0.0,0.0,0.0,0.0,0.96799207,0.0,0.0,0.0
ENSG00000158528,0.0,0.0,0.0,0.0,0.0,0.0,0.0,0.0,0.0,1.321023,0.0,0.0,0.0
ENSG00000004799,1.2310519,0.0,0.0,0.0,0.0,1.9403595,0.0,0.0,0.0,2.6525464,0.0,0.0,0.0
ENSG00000158560,0.0,0.0,0.0,0.0,0.0,0.0,0.0,0.0,0.0,1.3836751,0.0,0.0,0.0
ENSG00000006453,0.0,0.0,0.0,0.0,0.0,0.0,0.0,0.0,0.0,0.0,1.6993284,0.0,0.0
ENSG00000257923,0.0,0.0,0.0,1.7712249,0.0,0.0,0.0,0.0,0.0,2.218847,0.0,0.0,0.0
ENSG00000205238,0.0,0.0,0.0,0.0,2.5865293,0.0,0.0,0.0,0.0,1.2973468,0.0,0.0,0.0
ENSG00000005483,0.0,0.0,0.0,0.0,0.0,0.0,0.0,0.0,0.0,0.6143941,0.0,0.0,0.0
ENSG00000135250,0.0,0.0,0.0,0.0,0.0,0.0,0.0,0.0,0.0,1.5553873,0.0,0.0,0.0
ENSG00000005249,2.6937325,0.0,0.0,0.0,0.0,0.0,0.0,0.0,0.0,0.0,0.0,0.0,0.0
ENSG00000164597,0.0,0.0,0.0,0.0,0.0,0.0,0.0,0.0,0.0,1.4795524,0.0,0.0,0.0
ENSG00000091138,0.0,0.0,0.0,0.0,0.0,0.0,0.0,0.0,0.0,0.0,1.2302799,0.0,0.0
ENSG00000091136,2.1402867,0.0,0.0,0.0,0.0,0.0,0.0,0.0,0.0,0.0,0.0,0.0,0.0
ENSG00000184903,2.407036,0.0,0.0,0.0,0.0,0.0,0.0,0.0,0.0,1.4676205,0.0,2.4976988,0.0
ENSG00000128512,0.0,0.0,2.2054443,0.0,0.0,0.0,0.0,0.0,0.0,0.67241204,0.0,0.0,0.0
ENSG00000128573,2.1291132,0.0,0.0,2.3306916,0.0,0.0,0.0,0.0,0.0,0.0,0.0,0.0,0.0
ENSG00000135272,1.722356,0.0,0.0,0.0,0.0,0.0,0.0,0.0,0.0,0.0,0.0,0.0,0.0
ENSG00000105971,0.0,0.0,0.0,0.0,0.0,0.0,0.0,0.0,0.0,1.1782571,0.0,0.0,0.0
ENSG00000004866,0.0,0.0,0.0,0.0,0.0,0.0,0.0,0.0,0.0,1.6021183,0.0,0.0,0.0
ENSG00000106034,0.0,0.0,0.0,0.0,0.0,0.0,0.0,0.0,0.0,1.4218193,0.0,0.0,0.0
ENSG00000128609,0.0,0.0,0.0,0.0,0.0,0.0,0.0,0.0,0.0,0.0,1.1410816,0.0,0.0
ENSG00000170807,0.0,0.0,0.0,0.0,0.0,0.0,0.0,0.0,0.0,2.038042,1.7284245,0.0,0.0
ENSG00000128591,0.0,0.0,0.0,0.0,0.0,0.0,0.0,0.0,0.0,0.0,1.9309744,0.0,0.0
ENSG00000186591,0.0,0.0,0.0,0.0,0.0,0.0,0.0,0.0,0.0,1.3417302,0.0,0.0,0.0
ENSG00000128585,1.8172061,0.0,0.0,0.0,0.0,0.0,0.0,0.0,0.0,1.7552146,0.0,2.430336,0.0
ENSG00000221866,2.5033476,0.0,0.0,0.0,0.0,0.0,0.0,0.0,0.0,0.0,0.0,0.0,0.0
ENSG00000106554,0.0,0.0,0.0,0.0,0.0,0.0,0.0,0.0,0.0,1.3785447,2.4256234,0.0,0.0
ENSG00000131558,1.775692,1.8198011,0.0,0.0,0.0,0.0,0.0,0.0,0.0,1.6279315,0.0,0.0,0.0
ENSG00000122786,0.0,0.0,0.0,0.0,0.0,0.0,0.0,0.0,0.0,2.4155815,0.0,3.0177774,0.0
ENSG00000181072,0.0,0.0,0.0,0.0,0.0,0.0,0.0,0.0,0.0,2.2430222,0.0,0.0,0.0
ENSG00000064393,1.722356,0.0,0.0,0.0,0.0,0.0,0.0,0.0,0.0,0.9368112,0.0,0.0,0.0
ENSG00000059377,0.0,0.0,0.0,0.0,0.0,2.5142376,0.0,0.0,0.0,0.0,0.0,0.0,0.0
ENSG00000090266,0.0,0.0,0.0,0.0,0.0,0.0,0.0,0.0,0.0,0.0,1.7591833,0.0,0.0
ENSG00000157764,0.0,0.0,0.0,0.0,0.0,0.0,0.0,0.0,0.0,1.4441721,0.0,0.0,0.0
ENSG00000261115,0.0,0.0,0.0,0.0,0.0,0.0,0.0,0.0,0.0,1.717464,0.0,0.0,0.0
ENSG00000106617,0.0,0.0,0.0,0.0,0.0,0.0,0.0,0.0,0.0,1.7521344,0.0,0.0,0.0
ENSG00000055609,1.4168293,0.0,0.0,0.0,0.0,0.0,0.0,0.0,0.0,1.1971102,0.0,0.0,0.0
ENSG00000169084,0.0,0.0,0.0,0.0,0.0,0.0,0.0,0.0,0.0,1.3119307,0.0,0.0,0.0
ENSG00000205542,0.0,0.0,2.6351202,0.0,0.0,0.0,3.6530964,0.0,0.0,0.0,0.0,0.0,0.0
ENSG00000046653,0.0,0.0,0.0,0.0,0.0,0.0,0.0,0.0,0.0,0.0,0.0,0.0,3.0104122
ENSG00000188158,1.6378735,0.0,0.0,0.0,0.0,0.0,0.0,0.0,0.0,0.0,0.0,0.0,0.0
ENSG00000091482,0.0,0.0,0.0,0.0,0.0,0.0,0.0,0.0,0.0,0.0,2.635721,0.0,0.0
ENSG00000130066,2.0521038,0.0,0.0,0.0,0.0,2.3781319,0.0,0.0,0.0,0.62097067,0.0,0.0,0.0
ENSG00000184831,0.0,0.0,0.0,0.0,0.0,0.0,0.0,0.0,0.0,0.0,2.176171,0.0,0.0
ENSG00000169306,0.0,0.0,0.0,0.0,0.0,0.0,0.0,0.0,0.0,2.462935,0.0,0.0,2.7176232
ENSG00000198947,2.6257577,0.0,0.0,0.0,0.0,0.0,0.0,0.0,0.0,4.1834884,0.0,2.17548,0.0
ENSG00000189221,1.5751399,0.0,0.0,0.0,0.0,0.0,0.0,0.0,0.0,0.0,0.0,0.0,0.0
ENSG00000179222,0.0,0.0,0.0,0.0,0.0,0.0,0.0,0.0,0.0,0.898718,0.0,0.0,0.0
ENSG00000147099,0.0,0.0,0.0,0.0,0.0,0.0,0.0,0.0,0.0,0.873827,0.0,0.0,0.0
ENSG00000131174,0.0,0.0,0.0,0.0,0.0,0.0,0.0,0.0,0.0,0.0,2.9085948,0.0,0.0
ENSG00000147202,1.9772393,0.0,0.0,0.0,0.0,2.092456,0.0,0.0,0.0,1.5060248,0.0,2.4900556,0.0
ENSG00000157600,0.0,0.0,0.0,0.0,0.0,0.0,0.0,0.0,0.0,1.0662265,0.0,0.0,0.0
ENSG00000125356,0.0,0.0,0.0,0.0,0.0,0.0,0.0,0.0,0.0,0.0,2.4040544,0.0,0.0
ENSG00000022267,0.0,0.0,0.0,0.0,0.0,0.0,0.0,0.0,0.0,0.0,1.3156103,0.0,0.0
ENSG00000036448,0.0,0.0,0.0,0.0,0.0,0.0,0.0,0.0,0.0,1.8113587,1.9447111,0.0,0.0
ENSG00000136573,0.0,0.0,0.0,0.0,0.94251806,0.0,0.0,0.0,0.0,0.0,0.0,0.0,0.0
ENSG00000136574,0.0,0.0,0.0,0.0,0.0,0.0,0.0,0.0,0.0,1.8640168,0.0,0.0,0.0
ENSG00000164741,3.290819,0.0,0.0,1.9984417,0.0,0.0,0.0,0.0,0.0,2.0695949,0.0,4.7372694,3.1376975
ENSG00000129422,0.0,0.0,0.0,0.0,0.0,0.0,0.0,0.0,0.0,1.6582079,0.0,0.0,0.0
ENSG00000078674,0.0,0.0,0.0,0.0,0.0,0.0,0.0,0.0,0.0,0.96175814,0.0,0.0,0.0
ENSG00000104763,0.0,0.0,0.0,0.0,0.0,0.0,0.0,0.0,0.0,0.0,1.7378201,0.0,0.0
ENSG00000156011,0.0,0.0,0.0,0.0,0.0,0.0,0.0,0.0,0.0,2.9368918,0.0,0.0,0.0
ENSG00000147408,0.0,0.0,0.0,0.0,0.0,0.0,0.0,0.0,0.0,0.9809334,0.0,0.0,0.0
ENSG00000175445,2.6257577,0.0,0.0,0.0,0.0,0.0,0.0,0.0,0.0,0.0,0.0,0.0,0.0
ENSG00000120910,0.0,0.0,0.0,0.0,1.0728002,0.0,0.0,0.0,0.0,1.0556045,0.0,0.0,0.0
ENSG00000134020,0.0,0.0,0.0,0.0,0.0,0.0,0.0,0.0,0.0,0.74721444,0.0,0.0,0.0
ENSG00000042980,0.0,0.0,0.0,0.0,1.0728002,0.0,0.0,0.0,0.0,0.0,0.0,0.0,0.0
ENSG00000147459,0.0,2.4749737,0.0,0.0,0.0,0.0,0.0,0.0,0.0,1.2822788,0.0,0.0,2.2803078
ENSG00000104765,1.6788144,0.0,0.0,0.0,0.0,0.0,0.0,0.0,0.0,0.0,0.0,0.0,0.0
ENSG00000120907,1.345499,0.0,0.0,0.0,0.0,0.0,0.0,0.0,0.0,0.0,0.0,0.0,0.0
ENSG00000157110,2.2667532,0.0,0.0,0.0,0.0,0.0,0.0,0.0,0.0,2.214621,0.0,2.6521087,0.0
ENSG00000147526,0.0,0.0,2.8939679,0.0,0.0,0.0,0.0,0.0,0.0,0.0,0.0,0.0,0.0
ENSG00000168575,0.0,0.0,0.0,0.0,0.0,0.0,0.0,0.0,0.0,1.4222968,0.0,0.0,0.0
ENSG00000164808,0.0,0.0,0.0,0.0,0.0,2.4242153,0.0,0.0,0.0,0.0,0.0,0.0,0.0
ENSG00000221869,0.0,0.0,0.0,1.9750978,0.0,2.1820803,0.0,0.0,0.0,0.0,0.0,0.0,0.0
ENSG00000147485,0.0,0.0,0.0,0.0,0.0,0.0,0.0,0.0,0.0,2.3145065,0.0,0.0,0.0
ENSG00000206579,0.0,0.0,0.0,0.0,0.0,0.0,0.0,0.0,0.0,0.0,0.0,0.0,3.1853185
ENSG00000198363,2.2558453,0.0,0.0,0.0,0.0,0.0,0.0,0.0,0.0,0.0,0.0,0.0,0.0
ENSG00000066855,0.0,0.0,0.0,0.0,0.0,0.0,0.0,0.0,0.0,1.1954999,0.0,0.0,0.0
ENSG00000205268,0.0,0.0,0.0,0.0,0.0,0.0,0.0,0.0,0.0,2.6920202,0.0,0.0,0.0
ENSG00000066777,0.0,0.0,0.0,0.0,0.0,0.0,0.0,0.0,0.0,0.954528,0.0,0.0,0.0
ENSG00000140396,0.0,0.0,0.0,0.0,0.0,0.0,0.0,0.0,0.0,1.6372061,0.0,0.0,0.0
ENSG00000076554,0.0,0.0,0.0,0.0,2.6388516,0.0,0.0,0.0,0.0,0.0,0.0,0.0,0.0
ENSG00000170323,2.8830726,0.0,0.0,0.0,0.0,0.0,0.0,0.0,0.0,0.0,0.0,0.0,0.0
ENSG00000184672,0.0,0.0,0.0,0.0,0.0,0.0,0.0,0.0,0.0,1.4707114,0.0,0.0,0.0
ENSG00000104325,1.7107468,0.0,0.0,0.0,0.0,0.0,0.0,0.0,0.0,1.1080337,0.0,0.0,0.0
ENSG00000079102,0.0,0.0,0.0,0.0,0.0,0.0,0.0,0.0,0.0,1.1322428,0.0,0.0,0.0
ENSG00000156467,0.0,0.0,0.0,0.0,0.0,0.0,0.0,0.0,0.0,0.0,3.060751,0.0,0.0
ENSG00000104375,1.0875362,0.0,0.0,0.0,0.0,0.0,0.0,0.0,0.0,0.0,0.0,0.0,0.0
ENSG00000132549,1.2390066,0.0,0.0,0.0,0.0,0.0,0.0,0.0,0.0,1.3586684,0.0,0.0,0.0
ENSG00000164919,0.0,0.0,0.0,0.0,0.0,0.0,0.0,0.0,0.0,0.0,2.966982,0.0,0.0
ENSG00000104517,0.0,0.0,0.0,0.0,0.0,0.0,0.0,0.0,0.0,1.2188286,0.0,0.0,0.0
ENSG00000169946,1.7107468,2.8079755,0.0,2.3124542,0.0,0.0,0.0,0.0,0.0,2.3799093,0.0,0.0,0.0
ENSG00000205038,0.0,3.5535364,0.0,0.0,0.0,0.0,0.0,0.0,0.0,0.0,0.0,0.0,0.0
ENSG00000104447,2.5281818,0.0,0.0,0.0,0.0,2.6435728,0.0,0.0,0.0,0.0,0.0,0.0,0.0
ENSG00000177570,0.0,0.0,0.0,0.0,0.0,0.0,0.0,0.0,0.0,0.7650162,0.0,0.0,0.0
ENSG00000178764,0.0,0.0,0.0,0.0,0.0,0.0,0.0,0.0,0.0,1.36667,0.0,0.0,0.0
ENSG00000156804,0.0,0.0,0.0,0.0,0.0,0.0,0.0,0.0,0.0,1.4901154,0.0,0.0,0.0
ENSG00000164983,0.0,0.0,0.0,0.0,0.0,0.0,0.0,0.0,0.0,1.264037,0.0,0.0,0.0
ENSG00000147684,0.0,0.0,0.0,0.0,0.0,0.0,0.0,0.0,0.0,0.0,1.8435845,0.0,0.0
ENSG00000170873,0.0,0.0,0.0,0.0,0.0,2.8294568,0.0,0.0,0.0,1.1209687,0.0,0.0,0.0
ENSG00000156831,0.0,0.0,0.0,0.0,0.0,0.0,0.0,0.0,0.0,1.2266064,0.0,0.0,0.0
ENSG00000153310,0.0,0.0,0.0,0.0,0.0,2.1772108,2.960883,0.0,0.0,1.2746139,0.0,0.0,0.0
ENSG00000153317,0.0,2.5923355,2.5038633,0.0,0.0,0.0,0.0,0.0,0.0,1.6122171,0.0,0.0,0.0
ENSG00000165071,0.0,0.0,0.0,0.0,0.0,0.0,0.0,0.0,0.0,1.0727633,0.0,0.0,0.0
ENSG00000008513,0.0,0.0,0.0,0.0,0.0,0.0,0.0,0.0,0.0,1.4747263,0.0,0.0,0.0
ENSG00000167632,0.0,0.0,0.0,0.0,0.0,0.0,0.0,0.0,0.0,1.105459,0.0,0.0,0.0
ENSG00000169398,0.0,0.0,2.1703057,0.0,0.0,0.0,0.0,0.0,0.0,1.2854877,0.0,0.0,0.0
ENSG00000184489,0.0,0.0,0.0,0.0,0.0,0.0,0.0,0.0,0.0,0.0,0.97688806,0.0,0.0
ENSG00000104529,0.0,0.0,0.0,0.0,0.0,0.0,0.0,0.0,0.0,0.0,1.8258924,0.0,0.0
ENSG00000179091,0.0,0.0,0.0,0.0,0.0,0.0,0.0,0.0,0.0,0.0,1.1840477,0.0,0.0
ENSG00000107099,0.0,0.0,0.0,0.0,2.4704947,2.3596954,0.0,2.5787208,0.0,0.0,0.0,0.0,0.0
ENSG00000107104,1.8566861,0.0,0.0,0.0,0.0,0.0,0.0,0.0,0.0,2.5210495,0.0,0.0,0.0
ENSG00000107249,0.0,1.5898882,0.0,0.0,0.0,0.0,0.0,0.0,0.0,0.0,0.0,0.0,0.0
ENSG00000147862,2.6328397,2.263916,2.5714355,1.9307222,0.0,0.0,0.0,0.0,0.0,1.9049673,0.0,2.5348392,0.0
ENSG00000173068,1.7107468,0.0,0.0,2.007872,0.0,0.0,0.0,0.0,0.0,0.0,0.0,0.0,0.0
ENSG00000188352,0.0,0.0,0.0,0.0,0.0,0.0,0.0,0.0,0.0,1.5233698,0.0,0.0,0.0
ENSG00000165269,2.393362,0.0,0.0,0.0,0.0,0.0,0.0,0.0,0.0,1.0917267,0.0,0.0,0.0
ENSG00000137077,0.0,4.2480025,0.0,0.0,0.0,0.0,0.0,0.0,0.0,0.0,0.0,0.0,0.0
ENSG00000198467,0.0,0.0,0.0,0.0,0.0,0.0,0.0,0.0,0.0,0.0,1.6200824,0.0,0.0
ENSG00000147905,1.4168293,0.0,0.0,0.0,2.7802408,0.0,0.0,0.0,0.0,1.0934392,0.0,0.0,0.0
ENSG00000154529,0.0,0.7968856,0.0,0.0,0.0,0.0,0.0,0.0,0.0,0.0,0.0,0.0,0.0
ENSG00000277737,1.8647078,0.0,0.0,0.0,0.0,0.0,0.0,0.0,0.0,0.0,0.0,0.0,0.0
ENSG00000154330,0.0,2.2065227,0.0,0.0,0.0,0.0,0.0,0.0,0.0,0.82543504,0.0,0.0,0.0
ENSG00000107242,0.0,0.0,0.0,0.0,0.0,0.0,0.0,0.0,0.0,1.7679937,0.0,0.0,0.0
ENSG00000165072,0.0,0.0,0.0,0.0,0.0,0.0,0.0,0.0,0.0,0.0,2.3545027,0.0,0.0
ENSG00000099139,1.9555721,0.0,0.0,0.0,0.0,0.0,0.0,0.0,0.0,0.0,0.0,0.0,0.0
ENSG00000156052,0.0,0.0,2.2287705,0.0,0.0,2.8190217,0.0,0.0,0.0,0.0,0.0,0.0,0.0
ENSG00000172159,0.0,0.0,0.0,0.0,0.0,0.0,0.0,0.0,0.0,0.0,0.0,2.7837925,0.0
ENSG00000130222,0.0,0.0,0.0,0.0,0.0,0.0,0.0,0.0,0.0,0.95295876,0.0,0.0,0.0
ENSG00000165025,0.0,0.0,0.0,0.0,2.8270073,0.0,0.0,0.0,0.0,0.0,0.0,0.0,0.0
ENSG00000165238,0.0,0.0,0.0,0.0,0.0,0.0,0.0,0.0,0.0,1.2915777,0.0,0.0,0.0
ENSG00000148120,0.0,0.0,0.0,0.0,0.0,0.0,0.0,0.0,0.0,2.1322522,0.0,0.0,0.0
ENSG00000106771,0.0,0.0,0.0,0.0,0.0,0.0,0.0,0.0,0.0,0.6877906,0.0,0.0,0.0
ENSG00000165124,1.9799247,0.0,0.0,0.0,0.0,0.0,0.0,0.0,0.0,0.0,0.0,0.0,0.0
ENSG00000119471,0.0,0.0,0.0,0.0,0.0,0.0,0.0,0.0,0.0,0.9379451,0.0,0.0,0.0
ENSG00000148180,1.693146,0.0,0.0,3.2204132,0.0,0.0,0.0,0.0,0.0,0.0,0.0,0.0,0.0
ENSG00000165209,0.0,0.0,0.0,0.0,2.3582447,0.0,0.0,0.0,0.0,1.1285514,0.0,0.0,0.0
ENSG00000148200,0.0,0.0,0.0,0.0,0.0,0.0,0.0,0.0,0.0,0.7673582,0.0,0.0,0.0
ENSG00000167081,0.0,0.0,0.0,0.0,0.0,0.0,0.0,0.0,0.0,1.0338683,0.0,0.0,0.0
ENSG00000106992,0.0,0.0,0.0,0.0,0.0,0.0,0.0,0.0,0.0,0.0,1.7789584,0.0,0.0
ENSG00000172889,0.0,0.0,2.3649213,0.0,0.0,0.0,0.0,0.0,0.0,0.0,0.0,0.0,0.0
ENSG00000169692,1.7219784,0.0,0.0,0.0,0.0,0.0,0.0,0.0,0.0,0.0,0.0,0.0,0.0
ENSG00000107317,0.0,0.0,0.0,0.0,0.0,0.0,0.0,0.0,0.0,0.0,2.7862089,0.0,0.0
ENSG00000177666,1.9555721,0.0,0.0,0.0,0.0,0.0,0.0,0.0,0.0,0.0,0.0,0.0,0.0
ENSG00000177700,0.0,0.0,0.0,0.0,0.0,0.0,0.0,0.0,0.0,0.0,2.1958036,0.0,0.0
ENSG00000130413,0.0,0.0,0.0,0.0,0.0,0.0,0.0,0.0,0.0,1.0587914,0.0,0.0,0.0
ENSG00000133812,1.9853241,2.4162781,0.0,0.0,0.0,2.297829,0.0,0.0,0.0,2.0318742,0.0,0.0,0.0
ENSG00000170242,0.0,0.0,0.0,0.0,0.0,0.0,0.0,0.0,0.0,0.65046006,0.0,0.0,0.0
ENSG00000197702,1.861718,0.0,0.0,0.0,0.0,0.0,0.0,0.0,0.0,0.0,0.0,0.0,0.0
ENSG00000187079,1.8653995,0.0,0.0,0.0,0.0,0.0,0.0,0.0,0.0,1.3323104,0.0,0.0,0.0
ENSG00000262655,1.4208658,0.0,0.0,0.0,0.0,0.0,0.0,0.0,0.0,0.0,0.0,0.0,0.0
ENSG00000152270,3.2089453,0.0,0.0,0.0,0.0,0.0,0.0,0.0,0.0,0.0,0.0,0.0,0.0
ENSG00000110693,1.3673235,0.0,0.0,0.0,0.0,0.0,0.0,0.0,0.0,2.196514,0.0,0.0,0.0
ENSG00000166689,0.0,0.0,0.0,0.0,0.0,0.0,0.0,0.0,0.0,0.0,1.8926568,0.0,0.0
ENSG00000129170,0.0,0.0,0.0,0.0,0.0,0.0,0.0,0.0,0.0,0.0,2.530927,0.0,0.0
ENSG00000166833,1.3226365,0.0,0.0,0.0,0.0,0.0,0.0,0.0,0.0,1.1582513,0.0,0.0,0.0
ENSG00000171714,0.0,0.0,0.0,0.0,0.0,0.0,0.0,0.0,0.0,0.8342566,0.0,0.0,0.0
ENSG00000148935,0.0,0.0,0.0,0.0,0.0,0.0,0.0,0.0,0.0,0.8573269,0.0,0.0,0.0
ENSG00000110422,0.0,0.0,0.0,0.0,0.0,0.0,0.0,0.0,0.0,1.1266451,0.0,0.0,0.0
ENSG00000085063,0.0,0.0,0.0,0.0,0.0,0.0,0.0,0.0,0.0,0.0,2.2884212,0.0,0.0
ENSG00000052841,0.0,0.0,0.0,0.0,0.0,0.0,0.0,0.0,0.0,1.1948572,0.0,0.0,0.0
ENSG00000135365,0.0,0.0,0.0,0.0,0.0,0.0,0.0,0.0,0.0,0.99158,0.0,0.0,0.0
ENSG00000110497,0.0,0.0,0.0,0.0,0.0,0.0,0.0,0.0,0.0,0.0,1.6651236,0.0,0.0
ENSG00000134569,0.0,0.0,0.0,0.0,0.0,0.0,0.0,0.0,0.0,1.1232038,0.0,0.0,0.0
ENSG00000134571,0.0,0.0,0.0,0.0,0.0,0.0,0.0,0.0,0.0,3.4790225,2.5273862,0.0,0.0
ENSG00000109920,0.0,0.0,0.0,0.0,0.0,0.0,0.0,0.0,0.0,0.6719898,0.0,0.0,0.0
ENSG00000166900,0.0,0.0,0.0,0.0,0.0,0.0,0.0,0.0,2.7805936,0.0,0.0,0.0,0.0
ENSG00000149534,0.0,0.0,0.0,0.0,0.0,0.0,0.0,0.0,2.930153,0.0,0.0,0.0,0.0
ENSG00000110077,0.0,0.0,0.0,0.0,0.0,1.8018321,0.0,0.0,0.0,0.0,0.0,0.0,0.0
ENSG00000156738,0.0,0.0,0.0,0.0,0.94251806,0.0,0.0,0.0,0.0,0.0,0.0,0.0,0.0
ENSG00000167996,0.0,0.0,0.0,0.0,0.0,0.0,0.0,0.0,0.0,0.0,3.7688,0.0,0.0
ENSG00000176485,1.4208658,0.0,0.0,0.0,0.0,0.0,0.0,0.0,0.0,0.0,0.0,0.0,0.0
ENSG00000133318,1.1785685,0.0,0.0,0.0,0.0,0.0,0.0,0.0,0.0,0.0,0.0,0.0,0.0
ENSG00000175115,0.0,0.0,0.0,0.0,0.0,0.0,0.0,0.0,0.0,1.0910696,0.0,0.0,0.0
ENSG00000110075,1.1688466,0.0,0.0,0.0,0.0,0.0,0.0,0.0,0.0,1.5765086,0.0,0.0,0.0
ENSG00000137478,0.0,0.0,1.9558327,0.0,3.1066637,2.8701086,0.0,0.0,0.0,1.8064935,0.0,0.0,0.0
ENSG00000198382,1.6295782,0.0,0.0,0.0,0.0,0.0,0.0,0.0,0.0,0.0,0.0,0.0,0.0
ENSG00000150672,1.9174857,1.3627639,0.0,0.0,0.0,0.0,0.0,0.0,0.0,2.580834,0.0,0.0,0.0
ENSG00000073921,1.775692,0.0,0.0,0.0,0.0,2.4010835,0.0,0.0,0.0,0.9965122,0.0,0.0,0.0
ENSG00000174804,1.92595,0.0,0.0,0.0,0.0,0.0,0.0,0.0,0.0,0.0,0.0,0.0,0.0
ENSG00000166575,1.775692,0.0,0.0,0.0,0.0,0.0,0.0,0.0,0.0,0.0,0.0,0.0,0.0
ENSG00000184384,2.357095,2.6663167,0.0,2.8963892,0.0,2.596922,0.0,2.431281,2.7084236,0.0,0.0,2.8343434,0.0
ENSG00000170962,0.0,0.0,0.0,1.7485186,0.0,0.0,0.0,0.0,0.0,0.0,0.0,0.0,0.0
ENSG00000137727,1.3761065,0.0,0.0,0.0,0.0,0.0,0.0,0.0,0.0,0.0,0.0,0.0,0.0
ENSG00000170145,3.2058165,0.0,0.0,0.0,0.0,0.0,0.0,0.0,0.0,0.0,0.0,0.0,0.0
ENSG00000109846,0.0,0.0,0.0,0.0,0.0,0.0,0.0,0.0,0.0,0.0,4.0550723,0.0,0.0
ENSG00000197580,0.0,0.0,0.0,0.0,0.0,0.0,0.0,0.0,0.0,0.9577819,0.0,0.0,0.0
ENSG00000149294,0.0,0.0,0.0,0.0,0.0,0.0,0.0,0.0,0.0,2.1852262,0.0,0.0,2.740614
ENSG00000109906,2.80311,0.0,2.5033476,2.7637272,0.0,2.3008547,0.0,0.0,0.0,2.3666706,0.0,2.7292585,0.0
ENSG00000182985,0.0,0.0,0.0,0.0,0.0,0.0,0.0,0.0,0.0,1.5448601,0.0,0.0,0.0
ENSG00000160584,0.0,0.0,0.0,0.0,2.3582447,0.0,0.0,0.0,0.0,1.2476084,1.9299668,0.0,0.0
ENSG00000167283,0.0,0.0,0.0,0.0,0.0,0.0,0.0,0.0,0.0,0.0,2.7471774,0.0,0.0
ENSG00000019144,1.3761065,0.0,0.0,0.0,0.0,0.0,0.0,0.0,0.0,0.0,0.0,0.0,0.0
ENSG00000196914,0.0,0.0,0.0,0.0,0.0,0.0,0.0,0.0,0.0,1.0939673,0.0,0.0,0.0
ENSG00000166250,1.4917151,0.0,0.0,0.0,0.0,0.0,0.0,0.0,0.0,0.0,0.0,0.0,0.0
ENSG00000182667,0.0,0.0,0.0,0.0,0.0,0.0,0.0,0.0,3.6024714,0.0,0.0,0.0,0.0
ENSG00000151240,0.0,0.0,0.0,0.0,0.0,0.0,0.0,0.0,0.0,1.0517714,0.0,0.0,0.0
ENSG00000170525,1.7063044,0.0,0.0,0.0,0.0,0.0,0.0,0.0,0.0,0.0,0.0,0.0,0.0
ENSG00000048740,2.6381292,0.0,0.0,2.5675378,2.3582447,2.9020646,3.0256717,3.0163913,2.8519826,2.0166674,0.0,0.0,0.0
ENSG00000183049,0.0,0.0,0.0,0.0,2.8637195,0.0,0.0,0.0,0.0,0.0,0.0,0.0,0.0
ENSG00000151474,2.7777603,0.0,0.0,0.0,0.0,0.0,0.0,0.0,0.0,0.0,0.0,0.0,3.2010083
ENSG00000026025,0.0,0.0,0.0,0.0,0.0,0.0,0.0,0.0,0.0,0.0,0.0,0.0,2.5335035
ENSG00000165996,0.0,0.0,0.0,0.0,0.0,0.0,0.0,0.0,0.0,1.2999622,0.0,0.0,0.0
ENSG00000260314,0.0,0.0,0.0,0.0,0.0,2.3893034,0.0,0.0,0.0,0.0,0.0,0.0,0.0
ENSG00000165995,0.0,0.0,0.0,0.0,0.0,0.0,0.0,0.0,0.0,3.2291083,0.0,2.335034,0.0
ENSG00000120594,0.0,2.4116445,2.9226322,2.910235,0.0,3.093432,0.0,0.0,0.0,0.0,0.0,0.0,0.0
ENSG00000078114,0.0,0.0,0.0,0.0,0.0,0.0,0.0,0.0,0.0,2.9173768,2.7211523,0.0,0.0
ENSG00000078403,1.4720037,0.0,0.0,0.0,0.0,0.0,0.0,0.0,0.0,1.4132899,0.0,0.0,0.0
ENSG00000150867,0.0,0.0,0.0,0.0,0.0,0.0,2.8377426,2.5337706,0.0,0.0,0.0,0.0,0.0
ENSG00000120549,0.0,2.175479,2.97665,0.0,0.0,0.0,0.0,0.0,0.0,1.9269522,0.0,0.0,2.9648118
ENSG00000077420,1.6830826,0.0,0.0,0.0,0.0,0.0,0.0,0.0,0.0,0.0,0.0,0.0,0.0
ENSG00000197321,0.0,0.0,0.0,0.0,0.0,0.0,0.0,0.0,0.0,2.8278086,2.0191178,0.0,0.0
ENSG00000183621,0.0,0.0,0.0,0.0,0.0,0.0,0.0,0.0,0.0,0.8969945,0.0,0.0,0.0
ENSG00000148516,0.0,1.4072031,0.0,2.1576877,0.0,0.0,0.0,0.0,0.0,0.8372169,0.0,2.3688626,0.0
ENSG00000120616,0.0,0.0,0.0,0.0,0.0,0.0,0.0,0.0,0.0,1.127562,0.0,0.0,0.0
ENSG00000150093,0.0,0.0,0.0,0.0,0.0,0.0,0.0,0.0,0.0,0.0,1.6067234,0.0,0.0
ENSG00000099250,1.9066731,0.0,0.0,0.0,0.0,0.0,0.0,0.0,0.0,1.6066703,0.0,1.9734974,0.0
ENSG00000148498,1.9254496,0.0,0.0,1.315012,0.0,0.0,0.0,0.0,0.0,2.1206744,0.0,2.7045116,0.0
ENSG00000108100,0.0,0.0,0.0,0.0,0.0,0.0,0.0,0.0,0.0,0.9338955,0.0,0.0,0.0
ENSG00000185532,0.0,2.5653186,0.0,3.3087335,0.0,0.0,0.0,0.0,0.0,3.3841774,0.0,4.187872,0.0
ENSG00000122870,0.0,0.0,0.0,2.3951726,0.0,0.0,0.0,0.0,0.0,0.0,0.0,0.0,0.0
ENSG00000151150,0.0,0.0,0.0,0.0,0.0,0.0,0.0,0.0,0.0,2.0772572,0.0,0.0,3.4456854
ENSG00000150347,0.0,0.0,0.0,0.0,1.16829,0.0,0.0,0.0,0.0,0.0,0.0,0.0,0.0
ENSG00000171988,2.2986348,2.5456004,2.0273771,2.19085,0.0,2.182429,0.0,0.0,0.0,1.9098023,0.0,2.5894861,0.0
ENSG00000183230,0.0,0.0,0.0,0.0,0.0,0.0,0.0,0.0,0.0,3.6856148,0.0,0.0,0.0
ENSG00000198739,0.0,0.0,0.0,0.0,0.0,0.0,0.0,0.0,0.0,2.1350088,0.0,0.0,0.0
ENSG00000148634,1.3565243,0.0,0.0,0.0,0.0,0.0,0.0,0.0,0.0,0.0,0.0,0.0,0.0
ENSG00000138347,0.0,0.0,0.0,0.0,0.0,0.0,0.0,0.0,0.0,1.640885,0.0,0.0,0.0
ENSG00000122862,0.0,0.0,0.0,0.0,0.0,2.6801276,2.603848,0.0,2.80214,0.0,0.0,0.0,0.0
ENSG00000180644,0.0,0.0,0.0,0.0,0.0,0.0,2.1085014,0.0,0.0,0.0,0.0,0.0,0.0
ENSG00000197746,0.0,0.0,0.0,0.0,0.0,0.0,0.0,0.0,0.0,0.0,2.0134745,0.0,0.0
ENSG00000166295,0.0,0.0,0.0,0.0,0.0,0.0,0.0,0.0,0.0,0.0,1.7096335,0.0,0.0
ENSG00000122884,0.0,0.0,0.0,0.0,0.0,0.0,0.0,0.0,0.0,1.2289956,0.0,0.0,0.0
ENSG00000035403,0.0,0.0,0.0,0.0,0.0,0.0,0.0,0.0,0.0,2.2095861,0.0,0.0,0.0
ENSG00000156110,0.0,0.0,0.0,0.0,0.0,0.0,0.0,0.0,0.0,1.6372061,0.0,0.0,0.0
ENSG00000156650,0.0,0.0,0.0,0.0,0.0,0.0,0.0,0.0,0.0,1.4685632,0.0,0.0,0.0
ENSG00000148655,0.0,2.441275,2.470501,0.0,0.0,2.7554133,0.0,0.0,2.7084236,0.9488661,0.0,0.0,0.0
ENSG00000156113,0.0,0.0,0.0,0.0,0.0,0.0,0.0,0.0,2.8638523,0.0,0.0,0.0,0.0
ENSG00000107771,0.0,0.0,0.0,0.0,0.0,0.0,0.0,0.0,0.0,0.96961504,0.0,0.0,0.0
ENSG00000122367,0.0,0.0,0.0,0.0,0.0,0.0,0.0,0.0,0.0,3.7570872,2.9004393,0.0,0.0
ENSG00000107779,0.0,0.0,0.0,0.0,0.0,0.0,0.0,0.0,0.0,1.0967491,0.0,0.0,0.0
ENSG00000148671,1.8885986,0.0,0.0,0.0,0.0,0.0,0.0,0.0,0.0,0.0,0.0,0.0,0.0
ENSG00000171862,1.8793719,0.0,0.0,0.0,0.0,0.0,0.0,0.0,0.0,0.0,0.0,2.7209315,0.0
ENSG00000148677,0.0,0.0,0.0,0.0,0.0,0.0,0.0,0.0,0.0,3.350835,2.7637272,0.0,0.0
ENSG00000107864,0.0,0.0,0.0,0.0,0.0,0.0,0.0,0.0,0.0,1.5192679,0.0,0.0,0.0
ENSG00000095637,3.0400887,0.0,0.0,0.0,0.0,0.0,0.0,0.0,0.0,3.5049927,1.6034384,0.0,2.4177303
ENSG00000099194,1.662695,0.0,0.0,0.0,0.0,0.0,0.0,0.0,0.0,0.0,0.0,0.0,0.0
ENSG00000166167,0.0,0.0,0.0,0.0,0.0,0.0,0.0,0.0,0.0,0.95159036,0.0,0.0,0.0
ENSG00000198408,2.2816164,0.0,0.0,0.0,0.0,0.0,0.0,0.0,0.0,0.0,0.0,0.0,0.0
ENSG00000120029,0.0,0.0,0.0,0.0,0.0,0.0,0.0,0.0,0.0,0.6992526,0.0,0.0,0.0
ENSG00000107862,0.0,0.0,0.0,0.0,0.0,0.0,0.0,0.0,0.0,1.3842354,0.0,0.0,0.0
ENSG00000173915,0.0,0.0,0.0,0.0,0.0,0.0,0.0,0.0,0.0,0.0,1.8422426,0.0,0.0
ENSG00000108018,0.0,0.0,0.0,0.0,0.0,0.0,0.0,0.0,0.0,0.0,0.0,0.0,2.6441875
ENSG00000203867,0.0,0.0,0.0,0.0,0.0,0.0,0.0,0.0,0.0,3.4257972,0.0,0.0,0.0
ENSG00000119927,3.5232596,0.0,0.0,0.0,0.0,0.0,0.0,0.0,0.0,0.0,0.0,0.0,0.0
ENSG00000148737,1.8089077,0.0,0.0,0.0,0.0,0.0,0.0,0.0,0.0,0.0,0.0,0.0,0.0
ENSG00000197893,0.0,0.0,0.0,0.0,0.0,0.0,0.0,0.0,0.0,0.82622886,1.6602752,0.0,0.0
ENSG00000196865,0.0,0.0,0.0,0.0,0.0,0.0,0.0,0.0,0.0,1.0747924,0.0,0.0,0.0
ENSG00000099204,0.0,0.0,1.755616,0.0,0.0,0.0,0.0,0.0,0.0,3.4644773,2.024233,0.0,0.0
ENSG00000198873,0.0,0.0,0.0,1.4404719,0.0,0.0,0.0,0.0,0.0,0.0,0.0,2.3583944,0.0
ENSG00000138162,0.0,0.0,0.0,0.0,0.0,0.0,0.0,0.0,0.0,2.443288,0.0,0.0,0.0
ENSG00000132334,0.0,2.278727,0.0,0.0,0.0,0.0,0.0,0.0,0.0,0.7925597,0.0,0.0,0.0
ENSG00000139044,0.0,0.0,0.0,0.0,0.0,0.0,0.0,0.0,0.0,1.0509841,0.0,0.0,0.0
ENSG00000060237,0.0,0.0,0.0,0.0,0.0,0.0,0.0,0.0,0.0,1.2395295,0.0,0.0,0.0
ENSG00000082805,1.3363289,0.0,0.0,0.0,0.0,0.0,0.0,0.0,0.0,1.9229517,0.0,0.0,0.0
ENSG00000006831,1.9018098,0.0,0.0,0.0,0.0,0.0,0.0,0.0,0.0,0.0,0.0,0.0,0.0
ENSG00000151067,0.0,0.0,0.0,0.0,0.0,0.0,0.0,0.0,0.0,3.9520211,0.0,3.1976187,0.0
ENSG00000011105,0.0,0.0,0.0,0.0,0.0,0.0,0.0,0.0,0.0,0.9195128,0.0,0.0,0.0
ENSG00000047617,0.0,0.0,2.681394,0.0,0.0,0.0,0.0,0.0,0.0,0.0,0.0,0.0,0.0
ENSG00000110799,0.0,0.0,3.0053785,0.0,0.0,0.0,0.0,0.0,0.0,0.0,0.0,0.0,0.0
ENSG00000111640,0.0,0.0,0.0,0.0,0.0,0.0,0.0,0.0,0.0,0.0,3.5011737,0.0,0.0
ENSG00000111669,0.0,0.0,0.0,0.0,0.0,0.0,0.0,0.0,0.0,0.0,1.3677596,0.0,0.0
ENSG00000177575,0.0,0.0,0.0,0.0,0.0,2.7032104,0.0,0.0,0.0,0.0,0.0,0.0,0.0
ENSG00000110848,0.0,0.0,0.0,0.0,0.0,0.0,0.0,0.0,3.003556,0.0,0.0,0.0,0.0
ENSG00000134539,0.0,0.0,0.0,0.0,0.0,0.0,2.9085948,0.0,0.0,0.0,0.0,0.0,0.0
ENSG00000060138,0.0,0.0,0.0,0.0,0.0,0.0,0.0,0.0,0.0,0.0,1.8926568,0.0,0.0
ENSG00000111341,0.0,0.0,0.0,2.4660518,0.0,0.0,0.0,0.0,0.0,0.0,0.0,0.0,0.0
ENSG00000151491,1.5616077,0.0,0.0,0.0,0.0,0.0,0.0,0.0,0.0,0.0,0.0,2.9143486,0.0
ENSG00000008394,3.4411108,0.0,0.0,2.2732387,0.0,0.0,0.0,0.0,0.0,0.0,0.0,0.0,0.0
ENSG00000052126,0.0,0.0,0.0,2.5380533,0.0,0.0,0.0,0.0,0.0,2.7669816,0.0,0.0,0.0
ENSG00000172572,0.0,0.0,0.0,0.0,0.0,0.0,0.0,0.0,0.0,3.5134559,0.0,2.224349,0.0
ENSG00000111716,0.0,0.0,0.0,0.0,0.0,0.0,0.0,0.0,0.0,0.0,2.5488553,0.0,0.0
ENSG00000134532,2.1291132,0.0,0.0,0.0,0.0,0.0,0.0,0.0,0.0,0.0,0.0,0.0,0.0
ENSG00000123104,2.4045887,0.0,0.0,0.0,0.0,0.0,0.0,0.0,0.0,0.0,0.0,0.0,0.0
ENSG00000110841,0.0,3.1976187,0.0,0.0,0.0,0.0,0.0,0.0,0.0,1.8686359,0.0,0.0,0.0
ENSG00000123106,0.0,0.0,0.0,0.0,0.0,0.0,0.0,0.0,0.0,1.2486709,0.0,0.0,0.0
ENSG00000133687,0.0,2.4298632,2.8701086,0.0,0.0,0.0,0.0,0.0,0.0,1.0629907,0.0,0.0,0.0
ENSG00000170456,0.0,0.0,0.0,0.0,0.0,0.0,0.0,0.0,0.0,1.4946586,0.0,0.0,0.0
ENSG00000139132,0.0,0.0,0.0,0.0,0.0,0.0,0.0,0.0,0.0,1.6385416,0.0,0.0,0.0
ENSG00000057294,0.0,0.0,0.0,0.0,0.0,0.0,0.0,0.0,0.0,2.4739776,0.0,0.0,0.0
ENSG00000139116,0.0,0.0,0.0,0.0,0.0,0.0,0.0,0.0,0.0,1.0761921,0.0,0.0,0.0
ENSG00000015153,0.0,0.0,0.0,0.0,0.0,0.0,0.0,0.0,0.0,1.0284123,0.0,0.0,0.0
ENSG00000139173,0.0,0.0,0.0,0.0,0.0,0.0,0.0,0.0,0.0,0.9164408,0.0,0.0,0.0
ENSG00000177119,1.7934282,0.0,0.0,0.0,0.0,0.0,0.0,0.0,0.0,0.0,0.0,0.0,0.0
ENSG00000139218,0.0,0.0,0.0,0.0,0.0,0.0,0.0,0.0,0.0,1.1332412,0.0,0.0,0.0
ENSG00000167588,1.6623489,0.0,0.0,0.0,0.0,0.0,0.0,0.0,0.0,0.0,0.0,0.0,0.0
ENSG00000050405,1.0875362,0.0,0.0,0.0,0.0,0.0,0.0,0.0,0.0,0.0,0.0,0.0,0.0
ENSG00000135390,0.0,0.0,0.0,0.0,0.0,0.0,0.0,0.0,0.0,0.0,2.3075502,0.0,0.0
ENSG00000135424,1.3156103,0.0,0.0,0.0,0.0,0.0,0.0,0.0,0.0,0.0,0.0,0.0,0.0
ENSG00000135404,0.0,0.0,0.0,0.0,0.0,0.0,0.0,0.0,0.0,0.0,1.4439248,0.0,0.0
ENSG00000110955,0.0,0.0,0.0,0.0,0.0,0.0,0.0,0.0,0.0,0.0,2.2104895,0.0,0.0
ENSG00000179912,0.0,0.0,0.0,0.0,0.0,0.0,0.0,0.0,0.0,1.197917,0.0,0.0,0.0
ENSG00000118596,0.0,0.0,0.0,0.0,0.0,0.0,0.0,0.0,0.0,0.9101845,0.0,0.0,0.0
ENSG00000135655,0.0,0.0,0.0,0.0,1.0728002,2.2942133,0.0,0.0,0.0,1.0557268,0.0,0.0,0.0
ENSG00000177990,0.0,0.0,0.0,0.0,0.0,0.0,0.0,0.0,0.0,2.270898,0.0,0.0,0.0
ENSG00000174099,0.0,0.0,0.0,0.0,0.0,0.0,0.0,0.0,0.0,1.7324358,0.0,0.0,0.0
ENSG00000135678,2.8339665,0.0,0.0,0.0,0.0,2.999922,0.0,0.0,0.0,0.0,0.0,0.0,0.0
ENSG00000127329,0.0,0.0,2.8164318,0.0,0.0,0.0,0.0,0.0,0.0,0.0,0.0,0.0,0.0
ENSG00000072657,1.9555721,0.0,0.0,0.0,0.0,0.0,0.0,0.0,0.0,0.0,0.0,0.0,0.0
ENSG00000058272,0.0,0.0,0.0,0.0,0.0,0.0,0.0,0.0,0.0,0.7595285,0.0,0.0,0.0
ENSG00000111058,0.0,0.0,0.0,0.0,0.0,0.0,0.0,0.0,0.0,1.7774594,0.0,0.0,0.0
ENSG00000182050,0.0,0.0,0.0,0.0,0.0,0.0,0.0,0.0,0.0,0.9111616,0.0,0.0,0.0
ENSG00000011465,0.0,0.0,0.0,3.8355138,0.0,0.0,0.0,0.0,0.0,0.0,0.0,0.0,0.0
ENSG00000133639,1.0754282,0.0,0.0,0.0,0.0,0.0,2.5380533,2.2343366,0.0,0.0,0.0,0.0,0.0
ENSG00000169372,0.0,0.0,0.0,0.0,0.0,0.0,0.0,0.0,0.0,1.5662373,0.0,0.0,0.0
ENSG00000075415,0.0,0.0,0.0,0.0,0.0,0.0,0.0,0.0,0.0,0.0,2.4900556,0.0,0.0
ENSG00000111666,0.0,0.0,0.0,0.0,0.0,0.0,0.0,0.0,0.0,1.5942526,0.0,0.0,0.0
ENSG00000198431,0.0,0.0,0.0,0.0,0.0,0.0,0.0,0.0,0.0,0.0,2.4557612,0.0,0.0
ENSG00000171310,0.0,0.0,0.0,0.0,2.0153182,0.0,2.5521228,2.7834363,0.0,0.0,0.0,0.0,0.0
ENSG00000136003,0.0,0.0,0.0,0.0,0.0,0.0,0.0,0.0,0.0,0.0,1.2637638,0.0,0.0
ENSG00000076555,3.9944494,0.0,0.0,0.0,0.0,0.0,0.0,0.0,0.0,1.7004253,0.0,0.0,0.0
ENSG00000174437,0.0,0.0,0.0,0.0,0.0,0.0,0.0,0.0,0.0,2.1948578,2.7609472,0.0,0.0
ENSG00000111245,0.0,0.0,0.0,0.0,0.0,0.0,0.0,0.0,0.0,0.0,4.8192267,0.0,0.0
ENSG00000204842,0.0,0.0,0.0,0.0,0.0,0.0,0.0,0.0,0.0,1.0626187,0.0,0.0,0.0
ENSG00000123066,1.7564029,2.2159302,2.30959,2.0670288,1.3288203,2.4645743,0.0,0.0,0.0,1.5833951,0.0,0.0,0.0
ENSG00000089220,0.0,0.0,0.0,0.0,0.0,0.0,0.0,0.0,0.0,0.0,1.7506125,0.0,0.0
ENSG00000135090,0.0,0.0,0.0,0.0,0.9460891,0.0,0.0,0.0,0.0,0.71933866,0.0,0.0,0.0
ENSG00000188026,0.0,0.0,0.0,0.0,0.0,0.0,0.0,0.0,0.0,1.3796563,0.0,0.0,0.0
ENSG00000150991,0.0,0.0,0.0,0.0,0.0,0.0,0.0,0.0,0.0,0.0,1.8926568,0.0,0.0
ENSG00000181234,2.6941612,0.0,0.0,0.0,0.0,0.0,0.0,0.0,0.0,0.0,0.0,0.0,0.0
ENSG00000121741,1.4758968,0.0,0.0,0.0,0.0,0.0,0.0,0.0,0.0,1.0431824,0.0,0.0,0.0
ENSG00000102683,0.0,0.0,0.0,0.0,0.0,0.0,0.0,0.0,0.0,1.4725213,0.0,0.0,0.0
ENSG00000102755,0.0,0.0,2.393362,0.0,0.0,0.0,0.0,0.0,0.0,0.0,0.0,0.0,0.0
ENSG00000132938,0.0,0.0,0.0,0.0,0.0,0.0,0.0,0.0,0.0,1.7688001,0.0,0.0,0.0
ENSG00000189403,0.0,0.0,0.0,0.0,0.0,0.0,0.0,0.0,0.0,0.9012298,0.0,0.0,0.0
ENSG00000073910,0.0,0.0,0.0,0.0,0.0,0.0,0.0,0.0,0.0,1.8000013,0.0,0.0,0.0
ENSG00000244754,2.6381292,2.6713135,2.5523958,2.528447,2.4434357,2.5564988,0.0,2.8499343,3.0540965,2.7666156,0.0,2.5946264,2.2898402
ENSG00000133121,1.8940945,0.0,0.0,0.0,0.0,2.1947396,0.0,0.0,0.0,1.7801871,0.0,0.0,2.808708
ENSG00000172915,0.0,0.0,0.0,0.0,0.0,0.0,0.0,0.0,0.0,1.49627,0.0,0.0,0.0
ENSG00000133083,0.0,0.0,0.0,1.6226885,0.0,0.0,0.0,0.0,0.0,0.0,0.0,0.0,0.0
ENSG00000183722,0.0,0.0,0.0,2.7977886,0.0,0.0,0.0,0.0,0.0,1.9566147,0.0,3.1091423,0.0
ENSG00000150907,2.999922,0.0,0.0,1.694233,0.0,0.0,0.0,0.0,0.0,0.0,0.0,0.0,2.8963923
ENSG00000120690,0.0,0.0,0.0,0.0,0.0,0.0,0.0,0.0,0.0,1.2907174,0.0,0.0,0.0
ENSG00000102763,0.0,0.0,0.0,0.0,0.0,0.0,0.0,0.0,0.0,2.0061994,0.0,0.0,0.0
ENSG00000120658,0.0,0.0,0.0,0.0,0.0,0.0,0.0,0.0,0.0,0.8414739,0.0,0.0,0.0
ENSG00000133112,0.0,0.0,0.0,0.0,0.0,0.0,0.0,0.0,0.0,0.0,2.7679136,0.0,0.0
ENSG00000136156,0.0,0.0,0.0,0.0,0.0,0.0,0.0,0.0,0.0,0.0,1.1693056,0.0,0.0
ENSG00000102531,0.0,0.0,0.0,0.0,0.0,0.0,0.0,0.0,0.0,1.1180502,0.0,0.0,0.0
ENSG00000176124,0.0,0.0,0.0,0.0,0.0,2.1522925,0.0,0.0,0.0,0.0,0.0,0.0,0.0
ENSG00000083544,0.0,0.0,0.0,0.0,0.0,0.0,0.0,0.0,0.0,0.8934831,0.0,0.0,0.0
ENSG00000184226,1.6827258,0.0,0.0,2.5126731,0.0,0.0,0.0,0.0,0.0,2.8258152,0.0,0.0,0.0
ENSG00000118922,0.0,0.0,0.0,0.0,0.0,0.0,0.0,0.0,0.0,1.6380405,0.0,0.0,0.0
ENSG00000136111,0.0,0.0,0.0,0.0,0.0,0.0,0.0,0.0,0.0,1.8333589,0.0,0.0,0.0
ENSG00000136153,0.0,0.0,0.0,0.0,0.0,0.0,0.0,0.0,0.0,1.578338,0.0,0.0,0.0
ENSG00000005810,2.5327032,0.0,0.0,0.0,0.0,0.0,0.0,0.0,0.0,0.0,0.0,0.0,0.0
ENSG00000183098,2.6656942,0.0,0.0,0.0,0.0,0.0,0.0,0.0,0.0,0.0,0.0,0.0,0.0
ENSG00000139793,0.0,0.0,0.0,0.0,0.0,0.0,0.0,0.0,0.0,1.481651,0.0,0.0,0.0
ENSG00000088387,0.0,0.0,2.3256779,0.0,0.0,0.0,0.0,0.0,0.0,0.0,0.0,0.0,0.0
ENSG00000175198,1.5466028,0.0,0.0,0.0,0.0,0.0,0.0,0.0,0.0,0.0,0.0,0.0,0.0
ENSG00000185950,1.5466028,0.0,0.0,0.0,0.0,0.0,0.0,0.0,0.0,0.0,0.0,0.0,0.0
ENSG00000187498,2.6609356,0.0,0.0,0.0,0.0,0.0,0.0,0.0,0.0,0.0,0.0,0.0,0.0
ENSG00000134871,2.574454,0.0,0.0,1.6561468,0.0,0.0,0.0,0.0,0.0,0.0,0.0,0.0,0.0
ENSG00000068650,0.0,0.0,0.0,0.0,0.0,0.0,0.0,0.0,0.0,0.67991495,0.0,0.0,0.0
ENSG00000153531,0.0,0.0,0.0,0.0,0.0,0.0,0.0,0.0,0.0,1.4156473,0.0,0.0,0.0
ENSG00000197616,0.0,0.0,0.0,0.0,0.0,0.0,0.0,0.0,0.0,0.0,2.635721,0.0,0.0
ENSG00000092054,0.0,0.0,0.0,0.0,0.0,0.0,0.0,0.0,0.0,1.9019715,4.7350297,0.0,0.0
ENSG00000168952,0.0,0.0,0.0,0.0,0.0,0.0,0.0,0.0,0.0,1.128976,0.0,0.0,0.0
ENSG00000100852,0.0,0.0,0.0,0.0,0.0,0.0,0.0,0.0,0.0,0.8260844,0.0,0.0,0.0
ENSG00000151320,0.0,0.0,0.0,0.0,0.0,0.0,0.0,0.0,0.0,2.6422389,0.0,0.0,0.0
ENSG00000165410,0.0,0.0,0.0,0.0,0.0,0.0,0.0,0.0,0.0,0.0,1.307487,0.0,0.0
ENSG00000174373,0.0,0.0,0.0,0.0,0.0,0.0,0.0,0.0,0.0,0.8857096,0.0,0.0,0.0
ENSG00000100485,0.0,0.0,0.0,0.0,0.0,0.0,0.0,0.0,0.0,0.70906883,0.0,0.0,0.0
ENSG00000186469,0.0,0.0,0.0,0.0,0.0,0.0,2.3924584,0.0,0.0,0.0,0.0,0.0,0.0
ENSG00000020577,0.0,0.0,0.0,0.0,0.0,0.0,0.0,0.0,0.0,2.433808,0.0,0.0,0.0
ENSG00000126777,0.0,0.0,0.0,0.0,0.0,0.0,0.0,0.0,0.0,1.4072031,0.0,0.0,0.0
ENSG00000100592,0.0,0.0,0.0,0.0,0.0,0.0,0.0,0.0,0.0,1.1661016,0.0,0.0,0.0
ENSG00000126773,0.0,0.0,0.0,0.0,0.0,0.0,0.0,0.0,0.0,0.8978554,0.0,0.0,0.0
ENSG00000027075,0.0,0.0,0.0,0.0,0.0,0.0,2.7905834,0.0,0.0,0.0,0.0,0.0,0.0
ENSG00000100644,0.0,0.0,0.0,0.0,0.0,0.0,0.0,0.0,0.0,0.8752938,0.0,0.0,0.0
ENSG00000054654,0.0,0.0,1.9711001,0.0,0.0,0.0,0.0,0.0,0.0,0.0,0.0,0.0,0.0
ENSG00000171723,2.1110485,0.0,0.0,0.0,0.0,0.0,0.0,0.0,0.0,2.1535258,0.0,1.9456346,0.0
ENSG00000182185,0.0,0.0,0.0,0.0,0.0,0.0,0.0,0.0,0.0,0.0,0.0,2.2313662,0.0
ENSG00000197555,0.0,0.0,0.0,0.0,1.16829,0.0,0.0,0.0,0.0,0.0,0.0,0.0,0.0
ENSG00000182732,0.0,0.0,0.0,0.0,0.0,0.0,0.0,0.0,2.050332,1.7663836,0.0,0.0,0.0
ENSG00000205683,0.0,0.0,0.0,0.0,0.0,0.0,0.0,0.0,0.0,1.618783,0.0,0.0,0.0
ENSG00000133961,0.0,1.4030248,0.0,0.0,0.0,0.0,0.0,0.0,0.0,0.0,0.0,0.0,0.0
ENSG00000021645,0.0,0.0,0.0,0.0,0.0,0.0,0.0,0.0,0.0,0.0,0.0,0.0,4.066907
ENSG00000185070,0.0,1.2610384,0.0,0.0,0.0,0.0,0.0,0.0,0.0,0.0,0.0,0.0,0.0
ENSG00000053254,1.775692,0.0,2.502833,1.9472828,2.3807225,2.6478302,2.8732533,2.5866365,0.0,1.6564898,0.0,0.0,0.0
ENSG00000198668,0.0,0.0,0.0,0.0,0.0,0.0,0.0,0.0,0.0,0.0,1.2803059,0.0,0.0
ENSG00000133943,0.0,0.0,0.0,0.0,0.0,0.0,0.0,0.0,0.0,1.5991184,0.0,0.0,0.0
ENSG00000080824,0.0,0.0,0.0,0.0,0.0,0.0,0.0,0.0,0.0,0.0,1.8503318,0.0,0.0
ENSG00000075413,0.0,0.0,0.0,0.0,0.0,0.0,0.0,0.0,0.0,1.8323295,0.0,0.0,0.0
ENSG00000088808,0.0,0.0,0.0,0.0,0.0,0.0,0.0,0.0,0.0,1.8313016,0.0,0.0,0.0
ENSG00000156411,0.0,0.0,0.0,0.0,0.0,0.0,0.0,0.0,0.0,0.0,2.6050076,0.0,0.0
ENSG00000182809,0.0,0.0,0.0,0.0,0.0,0.0,0.0,0.0,0.0,0.0,1.6993284,0.0,0.0
ENSG00000104067,0.0,0.0,0.0,0.0,0.0,0.0,0.0,0.0,0.0,1.3248625,0.0,0.0,0.0
ENSG00000248905,0.0,0.0,0.0,0.0,0.0,2.7376652,0.0,0.0,0.0,0.0,0.0,0.0,0.0
ENSG00000159251,0.0,0.0,0.0,0.0,0.0,0.0,0.0,0.0,0.0,0.0,4.0066953,0.0,0.0
ENSG00000186073,0.0,0.0,0.0,0.0,0.0,0.0,0.0,0.0,0.0,2.2732387,0.0,0.0,0.0
ENSG00000134138,0.0,0.0,0.0,1.4076692,0.0,0.0,0.0,0.0,0.0,2.2592943,0.0,0.0,0.0
ENSG00000140319,0.0,0.0,0.0,0.0,0.0,0.0,0.0,0.0,0.0,0.0,1.7925932,0.0,0.0
ENSG00000103994,0.0,0.0,0.0,0.0,0.0,0.0,0.0,0.0,0.0,1.1180502,2.2890182,0.0,0.0
ENSG00000092531,0.0,0.0,0.0,0.0,0.0,0.0,0.0,0.0,0.0,1.1683881,0.0,0.0,0.0
ENSG00000140264,0.0,0.0,0.0,0.0,0.0,0.0,0.0,0.0,0.0,0.0,3.1015067,0.0,0.0
ENSG00000171877,0.0,0.0,0.0,0.0,0.0,0.0,0.0,0.0,0.0,0.0,0.0,0.0,2.4167895
ENSG00000166710,0.0,2.1644833,3.008119,0.0,3.603232,0.0,4.475411,3.6043248,0.0,0.0,1.8111874,0.0,0.0
ENSG00000166147,0.0,0.0,0.0,2.3459196,0.0,0.0,0.0,0.0,0.0,0.0,0.0,0.0,0.0
ENSG00000092439,0.0,0.0,0.0,0.0,0.0,0.0,0.0,0.0,0.0,1.7841612,0.0,0.0,0.0
ENSG00000140262,1.818935,1.8897898,0.0,0.0,0.0,2.8377426,0.0,0.0,0.0,1.7045845,0.0,0.0,0.0
ENSG00000069667,2.197936,2.260063,0.0,3.4795938,0.0,0.0,0.0,2.4591775,0.0,0.78567505,0.0,2.0912113,0.0
ENSG00000171914,2.6588748,0.0,0.0,0.0,0.0,0.0,0.0,0.0,0.0,1.270175,0.0,0.0,0.0
ENSG00000140416,0.0,0.0,0.0,0.0,0.0,0.0,0.0,0.0,0.0,2.1573493,4.6163588,0.0,0.0
ENSG00000103657,0.0,0.0,0.0,0.0,0.0,0.0,0.0,0.0,0.0,1.032353,0.0,0.0,0.0
ENSG00000035664,0.0,0.0,0.0,0.0,0.0,0.0,0.0,0.0,0.0,1.2176547,0.0,0.0,0.0
ENSG00000180357,1.1785685,0.0,0.0,0.0,0.0,0.0,0.0,0.0,0.0,1.0389155,1.3440304,0.0,0.0
ENSG00000174485,0.0,0.0,0.0,0.0,2.463807,0.0,0.0,0.0,0.0,0.0,0.0,0.0,0.0
ENSG00000103769,0.0,2.2818797,0.0,0.0,3.0019999,0.0,0.0,0.0,0.0,0.0,0.0,0.0,0.0
ENSG00000033800,0.0,0.0,0.0,0.0,0.0,0.0,0.0,0.0,0.0,1.3326186,0.0,0.0,0.0
ENSG00000187720,0.0,0.0,0.0,0.0,0.0,0.0,0.0,0.0,0.0,2.6208186,0.0,0.0,0.0
ENSG00000066933,0.0,0.0,0.0,0.0,0.0,0.0,0.0,0.0,0.0,1.2240579,0.0,0.0,0.0
ENSG00000067225,0.0,0.0,0.0,0.0,0.0,0.0,0.0,0.0,0.0,0.0,1.8103317,0.0,0.0
ENSG00000178741,0.0,0.0,0.0,0.0,0.0,0.0,0.0,0.0,0.0,0.0,2.3601298,0.0,0.0
ENSG00000140386,0.0,0.0,0.0,0.0,0.0,0.0,0.0,0.0,0.0,1.4834051,0.0,0.0,0.0
ENSG00000173517,0.0,1.299283,0.0,0.0,0.0,0.0,0.0,0.0,0.0,1.6248682,0.0,0.0,0.0
ENSG00000169783,1.6830826,1.8307148,0.0,0.0,0.0,0.0,0.0,0.0,0.0,0.0,2.729593,0.0,0.0
ENSG00000086666,0.9937179,0.0,0.0,0.0,0.0,0.0,0.0,0.0,0.0,0.0,0.0,0.0,0.0
ENSG00000186628,0.0,0.0,0.0,0.0,0.0,0.0,0.0,0.0,0.0,1.1187435,0.0,0.0,0.0
ENSG00000073417,0.0,0.0,0.0,0.0,0.0,0.0,0.0,0.0,0.0,0.7952159,0.0,0.0,0.0
ENSG00000170776,0.0,0.0,0.0,2.5085158,2.5784383,2.580975,0.0,0.0,2.887543,3.0727096,0.0,0.0,0.0
ENSG00000140526,0.0,0.0,0.0,0.0,0.0,0.0,0.0,0.0,0.0,1.079132,0.0,0.0,0.0
ENSG00000166819,2.5030901,0.0,0.0,0.0,0.0,0.0,0.0,0.0,0.0,0.0,0.0,0.0,0.0
ENSG00000182054,0.0,0.0,0.0,0.0,0.0,0.0,0.0,0.0,0.0,0.0,1.2474315,0.0,0.0
ENSG00000176463,0.0,0.0,0.0,0.0,0.0,0.0,0.0,0.0,0.0,1.448642,0.0,0.0,0.0
ENSG00000140563,0.0,0.0,0.0,0.0,0.0,0.0,2.529509,0.0,2.3825824,0.0,0.0,0.0,0.0
ENSG00000140443,0.0,0.0,0.0,0.0,0.0,0.0,0.0,0.0,0.0,1.8964969,0.0,0.0,0.0
ENSG00000068305,0.0,0.0,0.0,0.0,0.0,1.9039944,0.0,0.0,0.0,2.0314355,0.0,0.0,0.0
ENSG00000197253,0.0,0.0,0.0,0.0,0.0,0.0,0.0,0.0,4.7584715,0.0,0.0,0.0,0.0
ENSG00000172236,0.0,0.0,0.0,0.0,0.0,0.0,0.0,0.0,4.413733,0.0,0.0,0.0,0.0
ENSG00000140990,0.0,0.0,0.0,0.0,0.0,0.0,0.0,0.0,0.0,0.0,1.9847825,0.0,0.0
ENSG00000162104,0.0,0.0,0.0,0.0,0.0,0.0,0.0,0.0,0.0,1.0568278,0.0,0.0,0.0
ENSG00000185739,0.0,0.0,0.0,0.0,0.0,0.0,0.0,0.0,0.0,1.5787961,0.0,0.0,0.0
ENSG00000078328,0.0,0.0,0.0,0.0,0.0,0.0,0.0,0.0,0.0,2.089286,0.0,0.0,0.0
ENSG00000048471,0.0,0.0,0.0,0.0,0.94251806,0.0,0.0,0.0,0.0,0.0,0.0,0.0,0.0
ENSG00000186260,0.0,0.0,0.0,0.0,0.0,0.0,0.0,0.0,0.0,0.91662085,0.0,0.0,0.0
ENSG00000179889,1.3761065,0.0,0.0,1.5821656,0.0,0.0,0.0,0.0,0.0,1.2907174,0.0,0.0,0.0
ENSG00000005187,0.0,0.0,0.0,3.2653363,0.0,0.0,0.0,0.0,0.0,0.0,0.0,0.0,0.0
ENSG00000004779,0.0,0.0,0.0,0.0,0.0,0.0,0.0,0.0,0.0,0.0,1.4782444,0.0,0.0
ENSG00000166501,0.0,0.0,0.0,0.0,3.185399,0.0,0.0,0.0,2.0847094,0.0,0.0,0.0,0.0
ENSG00000090905,1.1846776,0.0,0.0,0.0,0.0,0.0,0.0,0.0,0.0,1.4287779,0.0,0.0,0.0
ENSG00000149925,0.0,0.0,0.0,0.0,0.0,0.0,0.0,0.0,0.0,0.0,3.0502548,0.0,0.0
ENSG00000156885,0.0,0.0,0.0,0.0,0.0,0.0,0.0,0.0,0.0,0.0,3.4029584,0.0,0.0
ENSG00000140795,0.0,0.0,0.0,0.0,0.0,0.0,0.0,0.0,0.0,1.3471818,0.0,0.0,0.0
ENSG00000129636,0.0,0.0,0.0,0.0,0.0,0.0,0.0,0.0,0.0,1.2065456,0.0,0.0,0.0
ENSG00000177200,2.0521038,0.0,0.0,2.2814848,0.0,0.0,0.0,0.0,0.0,1.4261292,0.0,0.0,0.0
ENSG00000140718,1.0875362,0.0,0.0,0.0,0.0,0.0,0.0,0.0,0.0,1.2761012,0.0,0.0,0.0
ENSG00000125148,0.0,0.0,0.0,0.0,0.0,0.0,0.0,0.0,0.0,0.0,0.0,0.0,2.911501
ENSG00000103034,0.0,0.0,0.0,0.0,0.0,0.0,0.0,0.0,0.0,1.4388752,1.2968639,0.0,0.0
ENSG00000103064,1.9066731,0.0,0.0,0.0,0.0,0.0,0.0,0.0,0.0,1.8605715,0.0,0.0,0.0
ENSG00000102908,1.553327,2.4134946,0.0,0.0,0.0,0.0,0.0,0.0,0.0,1.438344,0.0,0.0,0.0
ENSG00000140836,0.0,0.0,0.0,0.0,0.0,0.0,0.0,0.0,0.0,0.0,0.0,2.0727897,0.0
ENSG00000090863,0.0,0.0,0.0,0.0,0.0,0.0,0.0,0.0,0.0,0.97508454,0.0,0.0,0.0
ENSG00000186153,2.4931047,1.812902,0.0,2.1803377,1.2480823,0.0,0.0,0.0,0.0,1.4263694,0.0,0.0,0.0
ENSG00000197943,0.0,0.0,0.0,0.0,2.4395723,0.0,0.0,0.0,0.0,0.0,0.0,0.0,0.0
ENSG00000140945,0.0,0.0,0.0,0.0,0.0,0.0,0.0,0.0,0.0,2.8304212,0.0,0.0,0.0
ENSG00000131143,0.0,0.0,0.0,0.0,0.0,0.0,0.0,0.0,0.0,0.0,3.0914245,0.0,0.0
ENSG00000007168,0.0,0.0,0.0,0.0,0.0,0.0,0.0,0.0,0.0,1.0904133,0.0,0.0,0.0
ENSG00000129250,0.0,0.0,0.0,0.0,0.0,0.0,0.0,0.0,0.0,0.0,1.609758,0.0,0.0
ENSG00000072778,0.0,0.0,0.0,0.0,0.0,0.0,0.0,0.0,0.0,1.0581155,1.3981862,0.0,0.0
ENSG00000141506,0.0,0.0,0.0,0.0,0.0,1.995965,0.0,0.0,0.0,0.0,0.0,0.0,0.0
ENSG00000065320,0.0,2.049153,0.0,0.0,0.0,0.0,0.0,0.0,0.0,0.0,0.0,0.0,0.0
ENSG00000007237,0.0,0.0,0.0,1.3642799,0.0,0.0,0.0,0.0,0.0,0.0,0.0,0.0,0.0
ENSG00000141052,0.0,0.0,0.0,0.0,0.0,0.0,0.0,0.0,0.0,1.0549941,0.0,0.0,0.0
ENSG00000141027,0.0,0.0,0.0,0.0,0.0,0.0,0.0,0.0,0.0,0.92886263,0.0,0.0,0.0
ENSG00000175662,0.0,0.0,0.0,0.0,0.0,0.0,0.0,0.0,0.0,1.6459341,0.0,0.0,0.0
ENSG00000072134,0.0,0.0,0.0,0.0,0.0,0.0,0.0,0.0,0.0,0.9257235,0.0,0.0,0.0
ENSG00000109046,1.5431219,0.0,0.0,1.5693922,0.0,2.297829,0.0,0.0,0.0,1.226436,0.0,0.0,2.3287287
ENSG00000141298,2.2423198,1.8850361,0.0,2.2291403,2.9862223,2.9322536,3.021948,2.9259667,0.0,1.9431723,0.0,0.0,0.0
ENSG00000196712,0.0,0.0,0.0,0.0,0.0,0.0,0.0,0.0,0.0,1.5399476,0.0,0.0,0.0
ENSG00000270647,1.3156103,0.0,0.0,0.0,0.0,0.0,0.0,0.0,0.0,0.80132926,0.0,0.0,0.0
ENSG00000271503,0.0,0.0,0.0,0.0,0.0,0.0,2.352779,0.0,0.0,0.0,0.0,0.0,0.0
ENSG00000275302,0.0,0.0,0.0,0.0,0.0,0.0,2.7071173,0.0,0.0,0.0,0.0,0.0,0.0
ENSG00000108306,0.0,0.0,0.0,0.0,0.0,0.0,0.0,0.0,0.0,1.0163338,0.0,0.0,0.0
ENSG00000173991,0.0,0.0,0.0,0.0,0.0,0.0,0.0,0.0,0.0,0.0,4.7626367,0.0,0.0
ENSG00000173812,0.0,0.0,0.0,0.0,0.0,0.0,0.0,0.0,0.0,0.0,2.9368918,0.0,0.0
ENSG00000161647,0.0,0.0,0.0,0.0,0.0,0.0,0.0,0.0,0.0,1.5559772,0.0,0.0,0.0
ENSG00000186566,1.6788144,0.0,0.0,0.0,0.0,0.0,0.0,0.0,0.0,1.4909147,0.0,0.0,0.0
ENSG00000120071,0.0,0.0,0.0,0.0,0.0,0.0,0.0,0.0,0.0,1.4051104,0.0,0.0,0.0
ENSG00000141293,0.0,0.0,0.0,0.0,0.0,0.0,2.930153,3.0794706,0.0,0.0,0.0,0.0,0.0
ENSG00000159199,0.0,0.0,0.0,0.0,0.0,0.0,0.0,0.0,0.0,0.0,2.268564,0.0,0.0
ENSG00000153944,0.0,0.0,0.0,0.0,0.0,0.0,0.0,0.0,0.0,1.6620028,0.0,0.0,0.0
ENSG00000062716,0.0,0.0,0.0,0.0,0.0,2.4956539,0.0,0.0,0.0,1.077085,0.0,0.0,0.0
ENSG00000141376,1.7560065,0.0,0.0,0.0,0.0,0.0,0.0,0.0,0.0,1.2362267,0.0,2.1799898,0.0
ENSG00000261371,0.0,0.0,2.3893034,0.0,0.0,0.0,0.0,0.0,0.0,0.0,0.0,0.0,0.0
ENSG00000108654,2.0397859,0.0,0.0,0.0,0.0,0.0,0.0,0.0,0.0,1.4333802,0.0,0.0,0.0
ENSG00000154229,0.0,0.0,0.0,0.0,0.0,0.0,0.0,0.0,0.0,0.0,0.0,0.0,2.4271169
ENSG00000154217,0.0,0.0,2.54533,0.0,0.0,0.0,2.577596,2.4992356,0.0,0.0,0.0,0.0,0.0
ENSG00000171634,0.0,0.0,0.0,0.0,0.0,0.0,0.0,0.0,0.0,0.90700245,0.0,0.0,0.0
ENSG00000070540,0.0,0.0,0.0,0.0,0.0,0.0,0.0,0.0,0.0,0.935398,0.0,0.0,0.0
ENSG00000108946,0.0,0.0,0.0,0.0,0.0,0.0,0.0,0.0,0.0,1.0921872,1.5325059,0.0,0.0
ENSG00000141338,0.0,0.0,0.0,3.1709895,0.0,0.0,0.0,0.0,0.0,0.0,0.0,0.0,1.9224379
ENSG00000154258,0.0,0.0,0.0,2.2962198,0.0,0.0,0.0,0.0,0.0,0.0,0.0,0.0,0.0
ENSG00000154262,1.4208658,0.0,0.0,3.4531493,0.0,0.0,0.0,0.0,0.0,0.0,0.0,0.0,2.264035
ENSG00000184009,0.0,0.0,0.0,0.0,0.0,0.0,0.0,0.0,0.0,1.1572034,0.0,0.0,0.0
ENSG00000169710,1.7250044,0.0,0.0,0.0,0.0,0.0,0.0,0.0,0.0,0.0,0.0,0.0,0.0
ENSG00000101596,0.0,0.0,0.0,0.0,2.7382479,0.0,0.0,0.0,0.0,0.0,0.0,0.0,0.0
ENSG00000101605,0.0,0.0,0.0,0.0,0.0,0.0,0.0,0.0,0.0,3.4063349,2.0392044,0.0,0.0
ENSG00000101608,0.0,0.0,0.0,0.0,0.0,0.0,0.0,0.0,0.0,0.0,3.017315,0.0,0.0
ENSG00000173482,2.5860686,1.8137606,3.453668,0.0,0.0,0.0,0.0,0.0,0.0,2.6564083,0.0,0.0,0.0
ENSG00000101745,0.0,0.0,0.0,0.0,0.0,0.0,0.0,0.0,0.0,0.86841303,0.0,0.0,0.0
ENSG00000154856,2.1131773,0.0,0.0,0.0,0.0,0.0,0.0,0.0,0.0,0.0,0.0,0.0,0.0
ENSG00000168675,0.0,0.0,0.0,0.0,0.0,2.3701808,0.0,0.0,0.0,1.3533227,0.0,0.0,0.0
ENSG00000141449,0.0,0.0,0.0,0.0,0.0,0.0,0.0,0.0,0.0,1.5043205,0.0,0.0,0.0
ENSG00000141448,0.0,0.0,0.0,0.0,0.0,0.0,0.0,0.0,0.0,0.79695255,0.0,0.0,0.0
ENSG00000141447,0.0,0.0,0.0,0.0,0.0,0.0,0.0,0.0,0.0,0.92886263,0.0,0.0,0.0
ENSG00000198795,0.0,1.6707071,0.0,0.0,0.0,0.0,0.0,0.0,0.0,0.0,0.0,0.0,0.0
ENSG00000170558,0.0,0.0,0.0,0.0,0.0,0.0,0.0,0.0,0.0,2.595314,0.0,0.0,0.0
ENSG00000134769,0.0,0.0,0.0,0.0,0.0,0.0,0.0,0.0,0.0,2.4271913,0.0,0.0,0.0
ENSG00000166974,0.0,0.0,0.0,0.0,0.0,0.0,0.0,0.0,0.0,1.4605943,0.0,0.0,0.0
ENSG00000134775,0.0,0.0,0.0,0.0,0.0,0.0,0.0,0.0,0.0,2.6073318,0.0,0.0,0.0
ENSG00000152217,0.0,0.0,0.0,0.0,2.8429246,0.0,0.0,0.0,0.0,0.0,0.0,0.0,0.0
ENSG00000152234,0.0,0.0,0.0,0.0,0.0,0.0,0.0,0.0,0.0,0.0,1.6358733,0.0,0.0
ENSG00000134030,1.1785685,0.0,0.0,0.0,0.0,0.0,0.0,0.0,0.0,0.0,0.0,0.0,0.0
ENSG00000196628,0.0,2.364048,2.7239199,2.569206,0.0,0.0,0.0,0.0,0.0,0.0,0.0,1.7500439,0.0
ENSG00000081923,0.0,0.0,0.0,0.0,2.0188892,0.0,0.0,0.0,0.0,0.0,0.0,0.0,0.0
ENSG00000171791,2.0859437,0.0,0.0,0.0,0.0,0.0,0.0,2.9085948,0.0,0.0,0.0,0.0,2.6166987
ENSG00000071991,0.0,0.0,0.0,3.2355373,0.0,0.0,0.0,0.0,0.0,0.0,0.0,0.0,4.017439
ENSG00000088854,0.0,0.0,0.0,0.0,0.0,0.0,0.0,0.0,0.0,1.4225355,0.0,0.0,0.0
ENSG00000182621,0.0,0.0,2.5832353,1.4360605,0.0,0.0,0.0,0.0,0.0,0.0,0.0,0.0,2.484
ENSG00000101333,0.0,0.0,0.0,0.0,0.0,0.0,0.0,0.0,0.0,1.3130221,0.0,2.3693016,0.0
ENSG00000172264,0.0,0.0,0.0,0.0,0.0,0.0,0.0,0.0,0.0,1.1661016,0.0,0.0,0.0
ENSG00000125868,0.0,0.0,0.0,0.0,0.0,0.0,0.0,0.0,0.0,0.0,2.461626,0.0,0.0
ENSG00000185052,0.0,0.0,0.0,0.0,0.0,0.0,0.0,0.0,3.0540965,0.0,0.0,0.0,0.0
ENSG00000132669,0.0,0.0,2.611999,0.0,0.0,0.0,0.0,0.0,0.0,1.2237189,0.0,0.0,0.0
ENSG00000188559,0.0,2.3794644,0.0,0.0,0.0,0.0,0.0,0.0,0.0,0.0,0.0,0.0,0.0
ENSG00000101439,0.0,0.0,0.0,0.0,0.0,0.0,0.0,0.0,0.0,0.0,1.5288169,0.0,0.0
ENSG00000125968,0.0,0.0,2.4690154,0.0,0.0,0.0,0.0,0.0,0.0,0.0,0.0,0.0,0.0
ENSG00000078747,0.0,0.0,0.0,0.0,0.0,0.0,0.0,0.0,0.0,0.9195128,0.0,0.0,0.0
ENSG00000131069,1.5778801,0.0,0.0,0.0,0.0,0.0,0.0,0.0,0.0,0.0,0.0,0.0,0.0
ENSG00000078814,0.0,0.0,0.0,0.0,0.0,0.0,0.0,0.0,0.0,2.1993608,0.0,0.0,0.0
ENSG00000101335,0.0,0.0,0.0,0.0,0.0,0.0,0.0,0.0,0.0,0.0,3.0894213,0.0,0.0
ENSG00000101079,0.0,0.0,0.0,0.0,0.0,0.0,0.0,0.0,0.0,0.72063744,0.0,0.0,0.0
ENSG00000101347,0.0,0.0,0.0,0.0,0.0,0.0,0.0,0.0,0.0,0.0,0.0,0.0,2.0106888
ENSG00000198959,0.0,0.0,0.0,0.0,0.0,0.0,0.0,0.0,0.0,0.0,1.1404297,0.0,0.0
ENSG00000149596,0.0,0.0,0.0,0.0,0.0,0.0,0.0,0.0,0.0,0.8909324,0.0,0.0,0.0
ENSG00000101109,0.0,0.0,0.0,0.0,2.438037,0.0,0.0,0.0,0.0,0.0,0.0,0.0,0.0
ENSG00000101040,0.0,0.0,0.0,0.0,0.0,0.0,0.0,0.0,0.0,1.247078,0.0,0.0,0.0
ENSG00000124151,0.0,0.0,2.2054443,0.0,2.5986319,0.0,0.0,0.0,0.0,0.0,0.0,0.0,0.0
ENSG00000124198,0.0,0.0,0.0,0.0,0.0,0.0,0.0,0.0,0.0,0.7834725,0.0,0.0,0.0
ENSG00000182463,0.0,2.7606697,0.0,0.0,0.0,0.0,0.0,0.0,0.0,0.0,0.0,0.0,0.0
ENSG00000124172,0.0,0.0,0.0,0.0,0.0,0.0,0.0,0.0,0.0,0.0,2.4591775,0.0,0.0
ENSG00000101210,0.0,0.0,0.0,0.0,0.0,0.0,0.0,0.0,0.0,0.0,1.4996852,0.0,0.0
ENSG00000125534,0.0,0.0,0.0,0.0,0.0,0.0,0.0,0.0,0.0,0.0,1.479465,0.0,0.0
ENSG00000172270,0.0,0.0,0.0,0.0,0.0,0.0,0.0,0.0,0.0,0.0,2.4116445,0.0,0.0
ENSG00000099624,0.0,0.0,0.0,0.0,0.0,0.0,0.0,0.0,0.0,0.0,2.2982318,0.0,0.0
ENSG00000077009,0.0,0.0,0.0,0.0,0.0,0.0,0.0,0.0,0.0,0.0,2.729593,0.0,0.0
ENSG00000167658,0.0,0.0,0.0,0.0,0.0,0.0,0.0,0.0,0.0,0.0,2.2771552,0.0,0.0
ENSG00000167676,1.4917151,0.0,0.0,0.0,0.0,0.0,0.0,0.0,0.0,0.0,0.0,0.0,0.0
ENSG00000105426,2.3024726,0.0,0.0,0.0,0.0,0.0,0.0,0.0,0.0,0.0,0.0,0.0,0.0
ENSG00000171105,1.558342,0.0,0.0,0.0,0.0,0.0,0.0,0.0,0.0,2.154536,0.0,0.0,0.0
ENSG00000095066,0.0,0.0,0.0,0.0,0.0,0.0,0.0,0.0,0.0,1.7702136,0.0,0.0,0.0
ENSG00000099795,0.0,0.0,0.0,0.0,0.0,0.0,0.0,0.0,0.0,0.0,1.8395661,0.0,0.0
ENSG00000127527,0.0,0.0,0.0,0.0,0.0,0.0,0.0,0.0,0.0,1.3580245,0.0,0.0,0.0
ENSG00000213988,0.0,0.0,0.0,0.0,0.0,0.0,0.0,0.0,0.0,0.0,2.3942668,0.0,0.0
ENSG00000167232,0.0,0.0,0.0,0.0,0.0,0.0,0.0,0.0,0.0,0.99254084,0.0,0.0,0.0
ENSG00000198597,0.0,0.0,0.0,0.0,0.0,0.0,0.0,0.0,0.0,0.0,0.0,0.0,2.4042914
ENSG00000105220,0.0,0.0,0.0,0.0,0.0,0.0,0.0,0.0,0.0,0.6913023,0.0,0.0,0.0
ENSG00000126267,0.0,0.0,0.0,0.0,0.0,0.0,0.0,0.0,0.0,0.0,2.8227344,0.0,0.0
ENSG00000161281,0.0,0.0,0.0,0.0,0.0,0.0,0.0,0.0,0.0,0.0,2.2255158,0.0,0.0
ENSG00000196357,0.0,0.0,0.0,0.0,0.0,0.0,0.0,0.0,0.0,1.1130857,0.0,0.0,0.0
ENSG00000105738,0.0,0.0,0.0,0.0,2.474358,0.0,0.0,0.0,0.0,0.0,0.0,0.0,0.0
ENSG00000130402,0.0,0.0,0.0,0.0,0.0,0.0,0.0,0.0,0.0,0.85810876,0.0,0.0,0.0
ENSG00000079435,1.8885986,0.0,0.0,0.0,0.0,0.0,0.0,0.0,0.0,0.0,0.0,0.0,0.0
ENSG00000104879,0.0,0.0,0.0,0.0,0.0,0.0,0.0,0.0,0.0,0.0,3.4084513,0.0,0.0
ENSG00000124440,0.0,2.0761237,2.2162943,0.0,0.0,0.0,0.0,0.0,0.0,2.1539073,0.0,0.0,0.0
ENSG00000178980,0.0,0.0,0.0,0.0,0.0,0.0,0.0,0.0,0.0,0.0,2.9201388,0.0,0.0
ENSG00000105374,0.0,0.0,0.0,0.0,0.0,0.0,2.9713638,0.0,0.0,0.0,0.0,0.0,0.0
ENSG00000129991,0.0,0.0,0.0,0.0,0.0,0.0,0.0,0.0,0.0,0.0,4.1477647,0.0,0.0
ENSG00000243156,0.0,0.0,0.0,0.0,0.0,0.0,0.0,0.0,0.0,1.7606441,0.0,0.0,0.0
ENSG00000250479,0.0,0.0,0.0,0.0,0.0,0.0,0.0,0.0,0.0,0.0,3.563617,0.0,0.0
ENSG00000197077,0.0,1.9294635,0.0,0.0,0.0,0.0,0.0,0.0,0.0,0.0,0.0,0.0,0.0
ENSG00000100077,1.5778801,0.0,0.0,0.0,0.0,0.0,0.0,0.0,0.0,0.0,0.0,0.0,0.0
ENSG00000133454,0.0,0.0,0.0,0.0,0.0,0.0,0.0,0.0,0.0,2.5359092,0.0,0.0,0.0
ENSG00000100154,0.0,1.5137166,0.0,0.0,0.0,0.0,0.0,0.0,0.0,1.3838991,0.0,0.0,0.0
ENSG00000184076,0.0,0.0,0.0,0.0,0.0,0.0,0.0,0.0,0.0,0.0,2.7202682,0.0,0.0
ENSG00000100234,0.0,2.9713638,2.9505227,2.0828617,0.0,0.0,0.0,0.0,0.0,0.0,0.0,2.5496712,2.5998106
ENSG00000133424,0.0,0.0,0.0,0.0,0.0,0.0,0.0,0.0,0.0,2.930153,0.0,0.0,0.0
ENSG00000198125,0.0,0.0,0.0,0.0,0.0,0.0,0.0,0.0,0.0,0.0,4.5992556,0.0,0.0
ENSG00000100320,1.0754282,0.0,0.0,0.0,0.0,0.0,0.0,0.0,0.0,1.4383848,0.0,0.0,0.0
ENSG00000100097,0.0,0.0,0.0,0.0,0.0,0.0,0.0,0.0,0.0,0.0,2.3713536,0.0,0.0
ENSG00000213923,0.0,0.0,0.0,0.0,0.0,0.0,0.0,0.0,0.0,0.6640252,0.0,0.0,0.0
ENSG00000100201,0.0,0.0,0.0,0.0,0.0,0.0,0.0,0.0,0.0,1.1579517,0.0,0.0,0.0
ENSG00000100354,1.6325527,1.6637348,0.0,1.5079391,2.7957273,0.0,2.4819784,2.8094404,0.0,2.096014,0.0,0.0,2.188407
ENSG00000100412,0.0,0.0,0.0,0.0,0.0,0.0,0.0,0.0,0.0,0.79315567,0.0,0.0,0.0
ENSG00000172346,0.0,0.0,0.0,0.0,0.0,0.0,0.0,0.0,0.0,1.1072191,0.0,0.0,0.0
ENSG00000184983,0.0,0.0,0.0,0.0,0.0,0.0,0.0,0.0,0.0,0.0,0.8610151,0.0,0.0
ENSG00000054611,0.0,0.0,0.0,0.0,2.5849938,0.0,0.0,0.0,0.0,0.0,0.0,0.0,0.0
ENSG00000154654,0.0,0.0,0.0,0.0,0.0,0.0,0.0,0.0,0.0,0.0,0.0,0.0,3.5058641
ENSG00000154723,0.0,0.0,0.0,0.0,0.0,0.0,0.0,0.0,0.0,0.0,2.5675378,0.0,0.0
ENSG00000142192,0.0,2.7948995,1.9208374,0.0,0.0,0.0,0.0,0.0,0.0,0.0,0.0,0.0,0.0
ENSG00000142168,0.0,0.0,0.0,0.0,0.0,0.0,0.0,0.0,0.0,0.0,1.6651236,0.0,0.0
ENSG00000205726,1.775692,0.0,0.0,0.0,0.0,0.0,0.0,0.0,0.0,0.0,0.0,0.0,0.0
ENSG00000157540,0.0,0.0,0.0,0.0,0.0,0.0,0.0,0.0,0.0,0.7589239,0.0,0.0,0.0
ENSG00000142156,0.0,0.0,0.0,2.3416612,0.0,0.0,0.0,0.0,0.0,0.0,0.0,0.0,0.0
ENSG00000142173,0.0,0.0,0.0,2.2323532,0.0,0.0,0.0,0.0,0.0,0.0,0.0,0.0,0.0
