,Endothelial cell (lymphatic),Endothelial cell (vascular),Epithelial cell (alveolar type I),Epithelial cell (alveolar type II),Epithelial cell (basal),Epithelial cell (ciliated),Epithelial cell (club),Fibroblast,Immune (B cell),Immune (DC/macrophage),Immune (NK cell),Immune (T cell),Immune (alveolar macrophage),Immune (mast cell),Pericyte/SMC
ENSG00000142599,0.0,0.0,1.6924223,1.9534912,1.9654578,2.0053644,2.3717942,0.0,0.0,0.0,0.0,0.0,0.0,0.0,0.0
ENSG00000142621,0.0,0.0,0.0,0.0,0.0,1.9099746,0.0,0.0,0.0,0.0,0.0,0.0,0.0,0.0,0.0
ENSG00000075151,0.0,0.0,0.0,0.0,0.0,1.6558905,0.0,0.0,0.0,0.0,1.106512,0.0,0.0,0.0,0.0
ENSG00000119535,0.0,0.0,0.0,2.3834753,0.0,0.0,0.0,0.0,0.0,0.0,0.0,0.0,0.0,0.0,0.0
ENSG00000127603,2.451398,2.227662,2.0727763,2.4024532,0.0,2.1607404,1.4543008,3.5431588,0.0,0.0,0.0,0.0,0.0,0.0,0.0
ENSG00000186409,0.0,0.0,0.0,0.0,0.0,2.5809758,0.0,0.0,0.0,0.0,0.0,0.0,0.0,0.0,0.0
ENSG00000186094,0.0,0.0,0.0,0.0,0.0,3.545059,0.0,0.0,0.0,0.0,0.0,0.0,0.0,0.0,0.0
ENSG00000185104,2.227662,0.0,0.0,1.6834395,2.7310162,0.0,1.7785635,0.0,0.0,0.0,0.0,0.0,0.0,0.0,0.0
ENSG00000162599,2.8006883,0.0,0.0,1.7528441,2.0438843,2.4550319,2.4538188,1.8859882,0.0,0.0,0.0,0.0,0.0,0.0,2.1021698
ENSG00000132849,0.0,0.0,2.7071173,2.1053293,2.6312466,1.9547915,2.2489934,0.0,0.0,0.0,0.0,0.0,0.0,0.0,0.0
ENSG00000185483,0.0,0.0,2.3242207,0.0,0.0,0.0,0.0,0.0,0.0,0.0,0.0,0.0,0.0,0.0,0.0
ENSG00000158966,0.0,0.0,0.0,0.0,2.292735,0.0,0.0,0.0,0.0,0.0,0.0,0.0,0.0,0.0,0.0
ENSG00000152763,0.0,0.0,0.0,0.0,0.0,1.9098518,0.0,0.0,0.0,0.0,0.0,0.0,0.0,0.0,0.0
ENSG00000172260,0.0,0.0,0.0,0.0,0.0,0.0,0.0,2.0664544,0.0,0.0,0.0,0.0,0.0,0.0,0.0
ENSG00000184005,3.110455,2.5923355,0.0,0.0,0.0,0.0,0.0,0.0,0.0,0.0,0.0,0.0,0.0,0.0,0.0
ENSG00000117069,0.0,0.0,2.6297293,0.0,0.0,0.0,0.0,0.0,0.0,0.0,0.0,0.0,0.0,0.0,0.0
ENSG00000117114,0.0,2.3014612,0.0,0.0,0.0,0.0,0.0,0.0,0.0,0.0,0.0,0.0,0.0,0.0,0.0
ENSG00000122417,0.0,0.0,0.0,0.0,0.0,1.1994538,0.0,0.0,0.0,0.0,0.0,0.0,0.0,0.0,0.0
ENSG00000188641,0.0,0.0,0.0,2.8843477,1.8963356,0.0,2.1741009,2.263916,0.0,3.5426116,0.0,0.0,3.0275393,0.0,0.0
ENSG00000134215,2.4739783,0.0,0.0,0.0,0.0,0.0,0.0,0.0,0.0,0.0,0.0,0.0,0.0,0.0,0.0
ENSG00000081026,0.0,0.0,3.1166873,2.4303355,1.5774351,0.0,2.881959,0.0,0.0,0.0,0.0,0.0,0.0,0.0,0.0
ENSG00000155761,0.0,0.0,0.0,0.0,0.0,2.6899915,0.0,0.0,0.0,0.0,0.0,0.0,0.0,0.0,0.0
ENSG00000265972,0.0,0.0,0.0,0.0,0.0,0.0,0.0,0.0,0.0,0.0,0.0,0.0,2.2572486,0.0,0.0
ENSG00000178104,0.0,0.0,0.0,0.0,0.0,0.0,0.0,0.0,0.0,0.0,0.0,0.0,1.9772393,0.0,0.0
ENSG00000116539,0.0,0.0,0.0,1.5350722,1.4055147,0.0,0.0,0.0,0.0,0.0,0.0,0.0,1.1279857,0.0,0.0
ENSG00000185630,0.0,0.0,0.0,0.0,0.0,0.0,0.0,2.4489698,0.0,0.0,0.0,0.0,0.0,0.0,0.0
ENSG00000198821,0.0,0.0,0.0,0.0,0.0,0.0,0.0,0.0,0.0,0.0,3.4660754,0.0,0.0,0.0,0.0
ENSG00000152061,0.0,0.0,1.9132895,2.0996513,0.0,1.8725872,1.7477483,0.0,2.8213482,0.0,3.2379048,2.8257155,1.8485265,0.0,0.0
ENSG00000143207,0.0,0.0,0.0,0.0,0.0,0.0,0.0,0.0,0.0,0.0,0.0,0.0,1.6168388,0.0,0.0
ENSG00000075391,0.0,0.0,1.9978908,0.0,0.0,1.7288065,0.0,0.0,0.0,0.0,0.0,0.0,2.200788,0.0,2.121751
ENSG00000116191,0.0,0.0,0.0,0.0,0.0,0.0,0.0,0.0,2.899734,0.0,0.0,0.0,0.0,0.0,0.0
ENSG00000143324,0.0,0.0,0.0,0.0,2.0236707,0.0,0.0,0.0,0.0,0.0,0.0,0.0,0.0,0.0,0.0
ENSG00000135821,0.0,0.0,0.0,0.0,0.0,0.0,0.0,0.0,0.0,0.0,0.0,0.0,1.9655356,0.0,0.0
ENSG00000135862,0.0,0.0,0.0,0.0,0.0,0.0,0.0,2.3828056,0.0,0.0,0.0,0.0,0.0,0.0,0.0
ENSG00000143341,0.0,0.0,0.0,0.0,0.0,0.0,0.0,1.8528647,0.0,0.0,0.0,0.0,0.0,0.0,0.0
ENSG00000081237,0.0,0.0,0.0,0.0,0.0,0.0,0.0,0.0,0.0,0.0,2.8101983,2.85147,1.6717592,0.0,0.0
ENSG00000196352,0.0,0.0,2.254699,0.0,0.0,0.0,0.0,0.0,0.0,0.0,0.0,0.0,0.0,0.0,0.0
ENSG00000196482,0.0,0.0,0.0,0.0,0.0,1.9352728,0.0,0.0,0.0,0.0,0.0,0.0,0.0,0.0,0.0
ENSG00000162814,0.0,0.0,0.0,0.0,0.0,1.9831874,0.0,0.0,0.0,0.0,0.0,0.0,0.0,0.0,0.0
ENSG00000198626,0.0,0.0,0.0,0.0,0.0,0.0,0.0,2.2520456,0.0,0.0,0.0,0.0,0.0,0.0,0.0
ENSG00000054282,0.0,0.0,0.0,2.107866,0.0,0.0,0.0,0.0,0.0,0.0,0.0,0.0,1.9441979,0.0,0.0
ENSG00000117020,0.0,0.0,0.0,0.0,0.0,0.0,0.0,0.0,0.0,0.0,0.0,0.0,0.0,0.0,2.0328345
ENSG00000203666,0.0,0.0,0.0,0.0,0.0,2.2052085,0.0,0.0,0.0,0.0,0.0,0.0,0.0,0.0,0.0
ENSG00000185420,0.0,0.0,2.842295,2.8504457,2.9022431,1.9769884,2.9094176,0.0,2.0796862,0.0,0.0,0.0,0.0,2.6490505,0.0
ENSG00000151694,0.0,0.0,0.0,0.0,0.0,0.0,0.0,0.0,0.0,0.0,0.0,0.0,2.200788,0.0,0.0
ENSG00000115760,0.0,0.0,0.0,1.3621154,0.0,0.0,1.7033621,0.0,2.1856818,0.0,0.0,0.0,1.6793463,0.0,0.0
ENSG00000183023,0.0,0.0,0.0,0.0,0.0,0.0,0.0,0.0,0.0,2.8050528,0.0,0.0,2.441275,0.0,0.0
ENSG00000143924,0.0,0.0,0.0,0.0,0.0,0.0,0.0,0.0,0.0,0.0,0.0,0.0,2.5445182,0.0,0.0
ENSG00000152527,0.0,0.0,0.0,0.0,0.0,0.0,0.0,2.8430562,0.0,0.0,0.0,0.0,0.0,0.0,0.0
ENSG00000171132,0.0,0.0,0.0,0.0,0.0,2.0334148,0.0,0.0,0.0,0.0,0.0,0.0,2.2339644,0.0,0.0
ENSG00000116016,0.0,3.304933,0.0,0.0,0.0,0.0,0.0,0.0,0.0,0.0,0.0,0.0,0.0,0.0,0.0
ENSG00000115306,0.0,0.0,2.0406594,0.0,0.0,0.0,0.0,0.0,0.0,0.0,0.0,0.0,0.0,0.0,0.0
ENSG00000115355,0.0,0.0,0.0,0.0,0.0,0.0,0.0,0.0,0.0,0.0,0.0,0.0,2.285838,0.0,0.0
ENSG00000115464,0.0,0.0,0.0,1.693146,1.68205,0.0,0.0,0.0,0.0,0.0,0.0,0.0,0.0,0.0,0.0
ENSG00000143951,0.0,0.0,0.0,0.0,0.0,2.0392046,0.0,0.0,0.0,0.0,0.0,0.0,0.0,0.0,0.0
ENSG00000143995,0.0,0.0,0.0,0.0,0.0,0.0,0.0,2.0305324,0.0,0.0,0.0,0.0,0.0,0.0,0.0
ENSG00000115423,0.0,0.0,0.0,0.0,0.0,2.538054,0.0,0.0,0.0,0.0,0.0,0.0,0.0,0.0,0.0
ENSG00000168883,0.0,0.0,1.4094234,0.0,0.0,0.0,0.0,0.0,0.0,0.0,0.0,0.0,0.0,0.0,0.0
ENSG00000168878,0.0,0.0,4.3737206,5.3404784,4.699513,0.0,5.3134785,0.0,0.0,0.0,0.0,0.0,0.0,0.0,0.0
ENSG00000115523,0.0,0.0,0.0,0.0,0.0,0.0,0.0,0.0,0.0,0.0,3.850864,0.0,0.0,0.0,0.0
ENSG00000144218,0.0,0.0,0.0,2.8104184,0.0,0.0,2.3540769,0.0,0.0,0.0,0.0,0.0,0.0,0.0,0.0
ENSG00000204634,0.0,0.0,0.0,0.0,0.0,1.9553117,0.0,0.0,0.0,0.0,0.0,0.0,0.0,0.0,0.0
ENSG00000163162,0.0,0.0,0.0,0.0,0.0,0.0,0.0,0.0,0.0,2.4591775,0.0,0.0,2.7686133,0.0,0.0
ENSG00000115604,0.0,0.0,0.0,0.0,0.0,0.0,0.0,0.0,0.0,0.0,0.0,0.0,0.0,2.915173,0.0
ENSG00000153093,0.0,0.0,0.0,2.2677875,0.0,0.0,0.0,0.0,0.0,0.0,0.0,0.0,0.0,0.0,0.0
ENSG00000163075,0.0,0.0,0.0,0.0,0.0,2.0521095,0.0,0.0,0.0,0.0,0.0,0.0,0.0,0.0,0.0
ENSG00000115109,0.0,0.0,2.2104895,0.0,0.0,0.0,0.0,0.0,0.0,0.0,0.0,0.0,0.0,0.0,0.0
ENSG00000176771,0.0,0.0,3.8592687,0.0,0.0,0.0,0.0,0.0,0.0,0.0,0.0,0.0,0.0,0.0,0.0
ENSG00000152127,0.0,0.0,0.0,0.0,0.0,0.0,0.0,0.0,0.0,0.0,0.0,0.0,1.5817051,0.0,0.0
ENSG00000152128,0.0,0.0,0.0,2.0357234,0.0,0.0,0.0,0.0,0.0,0.0,0.0,0.0,0.0,0.0,0.0
ENSG00000075884,0.0,0.0,0.0,0.0,0.0,0.0,0.0,0.0,3.0365841,2.176171,3.151514,3.1731794,0.0,2.9891067,0.0
ENSG00000169554,0.0,0.0,0.0,0.0,0.0,0.0,0.0,1.7280974,0.0,2.952241,3.0465808,0.0,2.4885354,0.0,0.0
ENSG00000204406,0.0,0.0,0.0,1.7938459,1.4695482,0.0,0.0,0.0,0.0,0.0,0.0,0.0,0.0,0.0,0.0
ENSG00000157827,0.0,0.0,0.0,0.0,0.0,0.0,0.0,0.0,0.0,2.6954482,0.0,0.0,3.0598898,0.0,0.0
ENSG00000136546,0.0,0.0,0.0,0.0,0.0,0.0,0.0,2.3145075,0.0,0.0,0.0,0.0,0.0,0.0,0.0
ENSG00000155657,0.0,0.0,0.0,1.8276424,0.0,0.0,0.0,0.0,0.0,0.0,0.0,0.0,0.0,0.0,0.0
ENSG00000163492,0.0,0.0,0.0,2.153638,0.0,0.0,0.0,0.0,0.0,0.0,0.0,0.0,0.0,0.0,0.0
ENSG00000144331,0.0,0.0,0.0,4.0416117,0.0,0.0,0.0,0.0,0.0,0.0,0.0,0.0,0.0,0.0,0.0
ENSG00000064989,0.0,2.6738265,0.0,0.0,0.0,0.0,0.0,0.0,0.0,0.0,0.0,0.0,0.0,0.0,0.0
ENSG00000003436,2.9394321,0.0,0.0,0.0,0.0,0.0,0.0,0.0,0.0,0.0,0.0,0.0,0.0,0.0,0.0
ENSG00000118997,0.0,0.0,0.0,0.0,0.0,2.938586,0.0,0.0,0.0,0.0,0.0,0.0,0.0,0.0,0.0
ENSG00000065413,0.0,0.0,0.0,0.0,0.0,0.0,0.0,0.0,2.8485603,1.2744281,2.9229562,2.999922,0.0,2.7176223,0.0
ENSG00000003402,0.0,0.0,2.0538797,0.0,0.0,0.0,0.0,0.0,0.0,0.0,0.0,0.0,0.0,0.0,0.0
ENSG00000204217,0.0,2.8324609,0.0,0.0,0.0,0.0,0.0,0.0,0.0,0.0,0.0,0.0,0.0,0.0,0.0
ENSG00000144426,0.0,0.0,2.113924,1.9401042,1.8074739,0.0,0.0,0.0,0.0,0.0,0.0,0.0,0.0,0.0,0.0
ENSG00000116117,0.0,0.0,2.5221024,0.0,0.0,1.7917595,1.8541833,2.579284,0.0,0.0,0.0,0.0,0.0,0.0,0.0
ENSG00000178568,0.0,0.0,0.0,3.2629168,2.6801171,0.0,3.0660448,0.0,0.0,0.0,0.0,0.0,0.0,0.0,0.0
ENSG00000144451,0.0,0.0,0.0,0.0,0.0,2.7578306,0.0,0.0,0.0,0.0,0.0,0.0,0.0,0.0,0.0
ENSG00000115414,0.0,0.0,0.0,0.0,0.0,0.0,0.0,0.60302675,0.0,0.0,0.0,0.0,0.0,0.0,0.0
ENSG00000018280,0.0,0.0,0.0,0.0,0.0,0.0,0.0,0.0,0.0,0.0,0.0,0.0,3.2234955,0.0,0.0
ENSG00000135905,0.0,0.0,0.0,0.0,0.0,0.0,0.0,0.0,0.0,0.0,0.0,2.2050853,1.7917595,0.0,0.0
ENSG00000169031,0.0,0.0,1.9924014,0.0,0.0,0.0,0.0,0.0,0.0,0.0,0.0,0.0,0.0,0.0,0.0
ENSG00000153823,0.0,0.0,0.0,1.6385416,0.0,0.0,0.0,0.0,0.0,0.0,0.0,0.0,0.0,0.0,0.0
ENSG00000157985,0.0,0.0,0.0,1.5457308,0.0,1.8672484,2.0045507,0.0,0.0,0.0,0.0,0.0,0.0,0.0,0.0
ENSG00000124831,0.0,0.0,0.0,0.0,0.0,0.0,0.0,0.0,0.0,0.0,0.0,0.0,2.1328747,0.0,0.0
ENSG00000197548,0.0,0.0,0.0,0.0,0.0,0.0,0.0,0.0,0.0,2.1350088,0.0,0.0,2.1901448,0.0,0.0
ENSG00000132170,0.0,0.0,0.0,0.0,0.0,0.0,0.0,0.0,0.0,0.0,0.0,0.0,3.1611989,0.0,0.0
ENSG00000131374,0.0,0.0,0.0,0.0,2.0535998,1.302881,0.0,0.0,0.0,0.0,0.0,0.0,2.038042,0.0,0.0
ENSG00000182247,0.0,0.0,0.0,0.0,0.0,0.0,0.0,1.8241501,0.0,2.288222,0.0,0.0,2.563105,0.0,0.0
ENSG00000163491,0.0,0.0,0.0,0.0,0.0,2.6786342,0.0,0.0,0.0,0.0,0.0,0.0,0.0,0.0,0.0
ENSG00000144642,3.163366,2.6208189,3.4751415,0.0,3.1547756,1.9483142,2.761879,3.7554548,0.0,0.0,0.0,0.0,0.0,0.0,2.9801917
ENSG00000163513,2.7039146,0.0,0.0,0.0,0.0,0.0,0.0,0.0,0.0,0.0,0.0,0.0,0.0,0.0,0.0
ENSG00000168036,0.0,0.0,0.0,0.0,0.0,0.0,0.0,0.0,0.0,0.0,0.0,0.0,2.0595303,0.0,0.0
ENSG00000168038,0.0,0.0,0.0,0.0,0.0,2.7870038,0.0,0.0,0.0,0.0,0.0,0.0,0.0,0.0,0.0
ENSG00000004534,0.0,0.0,0.0,0.0,0.0,0.0,0.0,0.0,0.94656783,0.0,0.0,0.0,0.0,0.0,0.0
ENSG00000157388,0.0,0.0,0.0,0.0,0.0,0.0,0.0,2.17065,0.0,0.0,0.0,0.0,0.0,0.0,0.0
ENSG00000174844,0.0,0.0,0.0,0.0,0.0,3.3276439,0.0,0.0,0.0,0.0,0.0,0.0,0.0,0.0,0.0
ENSG00000189283,0.0,0.0,2.0279484,2.5488553,2.0540218,1.9078307,2.554587,0.0,0.0,0.0,0.0,0.0,2.0874894,0.0,0.0
ENSG00000144724,0.0,3.126168,0.0,2.9539628,2.390109,0.0,2.0850446,3.1175294,0.0,0.0,0.0,0.0,0.0,0.0,2.8591888
ENSG00000163637,0.0,0.0,0.0,0.0,0.0,1.6746088,0.0,0.0,0.0,0.0,0.0,0.0,0.0,0.0,0.0
ENSG00000151276,3.1836815,2.7376652,3.2546687,2.5273862,1.8617232,2.6798978,2.5306149,0.0,0.0,0.0,0.0,0.0,0.0,0.0,0.0
ENSG00000114541,2.803625,0.0,0.0,2.4630988,2.0346918,0.0,0.0,1.9483283,0.0,0.0,0.0,0.0,0.0,0.0,0.0
ENSG00000187098,0.0,0.0,0.0,0.0,0.0,0.0,0.0,0.0,0.0,0.0,0.0,0.0,1.6342111,0.0,0.0
ENSG00000114861,2.9574163,2.6700616,2.5692062,2.9234643,2.8196802,2.5923386,2.7458134,0.0,0.0,2.0265174,0.0,2.4779685,2.1866286,3.1220112,0.0
ENSG00000121440,0.0,0.0,0.0,0.0,0.0,0.0,0.0,2.0709596,0.0,0.0,0.0,0.0,0.0,0.0,0.0
ENSG00000185008,0.0,0.0,0.0,0.0,0.0,0.0,0.0,3.0837693,0.0,0.0,0.0,0.0,0.0,0.0,0.0
ENSG00000144810,0.0,0.0,1.9074056,0.0,0.0,0.0,0.0,0.0,0.0,0.0,0.0,0.0,0.0,0.0,0.0
ENSG00000154175,0.0,0.0,0.0,0.0,0.0,0.0,0.0,1.902544,0.0,0.0,0.0,0.0,0.0,0.0,0.0
ENSG00000170017,0.0,0.0,2.7871218,1.9390842,2.2463417,2.4811044,2.4714966,0.0,0.0,2.5064447,0.0,0.0,1.8672471,0.0,0.0
ENSG00000114423,0.0,0.0,0.0,0.0,0.0,0.0,0.0,0.0,0.0,0.0,2.770249,0.0,0.0,0.0,0.0
ENSG00000206530,0.0,0.0,0.0,0.0,0.0,1.5129253,0.0,0.0,0.0,0.0,0.0,0.0,0.0,0.0,0.0
ENSG00000181722,3.1606772,2.6782317,2.91133,2.8026247,2.5165942,2.603848,2.759907,2.950809,2.8117304,0.0,0.0,2.7282548,0.0,3.0400887,2.7019117
ENSG00000185565,0.0,0.0,0.0,0.0,0.0,0.0,0.0,3.6795533,0.0,0.0,0.0,0.0,3.2310905,0.0,0.0
ENSG00000160145,3.0173154,0.0,0.0,0.0,0.0,0.0,0.0,0.0,0.0,0.0,0.0,0.0,0.0,0.0,0.0
ENSG00000163885,0.0,0.0,0.0,0.0,0.0,1.5219252,0.0,0.0,0.0,0.0,0.0,0.0,0.0,0.0,0.0
ENSG00000172765,0.0,0.0,1.6691322,0.0,0.0,0.0,0.0,0.0,0.0,0.0,0.0,0.0,0.0,0.0,0.0
ENSG00000114670,0.0,0.0,0.0,0.0,0.0,2.2075133,0.0,0.0,0.0,0.0,0.0,0.0,0.0,0.0,0.0
ENSG00000174640,0.0,1.8008977,0.0,0.0,0.0,0.0,0.0,0.0,0.0,0.0,0.0,0.0,0.0,0.0,0.0
ENSG00000118007,0.0,0.0,0.0,0.0,1.8749937,0.0,0.0,0.0,1.1331184,0.0,0.0,0.0,0.0,0.0,0.0
ENSG00000152601,2.4789786,0.0,2.5597956,2.7948995,2.890349,0.0,2.7916641,0.0,2.9110594,2.573111,2.8265157,3.1688046,2.5802698,2.6417544,2.056254
ENSG00000114790,0.0,0.0,2.1091375,0.0,0.0,0.0,0.0,0.0,0.0,0.0,0.0,0.0,0.0,0.0,0.0
ENSG00000114805,0.0,0.0,0.0,0.0,0.0,1.2854743,0.0,0.0,0.0,0.0,0.0,0.0,0.0,0.0,0.0
ENSG00000169064,0.0,0.0,0.0,0.0,0.0,2.2104993,0.0,0.0,0.0,0.0,0.0,0.0,0.0,0.0,0.0
ENSG00000114204,0.0,0.0,0.0,0.0,0.0,2.0419421,0.0,0.0,0.0,0.0,0.0,0.0,0.0,0.0,0.0
ENSG00000174776,0.0,0.0,0.0,0.0,0.0,2.5123487,0.0,0.0,0.0,0.0,0.0,0.0,0.0,0.0,0.0
ENSG00000085276,0.0,0.0,3.2390628,3.6073442,3.5216715,1.8111956,3.6869106,0.0,0.0,0.0,0.0,0.0,0.0,0.0,0.0
ENSG00000154310,0.0,0.0,0.0,1.7801871,0.0,0.0,0.0,0.0,0.0,0.0,0.0,0.0,0.0,2.5158048,0.0
ENSG00000075420,0.0,0.0,2.0544724,1.7318614,1.982367,0.0,0.0,2.0491586,0.0,0.0,0.0,0.0,2.6252625,0.0,0.0
ENSG00000177694,0.0,0.0,0.0,0.0,0.0,1.8422432,0.0,0.0,0.0,0.0,0.0,0.0,0.0,0.0,0.0
ENSG00000053524,0.0,0.0,0.0,0.0,0.0,0.0,0.0,0.0,0.0,0.0,0.0,0.0,1.8845624,0.0,0.0
ENSG00000073803,0.0,0.0,0.0,0.0,0.0,1.2587928,0.0,0.0,0.0,0.0,0.0,0.0,0.0,0.0,0.0
ENSG00000058866,0.0,0.0,0.0,0.0,0.0,0.0,0.0,0.0,0.0,0.0,0.0,0.0,0.0,0.0,2.0736878
ENSG00000073849,0.0,0.0,0.0,0.0,0.0,0.0,0.0,0.0,3.2063966,0.0,0.0,0.0,0.0,0.0,0.0
ENSG00000145012,0.0,0.0,2.4865127,1.8224053,2.2809057,0.0,2.1559978,2.4228096,0.0,2.200788,0.0,0.0,2.3502,0.0,3.7332869
ENSG00000188001,0.0,0.0,0.0,0.0,0.0,0.0,0.0,0.0,0.0,0.0,0.0,0.0,1.7265224,0.0,0.0
ENSG00000127249,0.0,0.0,2.3489847,0.0,1.7797129,0.0,0.0,0.0,0.0,0.0,0.0,0.0,0.0,0.0,0.0
ENSG00000114331,0.0,0.0,0.0,0.0,0.0,0.0,0.0,0.0,0.0,0.0,0.0,0.0,1.1254485,0.0,0.0
ENSG00000072274,0.0,0.0,0.0,0.0,0.0,0.0,0.0,0.0,0.0,0.0,0.0,0.0,2.4925957,0.0,0.0
ENSG00000169744,3.1261773,3.7064447,0.0,0.0,0.0,0.0,0.0,0.0,0.0,0.0,0.0,0.0,0.0,0.0,0.0
ENSG00000145147,0.0,0.0,0.0,0.0,0.0,0.0,0.0,3.6928253,0.0,0.0,0.0,0.0,0.0,0.0,0.0
ENSG00000157765,0.0,0.0,0.0,1.9436848,0.0,0.0,0.0,0.0,0.0,0.0,0.0,0.0,0.0,0.0,0.0
ENSG00000091490,0.0,0.0,0.0,0.0,0.0,0.0,0.0,0.0,2.3707352,0.0,0.0,0.0,0.0,0.0,0.0
ENSG00000168214,0.0,0.0,0.0,0.0,0.0,0.0,0.0,0.0,0.0,2.4253886,0.0,0.0,0.0,0.0,0.0
ENSG00000047365,0.0,0.0,1.7568022,0.0,0.0,0.0,0.0,0.0,0.0,0.0,0.0,0.0,0.0,0.0,0.0
ENSG00000197057,0.0,0.0,0.0,0.0,0.0,1.8307283,0.0,0.0,0.0,0.0,0.0,0.0,0.0,0.0,0.0
ENSG00000163694,0.0,0.0,0.0,2.2298806,0.0,1.8476322,2.0770407,0.0,0.0,2.762336,0.0,0.0,2.8596117,0.0,0.0
ENSG00000163697,0.0,0.0,2.6852047,0.0,0.0,0.0,0.0,1.9888546,0.0,0.0,0.0,0.0,0.0,0.0,1.5198257
ENSG00000064042,0.0,0.0,3.759655,2.7558732,2.4368734,1.6677358,3.0742192,2.9626215,0.0,0.0,0.0,0.0,0.0,0.0,0.0
ENSG00000124406,0.0,0.0,1.8217561,2.2740207,0.0,0.0,0.0,0.0,0.0,0.0,0.0,0.0,0.0,0.0,0.0
ENSG00000074966,0.0,0.0,0.0,0.0,0.0,0.0,0.0,0.0,0.0,0.0,2.6222854,0.0,0.0,0.0,0.0
ENSG00000157404,0.0,0.0,0.0,0.0,0.0,0.0,0.0,0.0,0.0,0.0,0.0,0.0,0.0,2.9678564,0.0
ENSG00000150471,0.0,0.0,0.0,0.0,0.0,0.0,0.0,0.0,0.0,0.0,0.0,0.0,0.0,0.0,2.042993
ENSG00000132466,0.0,0.0,0.0,0.0,0.0,0.0,0.0,0.0,2.0796862,0.0,0.0,0.0,0.0,0.0,0.0
ENSG00000138771,0.0,0.0,2.3717203,0.0,0.0,0.0,0.0,0.0,0.0,0.0,0.0,0.0,0.0,0.0,0.0
ENSG00000197826,0.0,0.0,0.0,0.0,0.0,3.5797188,0.0,0.0,0.0,0.0,0.0,0.0,0.0,0.0,0.0
ENSG00000138670,0.0,0.0,0.0,0.0,0.0,0.0,0.0,0.0,0.0,0.0,0.0,0.0,1.654092,0.0,0.0
ENSG00000138639,0.0,0.0,0.0,0.0,0.0,1.5995402,0.0,0.0,0.0,0.0,0.0,0.0,0.0,0.0,0.0
ENSG00000109339,0.0,0.0,0.0,1.900841,0.0,2.9337974,1.9314793,0.0,0.0,0.0,0.0,0.0,0.0,0.0,0.0
ENSG00000163629,0.0,0.0,0.0,2.3861601,2.4471557,0.0,2.4617167,0.0,0.0,0.0,0.0,0.0,0.0,0.0,0.0
ENSG00000152583,0.0,0.0,0.0,0.0,0.0,0.0,0.0,0.0,0.0,0.0,0.0,0.0,0.0,0.0,2.387955
ENSG00000138640,0.0,0.0,0.0,0.0,0.0,1.587949,0.0,0.0,0.0,0.0,0.0,0.0,0.0,0.0,0.0
ENSG00000138722,3.1387522,0.0,0.0,0.0,0.0,0.0,0.0,0.0,0.0,0.0,0.0,0.0,0.0,0.0,0.0
ENSG00000168785,2.385713,0.0,0.0,0.0,0.0,0.0,0.0,0.0,0.0,0.0,0.0,0.0,0.0,0.0,0.0
ENSG00000138814,0.0,0.0,1.8525954,1.8485265,0.0,0.0,0.0,0.0,0.0,0.0,2.5653062,0.0,0.0,0.0,0.0
ENSG00000138821,0.0,0.0,2.2577596,0.0,0.0,0.0,0.0,0.0,0.0,0.0,0.0,0.0,0.0,0.0,0.0
ENSG00000168743,0.0,0.0,2.1506143,0.0,0.0,0.0,0.0,0.0,0.0,0.0,0.0,0.0,0.0,0.0,0.0
ENSG00000145349,0.0,0.0,0.0,0.0,0.0,0.0,0.62970483,0.0,0.0,0.0,0.0,0.0,0.0,0.0,0.0
ENSG00000145390,0.0,0.0,0.0,0.0,0.0,0.0,0.0,2.8693247,0.0,0.0,0.0,0.0,0.0,0.0,0.0
ENSG00000196782,0.0,0.0,0.0,0.0,1.4529673,0.0,0.0,0.0,0.0,0.0,0.0,0.0,0.0,0.0,0.0
ENSG00000109452,0.0,0.0,0.0,0.0,0.0,0.0,0.0,0.0,0.0,0.0,0.0,0.0,0.0,0.0,2.9284763
ENSG00000137473,0.0,0.0,0.0,0.0,0.0,2.0277195,0.0,0.0,0.0,0.0,0.0,0.0,0.0,0.0,0.0
ENSG00000071205,0.0,0.0,0.0,0.0,0.0,0.0,0.0,0.0,0.0,0.0,0.0,0.0,0.0,0.0,2.4961646
ENSG00000198589,0.0,0.0,2.2261858,2.2122989,1.9727094,2.7059221,2.495193,0.0,0.0,0.0,0.0,0.0,0.0,0.0,0.0
ENSG00000109686,0.0,0.0,0.0,0.0,0.0,0.0,0.0,2.8980074,0.0,0.0,0.0,0.0,0.0,0.0,0.0
ENSG00000109670,0.0,0.0,0.0,0.0,0.0,0.0,0.0,0.0,2.6994512,0.0,0.0,0.0,0.0,0.0,0.0
ENSG00000129116,0.0,0.0,0.0,0.0,0.0,0.0,0.0,2.2126632,0.0,0.0,0.0,0.0,0.0,0.0,0.0
ENSG00000150625,2.3969865,0.0,2.3649213,0.0,0.0,0.0,0.0,0.0,0.0,0.0,0.0,0.0,0.0,0.0,0.0
ENSG00000151718,0.0,0.0,1.9054544,0.0,0.0,0.0,0.0,0.0,0.0,0.0,0.0,0.0,0.0,0.0,0.0
ENSG00000173320,2.5423687,0.0,0.0,0.0,0.0,0.0,0.0,0.0,0.0,0.0,0.0,0.0,0.0,0.0,0.0
ENSG00000151726,0.0,0.0,0.0,0.0,0.0,0.0,0.0,0.0,0.0,0.0,0.0,0.0,2.042117,0.0,0.0
ENSG00000109762,0.0,0.0,0.0,2.7499142,0.0,0.0,0.0,0.0,0.0,0.0,0.0,0.0,0.0,0.0,0.0
ENSG00000205129,0.0,0.0,0.0,0.0,0.0,2.2718453,0.0,0.0,0.0,0.0,0.0,0.0,0.0,0.0,0.0
ENSG00000039139,0.0,0.0,0.0,0.0,0.0,2.1779046,0.0,0.0,0.0,0.0,0.0,0.0,0.0,0.0,0.0
ENSG00000038382,0.0,0.0,0.0,0.0,0.70688033,0.0,0.0,0.0,0.0,0.0,0.0,0.0,1.6710577,0.0,0.0
ENSG00000183580,2.9232025,0.0,0.0,0.0,0.0,0.0,0.0,1.8202366,0.0,0.0,0.0,0.0,0.0,0.0,0.0
ENSG00000133401,0.0,0.0,1.8693316,0.0,0.0,0.0,0.0,0.0,0.0,0.0,0.0,0.0,0.0,0.0,0.0
ENSG00000152582,0.0,0.0,0.0,0.0,0.0,1.7765089,0.0,0.0,0.0,0.0,0.0,0.0,0.0,0.0,0.0
ENSG00000197603,0.0,0.0,0.0,0.0,0.0,0.89026105,0.0,0.0,0.0,0.0,0.0,0.0,0.0,0.0,0.0
ENSG00000151883,0.0,0.0,0.0,0.0,0.0,0.0,0.0,0.0,0.0,0.0,2.9951208,3.2158089,0.0,0.0,0.0
ENSG00000185305,0.0,2.3794656,0.0,0.0,0.0,0.0,0.0,0.0,0.0,0.0,0.0,0.0,1.8307148,0.0,0.0
ENSG00000113448,0.0,0.0,2.1553228,4.1500154,3.0467474,3.1688046,3.205817,0.0,0.0,0.0,0.0,0.0,0.0,0.0,0.0
ENSG00000130449,0.0,0.0,0.0,0.0,0.0,0.0,0.0,0.0,0.0,2.0550659,0.0,0.0,1.1857815,0.0,0.0
ENSG00000069020,0.0,0.0,0.0,2.7058132,2.4375966,0.0,2.6579647,0.0,0.0,0.0,0.0,0.0,0.0,0.0,0.0
ENSG00000145703,0.0,0.0,0.0,0.0,0.0,0.0,0.0,0.0,0.0,0.0,2.610659,0.0,0.0,0.0,0.0
ENSG00000145687,0.0,0.0,0.0,0.0,2.0265174,1.5917587,0.0,0.0,0.0,0.0,0.0,0.0,0.0,0.0,0.0
ENSG00000081189,0.0,0.0,0.0,0.0,0.0,0.0,0.0,0.0,2.8531415,0.0,0.0,0.0,0.0,0.0,0.0
ENSG00000185261,0.0,0.0,0.0,0.0,0.0,2.256874,0.0,0.0,0.0,0.0,0.0,0.0,0.0,0.0,0.0
ENSG00000145730,0.0,0.0,2.0965147,0.0,0.0,0.0,0.0,0.0,0.0,0.0,0.0,0.0,0.0,0.0,0.0
ENSG00000184349,3.0579627,0.0,0.0,1.9362864,1.6334198,0.0,0.0,0.0,0.0,0.0,0.0,0.0,0.0,0.0,0.0
ENSG00000151422,0.0,0.0,0.0,0.0,0.0,0.0,0.0,0.0,0.0,0.0,0.0,0.0,0.0,3.0618289,0.0
ENSG00000186952,0.0,0.0,0.0,0.0,0.0,3.0735712,0.0,0.0,0.0,0.0,0.0,0.0,0.0,0.0,0.0
ENSG00000158985,0.0,0.0,0.0,0.0,0.0,0.0,0.0,0.0,0.0,0.0,2.7928047,0.0,0.0,0.0,0.0
ENSG00000145819,0.0,0.0,0.0,0.0,0.0,0.0,0.0,0.0,0.0,2.19085,0.0,0.0,1.2210155,0.0,0.0
ENSG00000019582,0.0,0.0,0.0,0.0,0.0,0.0,0.0,0.0,0.0,2.4388847,0.0,0.0,0.0,0.0,0.0
ENSG00000164330,0.0,0.0,0.0,0.0,0.0,0.0,0.0,0.0,0.0,0.0,0.0,0.0,0.0,0.0,2.7499142
ENSG00000145860,0.0,0.0,0.0,1.8395661,2.1294396,0.0,2.1226149,0.0,0.0,0.0,0.0,0.0,0.0,0.0,0.0
ENSG00000170231,0.0,0.0,0.0,0.0,0.0,1.635087,0.0,0.0,0.0,0.0,0.0,0.0,0.0,0.0,0.0
ENSG00000184347,0.0,0.0,0.0,0.0,0.0,0.0,0.0,2.6393368,0.0,0.0,0.0,0.0,0.0,0.0,0.0
ENSG00000204764,0.0,0.0,2.4774687,0.0,0.0,0.0,0.0,0.0,0.0,0.0,0.0,0.0,0.0,0.0,0.0
ENSG00000120129,0.0,0.0,0.0,0.0,0.0,0.0,0.0,2.237695,0.0,0.0,0.0,0.0,0.0,0.0,0.0
ENSG00000113269,0.0,0.0,0.0,0.0,0.0,0.0,0.0,0.0,0.0,0.0,0.0,0.0,0.0,2.7242525,0.0
ENSG00000145982,0.0,0.0,0.0,0.0,0.0,1.3058696,0.0,0.0,0.0,0.0,0.0,0.0,0.0,0.0,0.0
ENSG00000111859,0.0,0.0,1.70391,0.0,0.0,0.0,0.0,0.0,0.0,0.0,0.0,0.0,0.0,0.0,0.0
ENSG00000112137,0.0,0.0,2.7242525,2.3157403,0.0,0.0,0.0,0.0,0.0,0.0,0.0,0.0,0.0,0.0,0.0
ENSG00000124788,0.0,0.0,1.8711891,1.4261292,0.0,1.707782,0.0,0.0,0.0,0.0,0.0,2.4779685,1.809477,0.0,0.0
ENSG00000145996,0.0,0.0,0.0,0.0,1.7674778,0.0,0.0,0.0,0.0,0.0,0.0,0.0,0.0,0.0,0.0
ENSG00000079691,0.0,0.0,0.0,0.0,0.0,0.0,0.0,1.637325,0.0,0.0,0.0,0.0,0.0,0.0,1.8598843
ENSG00000204525,0.0,0.0,0.0,0.0,0.0,0.0,0.0,0.0,0.0,0.0,2.6628337,0.0,0.0,0.0,0.0
ENSG00000234745,0.0,0.0,0.0,0.0,0.0,0.0,0.0,0.0,0.0,0.0,2.8317204,0.0,1.8272045,0.0,0.0
ENSG00000096060,0.0,2.705162,0.0,0.0,0.0,0.0,0.0,1.6881019,0.0,2.9069579,1.356834,3.1408665,2.5521228,0.0,2.4455945
ENSG00000156639,2.3265178,0.0,1.9777758,2.2677875,2.160213,1.7722654,2.113604,0.0,0.0,2.4809742,0.0,0.0,2.4726515,0.0,0.0
ENSG00000183826,0.0,0.0,2.0526953,2.7875133,1.4731493,2.6810246,2.6390355,0.0,0.0,0.0,0.0,0.0,0.0,0.0,0.0
ENSG00000112576,0.0,0.0,0.0,0.0,0.6445479,0.0,0.0,0.0,0.0,0.0,3.219295,2.816801,0.0,0.0,0.0
ENSG00000112782,0.0,0.0,1.8417958,0.0,0.0,0.0,0.0,0.0,0.0,0.0,0.0,0.0,0.0,0.0,0.0
ENSG00000096093,0.0,0.0,0.0,0.0,0.0,1.6171625,0.0,0.0,0.0,0.0,0.0,0.0,0.0,0.0,0.0
ENSG00000151914,0.0,0.0,2.467039,0.0,0.0,0.0,0.0,2.952241,0.0,0.0,0.0,0.0,1.9853241,0.0,0.0
ENSG00000112232,0.0,0.0,3.3401453,0.0,0.0,0.0,0.0,0.0,0.0,0.0,0.0,0.0,0.0,0.0,0.0
ENSG00000146247,0.0,0.0,0.0,0.0,0.0,1.20972,0.0,0.0,0.0,0.0,0.0,0.0,0.0,0.0,0.0
ENSG00000118418,0.0,0.0,0.0,0.0,0.0,1.6388001,0.0,0.0,0.0,0.0,0.0,0.0,0.0,0.0,0.0
ENSG00000118689,0.0,0.0,0.0,0.0,0.0,0.0,0.0,2.1040642,0.0,0.0,0.0,0.0,0.0,0.0,0.0
ENSG00000118690,0.0,0.0,0.0,0.0,0.0,1.7874064,0.0,0.0,0.0,0.0,0.0,0.0,0.0,0.0,0.0
ENSG00000155085,0.0,0.0,0.0,0.0,0.0,1.7453012,0.0,0.0,0.0,0.0,0.0,0.0,0.0,0.0,0.0
ENSG00000009413,0.0,0.0,0.0,0.0,0.0,1.5169525,0.0,1.775898,0.0,0.0,0.0,0.0,0.0,0.0,0.0
ENSG00000010810,0.0,0.0,0.0,0.0,0.0,0.0,0.0,0.0,0.0,0.0,2.8868234,2.8065128,0.0,0.0,0.0
ENSG00000172673,0.0,0.0,0.0,0.0,0.0,0.0,0.0,0.0,0.0,0.0,0.0,2.7097318,0.0,0.0,0.0
ENSG00000152894,0.0,0.0,0.0,2.4218729,1.8361691,1.9015675,2.0727763,0.0,0.0,0.0,0.0,0.0,0.0,0.0,0.0
ENSG00000196569,0.0,0.0,0.0,0.0,0.0,0.0,0.0,3.6913939,0.0,0.0,0.0,0.0,0.0,0.0,0.0
ENSG00000164483,0.0,0.0,0.0,0.0,0.0,0.0,0.0,0.0,0.0,0.0,2.745037,0.0,0.0,0.0,0.0
ENSG00000171408,2.3525558,0.0,0.0,0.0,0.0,0.0,0.0,0.0,0.0,0.0,0.0,0.0,0.0,0.0,0.0
ENSG00000152818,2.5018048,0.0,2.6564083,1.7619747,2.039666,1.4754715,1.7477483,0.0,0.0,0.0,2.7695317,0.0,1.0966163,0.0,0.0
ENSG00000118492,0.0,0.0,0.0,0.0,0.0,2.2168407,0.0,0.0,0.0,0.0,0.0,0.0,0.0,0.0,0.0
ENSG00000111961,2.6588748,2.678863,0.0,0.0,0.0,0.0,0.0,0.0,0.0,0.0,0.0,0.0,0.0,0.0,0.0
ENSG00000120262,0.0,0.0,0.0,0.0,0.0,1.6507943,0.0,0.0,0.0,0.0,0.0,0.0,0.0,0.0,0.0
ENSG00000131018,0.0,0.0,0.0,2.127809,0.0,2.8532295,0.0,0.0,0.0,0.0,0.0,0.0,0.0,0.0,0.0
ENSG00000049618,2.1612787,0.0,1.6323872,1.8855101,1.982367,1.560044,2.0918336,1.9413884,2.5031042,0.0,0.0,0.0,1.507118,0.0,2.068839
ENSG00000164674,0.0,0.0,0.0,0.0,0.0,0.0,0.0,0.0,0.0,0.0,0.0,0.0,0.0,2.9891067,0.0
ENSG00000112530,0.0,0.0,0.0,0.0,0.0,2.7651205,0.0,0.0,0.0,0.0,0.0,0.0,0.0,0.0,0.0
ENSG00000112531,0.0,0.0,2.3196592,0.0,0.0,0.0,0.0,0.0,0.0,2.2029338,0.0,0.0,2.0568485,0.0,0.0
ENSG00000146555,0.0,0.0,0.0,0.0,0.0,2.5348399,0.0,2.6663175,0.0,0.0,0.0,0.0,0.0,0.0,0.0
ENSG00000048052,0.0,0.0,0.0,0.0,0.0,0.0,0.0,0.0,2.5192611,0.0,0.0,0.0,0.0,0.0,0.0
ENSG00000105877,0.0,0.0,0.0,0.0,0.0,2.9190335,0.0,0.0,0.0,0.0,0.0,0.0,0.0,0.0,0.0
ENSG00000136237,0.0,0.0,0.0,1.5818586,0.0,0.0,0.0,0.0,0.0,0.0,0.0,0.0,0.0,0.0,0.0
ENSG00000153814,0.0,0.0,0.0,0.0,0.0,0.0,0.0,0.0,0.0,0.0,2.7862988,0.0,0.0,0.0,0.0
ENSG00000106069,0.0,0.0,0.0,0.0,0.0,0.0,0.0,0.0,0.0,0.0,0.0,0.0,0.0,2.5753508,0.0
ENSG00000122507,0.0,0.0,0.0,0.0,0.0,1.7013446,0.0,0.0,0.0,0.0,0.0,0.0,0.0,0.0,0.0
ENSG00000136250,0.0,0.0,0.0,0.0,0.0,0.0,0.0,0.0,0.0,0.0,3.2446148,0.0,0.0,0.0,0.0
ENSG00000155849,0.0,0.0,0.0,0.0,0.0,0.0,0.0,2.8123772,0.0,2.0012033,0.0,0.0,1.6484729,0.0,0.0
ENSG00000158321,2.4509158,0.0,0.0,3.1158116,1.6334198,0.0,2.3662357,1.9899442,0.0,0.0,0.0,0.0,0.0,0.0,0.0
ENSG00000185274,0.0,0.0,0.0,0.0,0.0,0.0,0.0,2.1171422,0.0,0.0,0.0,0.0,0.0,0.0,0.0
ENSG00000049540,0.0,0.0,0.0,0.0,0.0,0.0,0.0,1.9373031,0.0,0.0,0.0,0.0,0.0,0.0,0.0
ENSG00000127946,0.0,0.0,1.6222,0.0,0.0,0.0,0.0,0.0,0.0,0.0,0.0,0.0,0.0,0.0,2.5667975
ENSG00000135205,0.0,0.0,0.0,0.0,0.0,2.0521095,0.0,0.0,0.0,0.0,0.0,0.0,0.0,0.0,0.0
ENSG00000187391,0.0,0.0,1.7838869,0.0,0.0,0.0,0.0,2.3519201,0.0,0.0,0.0,0.0,0.0,0.0,0.0
ENSG00000135218,3.2443767,0.0,0.0,0.0,0.0,0.0,0.0,0.0,0.0,0.0,0.0,0.0,0.0,0.0,0.0
ENSG00000075213,2.898817,0.0,0.0,0.0,0.0,0.0,0.0,0.0,0.0,0.0,0.0,0.0,0.0,0.0,0.0
ENSG00000058091,0.0,0.0,0.0,0.0,0.0,0.0,1.8454982,0.0,2.5175958,0.0,0.0,0.0,0.0,0.0,0.0
ENSG00000127914,0.0,0.0,0.0,0.0,0.0,2.3059478,0.0,0.0,0.0,0.0,0.0,0.0,0.0,0.0,0.0
ENSG00000158528,0.0,0.0,0.0,1.662695,0.0,0.0,0.0,0.0,0.0,0.0,0.0,0.0,0.0,0.0,0.0
ENSG00000257923,0.0,0.0,2.6345193,1.823711,0.4796344,0.0,1.8018401,2.0196865,0.0,0.0,0.0,0.0,0.0,0.0,0.0
ENSG00000161040,0.0,0.0,0.0,0.0,0.0,1.805431,0.0,0.0,0.0,0.0,0.0,0.0,0.0,0.0,0.0
ENSG00000128536,0.0,0.0,0.0,0.0,0.0,2.972866,0.0,0.0,0.0,0.0,0.0,0.0,0.0,0.0,0.0
ENSG00000184903,0.0,0.0,1.9115686,1.9799247,2.4624283,0.0,2.1634989,0.0,0.0,0.0,0.0,0.0,0.0,0.0,2.4190707
ENSG00000128512,0.0,2.7269187,2.628834,0.0,0.0,2.168941,0.0,3.077691,0.0,2.357095,0.0,0.0,1.7928019,0.0,0.0
ENSG00000128573,0.0,0.0,0.0,1.9120598,0.0,2.3540769,0.0,0.0,0.0,0.0,0.0,0.0,0.0,0.0,0.0
ENSG00000105971,0.0,0.0,1.8591979,0.0,0.0,0.0,0.0,0.0,0.0,0.0,0.0,0.0,0.0,0.0,0.0
ENSG00000105974,0.0,0.0,2.488029,0.0,0.0,0.0,0.0,0.0,0.0,0.0,0.0,0.0,0.0,0.0,0.0
ENSG00000081803,0.0,0.0,0.0,2.3649213,0.0,0.0,2.305109,0.0,0.0,0.0,0.0,0.0,0.0,0.0,0.0
ENSG00000131558,0.0,0.0,0.0,1.6527255,0.88278997,2.136838,1.8898861,0.0,0.0,0.0,0.0,0.0,1.7059355,0.0,0.0
ENSG00000155530,0.0,0.0,0.0,0.0,0.0,1.1627282,0.0,0.0,0.0,0.0,0.0,0.0,0.0,0.0,0.0
ENSG00000122786,0.0,0.0,0.0,0.0,0.0,0.0,0.0,0.0,0.0,0.0,0.0,0.0,0.0,0.0,2.8716798
ENSG00000059377,0.0,0.0,0.0,0.0,0.0,0.0,0.0,0.0,0.0,2.5247402,0.0,0.0,2.2350817,0.0,0.0
ENSG00000157764,0.0,0.0,0.0,1.6609657,0.0,0.0,0.0,0.0,0.0,0.0,0.0,0.0,0.0,0.0,0.0
ENSG00000047648,0.0,0.0,0.0,0.0,0.0,0.0,0.0,2.8438175,0.0,0.0,0.0,0.0,0.0,0.0,0.0
ENSG00000130066,0.0,0.0,0.0,0.0,0.0,0.0,0.0,0.0,0.0,2.8227344,0.0,0.0,2.6688116,0.0,0.0
ENSG00000198947,0.0,0.0,0.0,0.0,0.0,2.3722057,0.0,0.0,0.0,0.0,0.0,0.0,0.0,0.0,3.003556
ENSG00000165164,0.0,0.0,0.0,0.0,0.0,2.4741592,0.0,0.0,0.0,0.0,0.0,0.0,0.0,0.0,0.0
ENSG00000147202,0.0,0.0,2.197936,2.3124542,0.0,0.0,0.0,2.6750803,0.0,0.0,0.0,0.0,2.099337,0.0,2.3132746
ENSG00000164733,0.0,0.0,0.0,0.0,0.0,0.0,0.0,0.0,0.0,1.8386761,0.0,0.0,0.0,0.0,0.0
ENSG00000164741,0.0,0.0,2.316976,2.2173874,0.0,0.0,0.0,2.430336,0.0,0.0,0.0,0.0,0.0,0.0,0.0
ENSG00000038945,0.0,0.0,0.0,0.0,0.0,0.0,0.0,0.0,0.0,0.0,0.0,0.0,2.8787832,0.0,0.0
ENSG00000129422,0.0,0.0,0.0,2.439362,0.0,0.0,1.6935091,0.0,0.0,0.0,0.0,0.0,0.0,0.0,0.0
ENSG00000156011,0.0,0.0,0.0,0.0,0.0,0.0,0.0,0.0,0.0,0.0,0.0,0.0,1.2568853,0.0,0.0
ENSG00000168484,0.0,0.0,0.0,4.6647606,0.0,0.0,0.0,0.0,0.0,0.0,0.0,0.0,0.0,0.0,0.0
ENSG00000134020,0.0,0.0,0.0,1.5231826,0.0,0.0,0.0,0.0,0.0,0.0,0.0,0.0,0.0,0.0,0.0
ENSG00000147459,2.6369543,0.0,0.0,0.0,0.0,0.0,0.0,0.0,0.0,0.0,0.0,0.0,0.0,0.0,0.0
ENSG00000157110,0.0,0.0,0.0,2.1803377,1.6982853,0.0,2.2741864,0.0,0.0,0.0,0.0,0.0,0.0,0.0,2.9268026
ENSG00000156675,0.0,0.0,2.7830806,0.0,0.0,0.0,0.0,0.0,0.0,0.0,0.0,0.0,0.0,0.0,0.0
ENSG00000147526,0.0,0.0,1.908872,0.0,0.0,0.0,0.0,0.0,0.0,0.0,0.0,0.0,0.0,0.0,2.3132746
ENSG00000164808,0.0,0.0,0.0,2.0345666,2.0233824,1.8693316,2.3042974,0.0,0.0,0.0,0.0,0.0,2.1915557,0.0,0.0
ENSG00000198846,0.0,0.0,0.0,1.8869339,0.0,0.0,0.0,0.0,0.0,0.0,0.0,0.0,0.0,0.0,0.0
ENSG00000178125,0.0,0.0,0.0,0.0,0.0,1.6400622,0.0,0.0,0.0,0.0,0.0,0.0,0.0,0.0,0.0
ENSG00000104218,0.0,0.0,0.0,0.0,0.0,1.9207118,0.0,0.0,0.0,0.0,0.0,0.0,0.0,0.0,0.0
ENSG00000165084,0.0,0.0,0.0,1.8001418,0.0,2.6180656,0.0,0.0,0.0,0.0,0.0,0.0,0.0,0.0,0.0
ENSG00000076641,0.0,0.0,0.0,0.0,0.0,0.0,0.0,0.0,0.0,0.0,0.0,0.0,1.9042375,0.0,0.0
ENSG00000156170,0.0,0.0,0.0,0.0,0.0,0.0,0.0,0.0,1.0863578,0.0,0.0,0.0,0.0,0.0,0.0
ENSG00000104490,0.0,0.0,0.0,0.0,0.0,0.0,0.0,0.0,0.0,0.0,2.6242537,0.0,0.0,0.0,0.0
ENSG00000169946,2.8510878,0.0,0.0,0.0,0.0,0.0,0.0,0.0,0.0,0.0,0.0,0.0,0.0,0.0,0.0
ENSG00000154188,0.0,0.0,0.0,0.0,0.0,0.0,0.0,2.067632,0.0,0.0,0.0,0.0,0.0,0.0,0.0
ENSG00000205038,3.7712162,0.0,0.0,0.0,0.0,0.0,0.0,0.0,0.0,0.0,0.0,0.0,0.0,0.0,0.0
ENSG00000182197,0.0,0.0,2.5163279,0.0,0.0,0.0,2.1037555,2.469016,0.0,0.0,0.0,0.0,0.0,0.0,0.0
ENSG00000177570,0.0,0.0,1.5550936,0.0,0.0,0.0,0.0,0.0,0.0,0.0,0.0,0.0,0.0,0.0,0.0
ENSG00000172164,0.0,0.0,0.0,0.0,0.0,0.0,0.0,0.0,0.0,0.0,0.0,0.0,2.6441796,0.0,0.0
ENSG00000156831,0.0,0.0,0.0,0.0,0.0,0.0,0.0,0.0,0.0,0.0,0.0,0.0,1.563396,0.0,0.0
ENSG00000153310,0.0,0.0,0.0,0.0,0.0,0.0,0.0,0.0,0.0,2.3459196,2.871685,0.0,1.372358,0.0,0.0
ENSG00000153317,2.7149854,0.0,0.0,0.0,0.0,0.0,0.0,0.0,0.0,0.0,0.0,0.0,1.9799247,0.0,0.0
ENSG00000169398,0.0,0.0,0.0,0.0,1.9633112,0.0,1.9175023,0.0,0.0,0.0,0.0,0.0,0.0,0.0,0.0
ENSG00000107099,0.0,0.0,0.0,0.0,0.0,0.0,0.0,0.0,2.5041296,2.5742302,0.0,0.0,2.6675632,0.0,0.0
ENSG00000107104,0.0,0.0,0.0,2.150279,0.0,0.0,0.0,0.0,0.0,0.0,0.0,0.0,0.0,0.0,0.0
ENSG00000080298,0.0,0.0,0.0,0.0,0.0,2.9004393,0.0,0.0,0.0,0.0,0.0,0.0,0.0,0.0,0.0
ENSG00000107249,0.0,0.0,0.0,0.0,2.06677,2.0444589,0.0,0.0,0.0,0.0,0.0,0.0,0.0,0.0,0.0
ENSG00000153707,0.0,0.0,0.0,0.0,0.0,0.0,1.9008412,0.0,0.0,0.0,0.0,0.0,0.0,0.0,0.0
ENSG00000147862,2.202221,0.0,0.0,0.0,0.0,0.0,0.0,0.0,0.0,0.0,0.0,0.0,0.0,0.0,0.0
ENSG00000173068,0.0,0.0,0.0,0.0,0.0,0.0,0.0,2.1831274,0.0,0.0,0.0,0.0,0.0,2.5158048,0.0
ENSG00000137145,0.0,0.0,0.0,0.0,0.0,0.0,0.0,0.0,0.0,0.0,0.0,0.0,2.3430784,0.0,0.0
ENSG00000122735,0.0,0.0,0.0,0.0,0.0,1.9036481,0.0,0.0,0.0,0.0,0.0,0.0,0.0,0.0,0.0
ENSG00000137077,2.7691271,0.0,0.0,0.0,0.0,0.0,0.0,0.0,0.0,0.0,0.0,0.0,0.0,0.0,0.0
ENSG00000198722,0.0,0.0,2.0230937,2.1894403,0.0,0.0,0.0,0.0,0.0,0.0,0.0,0.0,0.0,0.0,0.0
ENSG00000147905,0.0,0.0,0.0,0.0,0.0,0.0,0.0,0.0,2.0796862,0.0,0.0,0.0,0.0,0.0,0.0
ENSG00000154529,2.4640965,0.0,0.0,0.0,0.0,0.0,0.0,0.0,0.0,0.0,0.0,0.0,0.0,0.0,0.0
ENSG00000107242,0.0,0.0,0.0,1.6949587,0.0,0.0,0.0,0.0,0.0,0.0,0.0,0.0,0.0,0.0,0.0
ENSG00000165072,0.0,0.0,0.0,0.0,0.0,0.0,0.0,2.1359959,0.0,0.0,0.0,0.0,0.0,0.0,0.0
ENSG00000156049,0.0,0.0,0.0,0.0,0.0,1.8252382,0.0,0.0,0.0,0.0,0.0,0.0,0.0,0.0,0.0
ENSG00000156052,0.0,0.0,2.2986348,2.0056427,0.0,1.7336822,1.7538316,0.0,0.0,2.8205047,0.0,0.0,2.3634663,0.0,0.0
ENSG00000148120,0.0,0.0,0.0,0.0,1.861038,1.9519349,0.0,0.0,0.0,0.0,0.0,0.0,0.0,0.0,0.0
ENSG00000165124,0.0,0.0,0.0,0.0,0.0,0.0,0.0,2.609371,0.0,0.0,0.0,0.0,0.0,0.0,0.0
ENSG00000165209,0.0,0.0,0.0,0.0,0.0,2.1677318,0.0,0.0,0.0,0.0,0.0,0.0,0.0,0.0,0.0
ENSG00000173611,0.0,0.0,1.7709217,0.0,0.0,0.0,0.0,0.0,0.0,0.0,0.0,0.0,0.0,0.0,0.0
ENSG00000187024,0.0,0.0,0.0,0.0,0.0,1.282587,0.0,0.0,0.0,0.0,0.0,0.0,0.0,0.0,0.0
ENSG00000160401,0.0,0.0,0.0,0.0,0.0,2.5411005,0.0,0.0,0.0,0.0,0.0,0.0,0.0,0.0,0.0
ENSG00000172889,0.0,2.2399416,0.0,0.0,0.0,0.0,0.0,0.0,0.0,0.0,0.0,0.0,0.0,0.0,0.0
ENSG00000130413,0.0,0.0,0.0,0.0,0.0,3.195932,0.0,0.0,0.0,0.0,0.0,0.0,0.0,0.0,0.0
ENSG00000133812,2.4961743,0.0,0.0,0.0,0.0,0.0,0.0,2.0887418,0.0,1.8462759,0.0,0.0,1.9421482,0.0,0.0
ENSG00000110328,0.0,2.313686,0.0,0.0,0.0,0.0,0.0,0.0,0.0,0.0,0.0,0.0,0.0,0.0,0.0
ENSG00000166833,0.0,0.0,0.0,0.0,0.0,0.0,0.0,2.7444491,0.0,0.0,0.0,0.0,0.0,0.0,0.0
ENSG00000170959,0.0,0.0,0.0,0.0,0.0,2.63332,0.0,0.0,0.0,0.0,0.0,0.0,0.0,0.0,0.0
ENSG00000110422,0.0,0.0,0.0,0.0,0.0,1.6234343,0.0,0.0,0.0,0.0,0.0,0.0,0.0,0.0,0.0
ENSG00000026508,0.0,0.0,0.0,0.0,0.0,0.0,0.0,0.0,0.0,0.0,0.0,0.0,1.7265224,2.7163024,0.0
ENSG00000149179,0.0,0.0,0.0,0.0,0.0,2.0115101,0.0,0.0,0.0,0.0,0.0,0.0,0.0,0.0,0.0
ENSG00000149187,0.0,0.0,0.0,0.0,0.0,0.0,0.0,0.0,0.0,0.0,0.0,0.0,1.5339303,0.0,0.0
ENSG00000149534,0.0,0.0,0.0,0.0,0.0,0.0,0.0,0.0,0.0,0.0,0.0,0.0,0.0,2.4153492,0.0
ENSG00000167996,0.0,0.0,0.0,0.0,0.0,0.0,0.0,0.0,0.0,1.8289576,0.0,0.0,2.049153,0.0,0.0
ENSG00000172613,0.0,0.0,0.0,0.0,0.0,1.2773597,0.0,0.0,0.0,0.0,0.0,0.0,0.0,0.0,0.0
ENSG00000162105,0.0,0.0,1.8798423,0.0,0.0,2.4350748,0.0,0.0,0.0,0.0,0.0,0.0,0.0,0.0,0.0
ENSG00000137478,0.0,2.182444,0.0,0.0,0.0,0.0,0.0,0.0,3.11833,2.1873305,0.0,0.0,0.0,0.0,0.0
ENSG00000078124,0.0,0.0,0.0,0.0,0.0,0.0,0.0,0.0,0.0,0.0,0.0,0.0,1.9618496,0.0,0.0
ENSG00000150672,0.0,0.0,0.0,3.0445225,0.0,0.0,0.0,2.4885366,0.0,0.0,0.0,0.0,0.0,0.0,0.0
ENSG00000073921,0.0,0.0,0.0,0.0,0.0,0.0,0.0,0.0,0.0,2.1993608,0.0,0.0,1.772846,0.0,0.0
ENSG00000184384,2.4890423,0.0,1.8998735,0.0,1.9473153,2.652926,2.5428975,2.7130113,0.0,2.713668,0.0,0.0,2.8499343,0.0,0.0
ENSG00000110318,0.0,0.0,0.0,0.0,0.0,1.810127,0.0,0.0,0.0,0.0,0.0,0.0,0.0,0.0,0.0
ENSG00000137693,0.0,0.0,0.0,0.0,0.7532856,0.0,0.0,0.0,0.0,0.0,0.0,0.0,0.0,0.0,0.0
ENSG00000187240,0.0,0.0,0.0,0.0,0.0,2.1142464,0.0,0.0,0.0,0.0,0.0,0.0,0.0,0.0,0.0
ENSG00000109906,0.0,2.7012634,0.0,1.4769392,1.8492494,0.0,0.0,2.7798848,0.0,0.0,0.0,0.0,0.0,0.0,2.614342
ENSG00000182985,0.0,0.0,2.93464,2.3596954,0.0,0.0,0.0,0.0,0.0,0.0,0.0,0.0,0.0,0.0,0.0
ENSG00000160584,0.0,0.0,0.0,0.0,1.3431823,1.9120604,0.0,0.0,0.0,0.0,0.0,0.0,1.5367887,0.0,0.0
ENSG00000182667,0.0,0.0,3.6905527,0.0,0.0,0.0,0.0,0.0,0.0,0.0,0.0,0.0,0.0,0.0,0.0
ENSG00000048740,0.0,0.0,2.777053,2.5273862,0.0,0.0,0.0,2.5603466,0.0,2.605588,3.219295,3.199873,2.132383,2.6381292,0.0
ENSG00000183049,0.0,0.0,0.0,2.5821044,0.0,0.0,0.0,0.0,1.2542579,0.0,0.0,0.0,2.0578904,0.0,0.0
ENSG00000151474,0.0,0.0,0.0,0.0,0.0,0.0,0.0,0.0,0.0,0.0,0.0,0.0,2.4184494,0.0,0.0
ENSG00000077943,0.0,0.0,0.0,0.0,0.0,0.0,0.0,2.2996502,0.0,0.0,0.0,0.0,0.0,0.0,0.0
ENSG00000260314,0.0,0.0,0.0,0.0,0.0,0.0,0.0,0.0,0.0,0.0,0.0,0.0,2.373705,0.0,0.0
ENSG00000165995,0.0,0.0,0.0,0.0,0.0,0.0,0.0,2.675395,0.0,0.0,0.0,0.0,0.0,0.0,0.0
ENSG00000120594,2.328196,0.0,0.0,0.0,0.0,0.0,0.0,3.2091732,0.0,3.8078365,0.0,0.0,3.7023647,0.0,0.0
ENSG00000078114,0.0,0.0,3.0794706,2.3852644,0.0,0.0,0.0,2.0685372,0.0,0.0,0.0,0.0,0.0,0.0,0.0
ENSG00000077327,0.0,0.0,0.0,0.0,0.0,1.6099181,0.0,0.0,0.0,0.0,0.0,0.0,0.0,0.0,0.0
ENSG00000150867,0.0,0.0,0.0,0.0,0.0,0.0,0.0,0.0,0.0,0.0,2.9865503,0.0,0.0,0.0,0.0
ENSG00000165309,0.0,0.0,0.0,0.0,0.0,2.0910559,0.0,0.0,0.0,0.0,0.0,0.0,0.0,0.0,0.0
ENSG00000120549,0.0,2.3609998,0.0,0.0,2.0566015,1.0097826,2.6161044,0.0,0.0,0.0,0.0,0.0,0.0,0.0,0.0
ENSG00000169126,0.0,0.0,0.0,0.0,0.0,1.873518,0.0,0.0,0.0,0.0,0.0,0.0,0.0,0.0,0.0
ENSG00000197321,0.0,0.0,0.0,0.0,0.0,0.0,0.0,0.0,0.0,0.0,0.0,0.0,2.088418,0.0,0.0
ENSG00000148498,0.0,0.0,2.6009555,2.4322278,2.154027,2.1522927,2.527387,2.6660056,0.0,0.0,0.0,0.0,0.0,0.0,2.37902
ENSG00000012779,0.0,0.0,0.0,0.0,0.0,0.0,0.0,0.0,0.0,0.0,0.0,0.0,2.0538797,0.0,0.0
ENSG00000185532,3.1406908,0.0,2.6036549,2.8272102,0.0,0.0,0.0,4.073559,0.0,0.0,0.0,0.0,0.0,0.0,4.0020337
ENSG00000122870,0.0,0.0,0.0,0.0,0.0,0.9750802,0.0,0.0,0.0,0.0,0.0,0.0,0.0,0.0,0.0
ENSG00000151150,0.0,0.0,0.0,3.5623684,2.966115,2.8175435,2.7763479,0.0,0.0,0.0,0.0,0.0,0.0,0.0,0.0
ENSG00000183346,0.0,0.0,0.0,0.0,0.0,1.5725925,0.0,0.0,0.0,0.0,0.0,0.0,0.0,0.0,0.0
ENSG00000182010,0.0,0.0,1.9032655,0.0,0.0,0.0,0.0,0.0,0.0,0.0,0.0,0.0,0.0,0.0,0.0
ENSG00000171988,2.6928768,2.033123,2.0556595,2.1747873,1.8544173,1.9970647,2.2291489,2.122939,0.0,1.9713649,0.0,0.0,2.5762482,0.0,0.0
ENSG00000122862,0.0,0.0,0.0,0.0,0.0,0.0,0.0,0.0,0.0,2.304297,0.0,0.0,0.0,2.9574163,0.0
ENSG00000156026,0.0,0.0,0.0,0.0,0.0,1.4752069,0.0,0.0,0.0,0.0,0.0,0.0,0.0,0.0,0.0
ENSG00000156042,0.0,0.0,0.0,0.0,0.0,2.0248036,0.0,0.0,0.0,0.0,0.0,0.0,0.0,0.0,0.0
ENSG00000156110,0.0,0.0,2.5692062,2.7581758,2.7898734,2.0389137,2.7485456,0.0,0.0,0.0,0.0,0.0,0.0,0.0,0.0
ENSG00000148655,2.6133256,0.0,0.0,2.2938123,0.0,0.0,1.7225664,0.0,0.0,2.6738229,0.0,0.0,2.5305724,0.0,0.0
ENSG00000185303,0.0,0.0,0.0,2.194385,0.0,0.0,0.0,0.0,0.0,0.0,0.0,0.0,0.0,0.0,0.0
ENSG00000122852,0.0,0.0,0.0,2.7637272,0.0,0.0,0.0,0.0,0.0,0.0,0.0,0.0,0.0,0.0,0.0
ENSG00000107796,0.0,0.0,0.0,0.0,0.0,0.0,0.0,0.0,0.0,0.0,0.0,0.0,0.0,0.0,2.4910707
ENSG00000197748,0.0,0.0,0.0,0.0,0.0,2.6196375,0.0,0.0,0.0,0.0,0.0,0.0,0.0,0.0,0.0
ENSG00000148737,0.0,0.0,0.0,0.0,0.0,0.0,0.0,0.0,0.0,0.0,0.0,0.0,2.6490505,0.0,0.0
ENSG00000138162,0.0,0.0,0.0,2.3710601,0.0,0.0,0.0,0.0,0.0,0.0,0.0,0.0,0.0,0.0,0.0
ENSG00000203780,0.0,0.0,0.0,0.0,0.0,1.7373085,0.0,0.0,0.0,0.0,0.0,0.0,0.0,0.0,0.0
ENSG00000151067,0.0,0.0,0.0,0.0,0.0,0.0,0.0,2.5955818,0.0,0.0,0.0,0.0,0.0,0.0,2.9268026
ENSG00000110799,0.0,2.2425704,0.0,0.0,0.0,0.0,0.0,0.0,0.0,0.0,0.0,0.0,0.0,0.0,0.0
ENSG00000175899,0.0,0.0,0.0,0.0,0.0,0.0,0.0,2.7054887,0.0,0.0,0.0,0.0,0.0,0.0,0.0
ENSG00000173391,0.0,0.0,0.0,0.0,0.0,0.0,0.0,0.0,0.0,0.0,0.0,0.0,1.9224532,0.0,0.0
ENSG00000134539,0.0,0.0,0.0,0.0,0.0,0.0,0.0,0.0,0.0,0.0,3.2124906,0.0,0.0,0.0,0.0
ENSG00000139083,0.0,0.0,0.0,0.0,0.0,0.0,0.0,0.0,0.0,2.223977,0.0,0.0,1.6688409,0.0,0.0
ENSG00000013588,0.0,0.0,2.697705,0.0,0.0,0.0,0.0,0.0,0.0,0.0,0.0,0.0,0.0,0.0,0.0
ENSG00000151491,0.0,0.0,0.0,1.9294635,0.0,0.0,0.0,0.0,0.0,0.0,0.0,0.0,0.0,0.0,0.0
ENSG00000008394,0.0,0.0,0.0,2.1720264,2.0239544,0.0,2.1516254,0.0,0.0,0.0,0.0,0.0,0.0,0.0,0.0
ENSG00000052126,0.0,0.0,0.0,0.0,0.0,1.9493468,0.0,2.3832529,0.0,0.0,0.0,0.0,0.0,0.0,0.0
ENSG00000118307,0.0,0.0,0.0,0.0,0.0,1.2405499,0.0,0.0,0.0,0.0,0.0,0.0,0.0,0.0,0.0
ENSG00000152936,0.0,0.0,0.0,0.0,0.0,2.2685676,0.0,0.0,0.0,0.0,0.0,0.0,0.0,0.0,0.0
ENSG00000110841,3.049797,0.0,0.0,0.0,0.0,0.0,0.0,0.0,0.0,0.0,0.0,0.0,0.0,0.0,0.0
ENSG00000170456,0.0,0.0,0.0,0.0,0.0,0.0,0.0,0.0,2.6542962,0.0,0.0,0.0,0.0,0.0,0.0
ENSG00000139132,0.0,0.0,1.9571366,0.0,0.0,0.0,0.0,0.0,0.0,0.0,0.0,0.0,0.0,0.0,0.0
ENSG00000188906,0.0,0.0,0.0,4.1489916,0.0,0.0,1.9608026,0.0,0.0,0.0,0.0,0.0,0.0,0.0,0.0
ENSG00000179715,0.0,0.0,0.0,0.0,0.0,0.0,0.0,0.0,0.0,0.0,0.0,0.0,1.6668636,0.0,0.0
ENSG00000135655,0.0,0.0,0.0,0.0,0.0,0.0,0.0,0.0,0.0,0.0,0.0,0.0,1.6439099,0.0,0.0
ENSG00000090376,0.0,0.0,0.0,0.0,0.0,0.0,0.0,0.0,0.0,0.0,0.0,0.0,1.7225449,0.0,0.0
ENSG00000135678,0.0,0.0,2.045627,2.0816321,0.0,0.0,0.0,0.0,0.0,0.0,0.0,0.0,0.0,2.4153492,0.0
ENSG00000127329,0.0,2.879576,0.0,0.0,0.0,0.0,0.0,0.0,0.0,0.0,0.0,0.0,0.0,0.0,0.0
ENSG00000058272,0.0,0.0,0.0,0.0,0.0,0.0,0.0,0.0,0.0,0.0,0.0,0.0,0.0,0.0,1.3112372
ENSG00000179104,0.0,0.0,2.1943855,1.6249772,2.4094296,2.0265183,0.0,0.0,0.0,0.0,0.0,0.0,0.0,0.0,0.0
ENSG00000133640,0.0,0.0,0.0,0.0,0.0,3.1909819,0.0,0.0,0.0,0.0,0.0,0.0,0.0,0.0,0.0
ENSG00000074527,0.0,0.0,0.0,2.2358274,0.0,0.0,0.0,0.0,0.0,0.0,0.0,0.0,0.0,0.0,0.0
ENSG00000188596,0.0,0.0,0.0,0.0,0.0,2.8875432,0.0,0.0,0.0,0.0,0.0,0.0,0.0,0.0,0.0
ENSG00000171310,0.0,0.0,0.0,0.0,0.0,0.0,0.0,0.0,0.0,2.6613483,2.765964,2.8050528,1.4986947,0.0,0.0
ENSG00000110880,0.0,0.0,0.0,0.0,0.0,0.0,0.0,0.0,0.0,0.0,0.0,0.0,0.9338955,0.0,0.0
ENSG00000204842,0.0,0.0,0.0,0.0,0.0,1.4112141,0.0,0.0,0.0,0.0,0.0,0.0,0.0,0.0,0.0
ENSG00000186710,0.0,0.0,0.0,0.0,0.0,1.9365411,0.0,0.0,0.0,0.0,0.0,0.0,0.0,0.0,0.0
ENSG00000123066,0.0,0.0,1.9125514,2.0634203,2.2126713,0.0,2.3361712,2.0902815,2.5860434,2.0219555,0.0,0.0,1.3324132,0.0,0.0
ENSG00000135090,0.0,0.0,0.0,0.0,0.0,0.0,0.0,0.0,0.0,0.0,0.0,0.0,1.6500007,0.0,0.0
ENSG00000158023,0.0,0.0,0.0,0.0,0.0,1.7385035,0.0,0.0,0.0,0.0,0.0,0.0,0.0,0.0,0.0
ENSG00000244754,2.535448,0.0,2.3309011,2.2716775,2.1842818,2.1729226,2.3163579,2.3938146,2.4799924,2.0485642,1.3059995,2.6839328,2.5158048,2.7242525,0.0
ENSG00000150907,0.0,0.0,0.0,0.0,0.0,0.0,0.0,2.406807,0.0,0.0,0.0,0.0,0.0,0.0,0.0
ENSG00000102780,0.0,0.0,0.0,0.0,0.0,1.5980165,0.0,0.0,0.0,0.0,0.0,0.0,0.0,0.0,0.0
ENSG00000197168,0.0,0.0,0.0,0.0,0.0,0.87495434,0.0,0.0,0.0,0.0,0.0,0.0,0.0,0.0,0.0
ENSG00000118922,0.0,0.0,0.0,0.0,0.0,0.0,0.0,0.0,0.0,0.0,2.7494407,0.0,0.0,0.0,0.0
ENSG00000136153,0.0,0.0,2.847763,0.0,0.0,0.0,0.0,0.0,0.0,0.0,0.0,0.0,0.0,0.0,0.0
ENSG00000179399,0.0,0.0,2.6044278,0.0,0.0,0.0,0.0,0.0,0.0,0.0,0.0,0.0,0.0,0.0,0.0
ENSG00000088387,0.0,2.5173879,0.0,0.0,1.8312256,0.0,0.0,0.0,0.0,0.0,0.0,0.0,0.0,0.0,0.0
ENSG00000175198,0.0,0.0,0.0,0.0,1.9424468,0.0,0.0,0.0,0.0,0.0,0.0,0.0,0.0,0.0,0.0
ENSG00000102466,0.0,0.0,0.0,0.0,0.0,2.421717,0.0,0.0,0.0,0.0,0.0,0.0,0.0,0.0,0.0
ENSG00000068650,0.0,0.0,1.8043702,2.0804048,0.0,0.0,0.0,0.0,0.0,0.0,0.0,0.0,0.0,0.0,0.0
ENSG00000184304,0.0,0.0,0.0,0.0,0.0,0.0,0.0,2.2076163,0.0,0.0,0.0,0.0,0.0,0.0,0.0
ENSG00000229415,0.0,0.0,1.8494285,2.146267,0.0,0.0,1.7058425,0.0,0.0,0.0,0.0,0.0,0.0,0.0,0.0
ENSG00000027075,0.0,0.0,0.0,0.0,0.0,0.0,0.0,0.0,0.0,0.0,2.9592295,2.4982107,0.0,0.0,0.0
ENSG00000054654,0.0,0.0,0.0,0.0,0.69863445,2.161427,0.0,0.0,0.0,0.0,0.0,0.0,0.0,0.0,0.0
ENSG00000171723,0.0,0.0,0.0,2.6757095,1.9518452,0.0,2.0679336,0.0,0.0,0.0,0.0,0.0,0.0,0.0,0.0
ENSG00000182185,0.0,0.0,0.0,0.0,0.0,2.0680861,2.0368822,0.0,0.0,0.0,0.0,0.0,1.8993901,0.0,0.0
ENSG00000133961,0.0,0.0,0.0,0.0,0.0,0.0,0.0,0.0,0.0,0.0,0.0,0.0,1.7360849,0.0,0.0
ENSG00000119685,0.0,0.0,0.0,0.0,0.0,1.6672122,0.0,0.0,0.0,0.0,0.0,0.0,0.0,0.0,0.0
ENSG00000053254,0.0,0.0,0.0,0.0,0.0,1.8615016,1.6788237,0.0,0.0,2.2732387,2.6492388,2.766516,1.669307,0.0,0.0
ENSG00000075413,0.0,0.0,0.0,1.5663872,0.0,0.0,0.0,0.0,0.0,0.0,0.0,0.0,0.0,0.0,0.0
ENSG00000104067,0.0,0.0,1.5149615,0.0,0.0,0.0,0.0,0.0,0.0,0.0,0.0,0.0,0.0,0.0,0.0
ENSG00000248905,0.0,0.0,0.0,0.0,0.0,0.0,0.0,0.0,0.0,2.6576407,0.0,0.0,0.0,0.0,0.0
ENSG00000103978,0.0,0.0,0.0,1.6352079,0.0,0.0,0.0,0.0,0.0,0.0,0.0,0.0,0.0,0.0,0.0
ENSG00000166710,0.0,0.0,0.0,0.0,0.0,0.0,0.0,0.0,0.0,0.0,3.8554926,2.815324,0.0,0.0,0.0
ENSG00000138593,0.0,0.0,0.0,1.835127,0.0,0.0,0.0,0.0,0.0,0.0,0.0,0.0,0.0,0.0,0.0
ENSG00000186417,0.0,0.0,0.0,0.0,0.0,0.0,0.0,0.0,0.0,0.0,0.0,0.0,0.8243551,0.0,0.0
ENSG00000140262,0.0,0.0,1.8924174,1.6382074,0.0,0.0,1.8594439,0.0,0.0,2.4562483,0.0,0.0,1.5571585,0.0,0.0
ENSG00000069667,2.4089909,0.0,0.0,0.0,1.9108324,0.0,2.097774,3.2215686,0.0,0.0,0.0,0.0,0.0,0.0,0.0
ENSG00000140416,0.0,0.0,0.0,0.0,0.0,0.0,0.0,0.0,0.0,0.0,0.0,0.0,0.0,0.0,2.37902
ENSG00000035664,0.0,0.0,2.5488553,0.0,0.0,0.0,0.0,0.0,0.0,0.0,0.0,0.0,0.0,0.0,0.0
ENSG00000180357,0.0,0.0,0.0,0.0,0.0,1.8397903,0.0,0.0,0.0,0.0,0.0,0.0,1.7096335,0.0,0.0
ENSG00000033800,0.0,0.0,1.9393392,0.0,0.0,0.0,0.0,0.0,0.0,0.0,0.0,0.0,1.7318614,0.0,0.0
ENSG00000187720,0.0,0.0,1.4937247,0.0,0.0,0.0,0.0,0.0,0.0,0.0,0.0,0.0,0.0,0.0,0.0
ENSG00000066933,0.0,0.0,2.1692753,1.8453777,0.0,1.3481395,0.0,0.0,0.0,0.0,0.0,0.0,0.0,0.0,0.0
ENSG00000173517,0.0,0.0,2.3325799,0.0,0.0,0.0,0.0,2.1929722,0.0,0.0,0.0,0.0,0.0,0.0,0.0
ENSG00000169783,0.0,0.0,1.9775181,0.0,0.7473293,2.3130012,0.0,0.0,0.0,0.0,0.0,0.0,0.0,0.0,0.0
ENSG00000188659,0.0,0.0,0.0,0.0,0.0,1.7997446,0.0,0.0,0.0,0.0,0.0,0.0,0.0,0.0,0.0
ENSG00000170776,0.0,0.0,2.852239,3.5478396,1.849474,1.9105867,2.8736515,2.2319245,2.2194762,2.1081836,0.0,0.0,2.529509,3.7879434,0.0
ENSG00000176463,0.0,0.0,0.0,0.0,0.0,1.1349247,0.0,0.0,0.0,0.0,0.0,0.0,0.0,0.0,0.0
ENSG00000140443,0.0,0.0,0.0,0.0,0.0,1.6134585,0.0,0.0,0.0,0.0,0.0,0.0,0.0,0.0,0.0
ENSG00000068305,0.0,0.0,0.0,0.0,0.0,0.0,0.0,0.0,0.0,2.218847,0.0,0.0,1.6455964,0.0,0.0
ENSG00000197253,0.0,0.0,0.0,0.0,0.0,0.0,0.0,0.0,0.0,0.0,0.0,0.0,0.0,4.051736,0.0
ENSG00000172236,0.0,0.0,0.0,0.0,0.0,0.0,0.0,0.0,0.0,0.0,0.0,0.0,0.0,3.7293112,0.0
ENSG00000167972,0.0,0.0,0.0,2.9385843,0.0,0.0,0.0,0.0,0.0,0.0,0.0,0.0,0.0,0.0,0.0
ENSG00000166669,0.0,0.0,2.7593298,0.0,0.0,0.0,0.0,0.0,0.0,0.0,0.0,0.0,0.0,0.0,0.0
ENSG00000213853,0.0,0.0,3.653249,0.0,0.0,0.0,0.0,0.0,0.0,0.0,0.0,0.0,0.0,0.0,0.0
ENSG00000179889,0.0,0.0,0.0,0.0,1.8400356,1.9370487,0.0,1.8429383,0.0,0.0,0.0,0.0,0.9614587,0.0,1.6449213
ENSG00000133392,0.0,0.0,0.0,0.0,0.0,0.0,0.0,0.0,0.0,0.0,0.0,0.0,0.0,0.0,2.5843675
ENSG00000261210,0.0,0.0,0.0,0.0,0.0,1.3540746,0.0,0.0,0.0,0.0,0.0,0.0,0.0,0.0,0.0
ENSG00000103534,0.0,0.0,0.0,0.0,0.0,1.7611873,0.0,0.0,0.0,0.0,0.0,0.0,0.0,0.0,0.0
ENSG00000174628,0.0,0.0,0.0,0.0,0.0,1.4753392,0.0,0.0,0.0,0.0,0.0,0.0,0.0,0.0,0.0
ENSG00000158486,0.0,0.0,0.0,0.0,0.0,2.1753953,0.0,0.0,0.0,0.0,0.0,0.0,0.0,0.0,0.0
ENSG00000175267,0.0,0.0,0.0,0.0,0.0,1.9542712,0.0,0.0,0.0,0.0,0.0,0.0,0.0,0.0,0.0
ENSG00000177200,0.0,0.0,0.0,0.0,0.0,0.0,0.0,0.0,0.0,0.0,0.0,0.0,1.6517023,0.0,0.0
ENSG00000140718,0.0,0.0,0.0,0.0,0.0,3.48112,0.0,0.0,0.0,0.0,0.0,0.0,0.0,0.0,0.0
ENSG00000072736,0.0,0.0,1.8850362,0.0,1.861038,0.0,0.0,0.0,0.0,0.0,0.0,0.0,0.0,0.0,0.0
ENSG00000102908,2.526916,0.0,0.0,1.6547761,1.766947,0.0,1.8025765,0.0,0.0,0.0,0.0,0.0,0.0,0.0,0.0
ENSG00000157423,0.0,0.0,0.0,0.0,0.0,3.1660812,0.0,0.0,0.0,0.0,0.0,0.0,0.0,0.0,0.0
ENSG00000186153,0.0,0.0,2.168589,1.9951411,2.7784681,2.7505078,2.3463476,2.3165655,2.8788428,0.0,0.0,0.0,1.8979421,2.5158048,1.8598843
ENSG00000197943,0.0,0.0,0.0,0.0,0.0,0.0,0.0,0.0,2.412948,0.0,0.0,0.0,0.0,0.0,0.0
ENSG00000154099,0.0,0.0,0.0,0.0,0.0,2.4678674,0.0,0.0,0.0,0.0,0.0,0.0,0.0,0.0,0.0
ENSG00000159842,0.0,0.0,0.0,0.0,0.0,0.0,0.0,0.0,0.0,0.0,0.0,0.0,1.8789018,0.0,0.0
ENSG00000167858,0.0,0.0,0.0,0.0,0.0,1.116477,0.0,0.0,0.0,0.0,0.0,0.0,0.0,0.0,0.0
ENSG00000141506,0.0,0.0,0.0,0.0,0.0,0.0,0.0,0.0,0.0,1.6728129,0.0,0.0,0.0,0.0,0.0
ENSG00000007174,0.0,0.0,0.0,0.0,0.0,3.0566676,0.0,0.0,0.0,0.0,0.0,0.0,0.0,0.0,0.0
ENSG00000006740,0.0,0.0,1.7217898,0.0,0.0,0.0,0.0,0.0,0.0,0.0,0.0,0.0,0.0,0.0,0.0
ENSG00000109046,0.0,0.0,2.3588278,2.6237786,2.6916478,0.0,2.6411495,0.0,0.0,0.0,0.0,0.0,0.0,0.0,0.0
ENSG00000141298,0.0,0.0,0.0,2.305922,0.0,0.0,0.0,0.0,2.7549205,2.692876,3.163366,2.8716798,2.6723166,0.0,0.0
ENSG00000196712,0.0,0.0,0.0,0.0,2.0202518,0.0,0.0,0.0,0.0,0.0,0.0,0.0,0.0,0.0,0.0
ENSG00000176658,0.0,0.0,2.348485,0.0,0.0,1.6424799,0.0,0.0,0.0,0.0,0.0,0.0,0.0,0.0,0.0
ENSG00000278540,0.0,0.0,0.0,2.0853262,0.0,0.0,0.0,0.0,0.0,0.0,0.0,0.0,0.0,0.0,0.0
ENSG00000141293,0.0,0.0,0.0,0.0,0.0,0.0,0.0,0.0,0.0,0.0,3.4637952,3.0145464,0.0,0.0,0.0
ENSG00000153930,0.0,0.0,0.0,0.0,0.0,2.5491283,0.0,0.0,0.0,0.0,0.0,0.0,0.0,0.0,0.0
ENSG00000153944,0.0,0.0,0.0,0.0,0.0,1.5169525,0.0,0.0,0.0,0.0,0.0,0.0,0.0,0.0,0.0
ENSG00000062716,0.0,0.0,0.0,0.0,0.0,0.0,0.0,2.156338,0.0,2.63512,0.0,0.0,2.285838,0.0,0.0
ENSG00000141376,0.0,0.0,0.0,0.0,0.0,2.497614,0.0,0.0,0.0,0.0,0.0,0.0,1.187521,0.0,2.2118158
ENSG00000170921,0.0,0.0,0.0,2.6474237,0.0,0.0,0.0,0.0,0.0,0.0,0.0,0.0,2.4719892,0.0,0.0
ENSG00000261371,0.0,2.7567935,0.0,0.0,0.0,0.0,0.0,0.0,0.0,0.0,0.0,0.0,0.0,0.0,0.0
ENSG00000108654,0.0,0.0,1.9005994,0.0,0.0,0.0,0.0,0.0,0.0,0.0,0.0,0.0,1.7387861,0.0,0.0
ENSG00000154240,0.0,0.0,0.0,0.0,0.0,1.6540922,0.0,0.0,0.0,0.0,0.0,0.0,0.0,0.0,0.0
ENSG00000154217,0.0,0.0,0.0,0.0,0.0,0.0,0.0,0.0,0.0,0.0,2.8294823,0.0,0.0,0.0,0.0
ENSG00000154262,0.0,0.0,0.0,0.0,0.0,0.0,0.0,1.8838611,0.0,0.0,0.0,0.0,0.0,0.0,0.0
ENSG00000133195,0.0,0.0,0.0,0.0,0.0,0.0,0.0,0.0,0.0,0.0,0.0,0.0,0.0,2.7877176,0.0
ENSG00000171595,0.0,0.0,0.0,0.0,0.0,1.5713533,0.0,0.0,0.0,0.0,0.0,0.0,0.0,0.0,0.0
ENSG00000173482,2.3121192,3.222724,2.1206744,2.2539356,0.0,1.8397903,0.0,2.494637,0.0,0.0,0.0,0.0,0.0,0.0,0.0
ENSG00000168675,0.0,0.0,0.0,0.0,0.0,1.6120725,0.0,0.0,0.0,0.0,0.0,0.0,0.0,0.0,0.0
ENSG00000053747,0.0,0.0,2.7403724,0.0,0.0,0.0,0.0,0.0,0.0,0.0,0.0,0.0,0.0,0.0,0.0
ENSG00000154080,0.0,0.0,0.0,0.0,0.0,2.8017766,0.0,0.0,0.0,0.0,0.0,0.0,0.0,0.0,0.0
ENSG00000152217,0.0,0.0,0.0,0.0,0.0,0.0,0.0,1.979387,0.0,0.0,0.0,0.0,0.0,0.0,0.0
ENSG00000196628,1.0564821,2.770717,0.0,0.0,0.0,0.0,0.0,0.0,0.0,0.0,0.0,0.0,0.0,0.0,0.0
ENSG00000049759,0.0,0.0,2.9713638,2.2298806,2.584816,2.1191862,2.9878383,0.0,0.0,0.0,0.0,0.0,0.0,0.0,0.0
ENSG00000183287,0.0,0.0,0.0,0.0,0.0,0.0,0.0,2.66694,0.0,0.0,0.0,0.0,0.0,0.0,0.0
ENSG00000125772,0.0,0.0,0.0,0.0,0.0,0.0,0.0,0.0,0.0,0.0,0.0,0.0,2.3812447,0.0,0.0
ENSG00000182621,0.0,0.0,0.0,0.0,0.0,0.0,0.0,0.0,0.0,0.0,0.0,0.0,0.0,0.0,1.6110399
ENSG00000172264,0.0,0.0,2.7410507,4.5519447,4.785524,0.0,4.727438,0.0,0.0,0.0,0.0,0.0,0.0,0.0,0.0
ENSG00000125868,0.0,0.0,1.7568986,0.0,0.0,0.0,0.0,0.0,0.0,0.0,0.0,0.0,0.0,0.0,0.0
ENSG00000185052,0.0,0.0,0.0,0.0,0.0,0.0,0.0,0.0,0.0,0.0,0.0,0.0,0.0,3.4378662,0.0
ENSG00000132669,0.0,2.5494008,0.0,0.0,0.0,0.0,0.0,0.0,0.0,0.0,0.0,0.0,0.0,0.0,0.0
ENSG00000089101,0.0,0.0,0.0,0.0,0.0,1.2459399,0.0,0.0,0.0,0.0,0.0,0.0,0.0,0.0,0.0
ENSG00000188559,2.904526,0.0,0.0,0.0,0.0,0.0,0.0,0.0,0.0,0.0,0.0,0.0,0.0,0.0,0.0
ENSG00000125968,0.0,2.0927873,0.0,0.0,0.0,0.0,0.0,0.0,0.0,0.0,0.0,0.0,0.0,0.0,0.0
ENSG00000025293,0.0,0.0,0.0,0.0,0.0,0.0,0.0,0.0,0.0,0.0,0.0,0.0,0.0,2.4709966,0.0
ENSG00000101347,0.0,0.0,0.0,0.0,0.0,0.0,0.0,0.0,0.0,0.0,0.0,0.0,1.5607154,0.0,0.0
ENSG00000196090,0.0,0.0,0.0,0.0,0.0,2.930321,0.0,0.0,0.0,0.0,0.0,0.0,0.0,0.0,0.0
ENSG00000064655,0.0,0.0,0.0,0.0,1.97249,0.0,0.0,0.0,0.0,0.0,0.0,0.0,0.0,0.0,0.0
ENSG00000182463,3.0346045,0.0,0.0,0.0,0.0,0.0,0.0,0.0,0.0,0.0,0.0,0.0,0.0,0.0,0.0
ENSG00000105519,0.0,0.0,0.0,0.0,0.0,1.810557,0.0,0.0,0.0,0.0,0.0,0.0,0.0,0.0,0.0
ENSG00000087903,0.0,0.0,0.0,0.0,0.0,2.1427407,0.0,0.0,0.0,0.0,0.0,0.0,0.0,0.0,0.0
ENSG00000099331,0.0,0.0,0.0,0.0,0.0,0.0,0.0,0.0,0.0,0.0,0.0,0.0,1.6623489,0.0,0.0
ENSG00000105738,0.0,0.0,0.0,0.0,0.0,1.103234,0.0,0.0,0.0,0.0,0.0,0.0,0.0,0.0,0.0
ENSG00000124440,2.1182282,0.0,0.0,0.0,0.0,0.0,0.0,0.0,0.0,0.0,0.0,0.0,0.0,0.0,0.0
ENSG00000131400,0.0,0.0,0.0,2.0598288,0.0,0.0,0.0,0.0,0.0,0.0,0.0,0.0,0.0,0.0,0.0
ENSG00000100077,0.0,0.0,0.0,0.0,0.0,0.0,0.0,0.0,0.0,0.0,0.0,0.0,1.1428969,0.0,0.0
ENSG00000100154,0.0,2.0592432,0.0,0.0,0.0,0.0,0.0,2.167561,0.0,0.0,0.0,0.0,0.0,0.0,0.0
ENSG00000100234,2.3134112,3.534904,0.0,0.0,0.0,0.0,0.0,2.7988834,0.0,0.0,0.0,0.0,0.0,0.0,0.0
ENSG00000100201,0.0,0.0,0.0,0.0,0.0,1.3771338,0.0,0.0,0.0,0.0,0.0,0.0,0.0,0.0,0.0
ENSG00000184949,0.0,0.0,0.0,0.0,0.0,1.3913095,0.0,0.0,0.0,0.0,0.0,0.0,0.0,0.0,0.0
ENSG00000100354,0.0,0.0,0.0,0.0,0.0,1.7880313,0.0,0.0,2.412948,0.0,2.6411257,2.6750803,0.0,0.0,0.0
ENSG00000186976,0.0,0.0,0.0,0.0,0.0,1.6646328,0.0,0.0,0.0,0.0,0.0,0.0,0.0,0.0,0.0
ENSG00000155307,0.0,0.0,0.0,0.0,0.0,0.0,0.0,0.0,0.0,0.0,0.0,0.0,0.0,3.0145464,0.0
ENSG00000142192,2.5992274,0.0,0.0,0.0,0.0,0.0,0.0,0.0,0.0,0.0,0.0,0.0,0.0,0.0,0.0
ENSG00000156273,0.0,0.0,0.0,0.0,0.0,0.0,0.0,0.0,0.0,0.0,0.0,0.0,1.633879,0.0,0.0
ENSG00000166979,0.0,0.0,0.0,0.0,0.0,1.4929194,0.0,0.0,0.0,0.0,0.0,0.0,0.0,0.0,0.0
ENSG00000180509,0.0,0.0,0.0,0.0,0.0,1.4964076,0.0,0.0,0.0,0.0,0.0,0.0,0.0,0.0,0.0
ENSG00000159216,0.0,0.0,0.0,0.0,2.0587015,0.0,1.5859067,0.0,0.0,2.0305314,0.0,0.0,2.222508,0.0,0.0
