,Aberrant erythroid,CD11c+ memory B cells,CD4+ cytotoxic T cells,CD4+ memory T cells,CD4+ naive T cells,CD56brightCD16- NK cells,CD56dimCD16+ NK cells,CD69+PD-1+ memory CD4+ T cells,CD8+ central memory T cells,CD8+ effector memory T cells,CD8+ naive T cells,CD8+CD103+ tissue resident memory T cells,Class switched memory B cells,Classical Monocytes,Conventional dendritic cell 1,Conventional dendritic cell 2,Early erythroid progenitor,Early promyelocytes,Eosinophil-basophil-mast cell progenitors,Erythro-myeloid progenitors,GammaDelta T cells,HSCs & MPPs,Immature B cells,Late erythroid progenitor,Late promyelocytes,Lymphomyeloid prog,Mature naive B cells,Megakaryocyte progenitors,Mesenchymal cells_1,Myelocytes,NK T cells,NK cell progenitors,Non-classical monocytes,Nonswitched memory B cells,Plasma cells,Plasmacytoid dendritic cell progenitors,Plasmacytoid dendritic cells,Pre-B cells,Pre-pro-B cells,Pro-B cells
ENSG00000184009,0.0,3.8107126,3.6513112,4.559522,4.602822,4.6151204,4.301629,4.524811,4.323757,4.1912317,4.866503,4.563493,3.9491374,4.5114927,5.3419394,5.0008826,4.8679247,5.3564615,5.0020013,5.3991833,4.4830027,5.057747,4.585859,3.3838992,5.4049187,5.055754,3.3365636,5.242648,5.344916,4.9033365,4.0448456,4.9008064,4.5517015,3.620698,3.6961212,5.8837934,5.191168,5.6476865,6.175142,5.644059
ENSG00000205336,0.0,0.0,3.2332306,0.0,0.0,0.0,3.9971762,0.0,0.0,3.3383965,0.0,0.0,0.0,0.0,0.0,0.0,2.1817317,0.0,0.0,2.5519695,0.0,2.5405617,0.0,1.8996445,0.0,2.244915,0.0,2.4753652,0.0,0.0,0.0,3.0258121,0.0,0.0,0.0,0.0,0.0,0.0,0.0,0.0
ENSG00000204472,0.0,0.0,0.0,0.0,0.0,0.0,0.0,0.0,0.0,0.0,0.0,0.0,0.0,2.9408462,3.080313,2.9962385,1.2960919,3.3622887,2.6897295,3.4922543,0.0,3.8082676,0.0,0.0,3.0903935,3.6053362,0.0,3.2169971,0.0,2.5566556,0.0,2.7683036,4.168598,0.0,0.0,2.5696037,0.0,1.9381459,3.3923461,2.291431
ENSG00000206560,0.0,0.0,0.0,0.0,0.0,0.0,0.0,0.0,0.0,0.0,0.0,0.0,0.0,0.0,0.0,0.0,1.7646743,0.0,0.0,0.0,0.0,1.4165144,0.0,1.1083734,0.0,1.3572025,0.0,0.0,0.0,0.0,0.0,0.3762583,0.0,0.0,0.0,0.0,0.0,0.0,0.0,0.0
ENSG00000011426,0.0,0.0,0.0,0.0,0.0,0.0,0.0,0.0,0.0,0.0,0.0,0.0,0.0,0.0,0.0,0.0,0.0,0.0,0.0,0.0,0.0,0.0,0.0,0.94193715,0.0,0.0,0.0,0.0,0.0,0.0,0.0,0.0,0.0,0.0,0.0,0.0,0.0,0.17826892,0.0,0.0
ENSG00000143401,0.0,0.0,0.0,0.0,0.0,0.0,0.0,0.0,0.0,0.0,0.0,0.0,0.0,0.0,1.9373026,0.0,2.2815506,1.2716507,1.8309349,0.0,0.0,0.0,0.0,2.5049686,1.7728354,1.7646775,0.0,2.3252625,0.0,0.0,0.0,0.0,0.0,0.0,0.0,2.4363425,0.0,3.4452672,0.0,2.4792225
ENSG00000182718,0.0,0.0,2.8591902,0.0,0.0,0.0,0.0,2.8588748,0.0,2.4200037,0.0,0.0,2.125207,3.5196183,4.1869864,3.91638,0.0,0.0,0.6931972,0.0,0.0,0.0,0.0,0.0,3.4641562,0.0,0.0,0.0,3.743702,3.6836095,0.0,0.0,3.572104,0.0,1.3900967,1.6421157,1.9645715,0.0,0.0,0.0
ENSG00000136250,0.0,0.0,0.0,0.0,0.0,0.0,0.0,0.0,0.0,0.0,0.0,0.0,0.0,0.46114686,0.0,0.0,0.0,0.0,0.0,0.0,0.0,0.0,0.0,0.0,0.0,0.0,0.0,0.0,0.0,0.0,0.0,0.0,0.0,0.0,0.0,0.0,0.0,0.0,0.0,0.0
ENSG00000130208,0.0,0.0,0.0,0.0,0.0,0.0,0.0,0.0,0.0,0.0,0.0,0.0,0.0,0.0,0.0,0.0,0.99948645,0.0,0.0,0.0,0.0,0.0,0.0,1.0222205,0.0,0.0,0.0,0.0,0.0,0.0,0.0,0.0,0.0,0.0,0.0,0.0,0.0,0.0,0.0,0.0
ENSG00000109321,0.0,0.0,0.0,0.0,0.0,3.362973,0.0,0.0,0.0,0.0,0.0,0.0,0.0,0.0,1.9728317,1.1177018,0.0,1.9995452,0.0,0.0,0.0,2.0006533,0.0,0.0,0.0,2.0575933,0.0,0.0,0.0,0.0,0.0,3.5091615,0.0,0.0,0.0,0.0,0.0,0.0,0.0,0.0
ENSG00000156802,0.0,0.0,0.0,0.0,0.0,0.0,0.0,0.0,0.0,0.0,0.0,0.0,0.0,0.0,0.0,0.0,0.0,0.0,0.0,0.0,0.0,0.0,0.0,1.1805189,0.0,0.0,0.0,0.0,0.0,0.0,0.0,0.0,0.0,0.0,0.0,0.0,0.0,0.0,0.0,0.0
ENSG00000130770,0.0,0.0,2.7611046,2.7403724,2.8607407,2.658263,2.739695,3.1345768,2.7939386,2.7526593,2.6551776,2.7114797,2.446076,1.6459341,2.4187658,2.0686898,3.7098598,2.739749,2.7369895,2.6233387,2.8035953,2.5046701,0.0,4.6014647,2.5047693,2.7706532,0.0,2.994498,2.4739776,1.8280805,2.981132,2.2881927,1.845883,2.4079556,2.4893804,2.728775,2.5689888,2.7885442,2.5359092,2.5498528
ENSG00000178999,0.0,0.0,0.0,0.0,0.0,0.0,0.0,0.0,0.0,0.0,0.0,0.0,0.0,0.0,0.0,0.0,0.0,0.0,0.0,0.0,0.0,0.0,0.0,0.0,0.0,0.0,0.0,0.0,0.0,0.0,0.0,0.0,0.0,0.0,0.0,0.5072382,0.0,2.7048368,0.0,0.0
ENSG00000172232,0.0,0.0,0.0,0.0,0.0,0.0,0.0,0.0,0.0,0.0,0.0,0.0,0.0,0.0,0.0,0.0,0.0,0.0,0.0,0.0,0.0,0.0,0.0,0.0,1.2430038,0.0,0.0,0.0,0.0,0.0,0.0,0.0,0.0,0.0,0.0,0.0,0.0,0.0,0.0,0.0
ENSG00000166710,2.7655797,6.5709853,7.236456,6.889604,6.696187,6.876938,7.268364,7.185898,7.1699786,7.1270833,6.760994,6.9629,6.4678335,6.214387,5.7835245,5.892124,5.5964966,5.8322816,5.1476464,5.555051,7.014015,5.7096324,6.2493286,4.775713,5.5115566,5.851504,6.037558,5.558981,6.7473993,5.562325,7.0195694,6.639801,6.5150404,6.4261613,5.6146126,6.1685357,6.5107965,5.5976553,5.948014,5.580385
ENSG00000089685,0.0,0.0,0.0,0.0,0.0,0.0,0.0,0.0,0.0,0.0,0.0,0.0,0.0,0.0,0.0,0.0,0.0,0.0,0.0,0.0,0.0,0.0,0.0,1.6473998,0.0,0.0,0.0,0.0,0.0,0.0,0.0,0.0,0.0,0.0,0.0,1.7627743,0.0,2.8120952,0.0,1.5256307
ENSG00000197299,0.0,0.0,0.0,0.0,0.0,0.0,0.0,0.0,0.0,0.0,0.0,0.0,0.0,0.0,0.0,0.0,0.0,0.0,0.0,0.0,0.0,0.0,0.0,0.93728334,0.0,0.0,0.0,0.0,0.0,0.0,0.0,0.0,0.0,0.0,0.0,0.0,0.0,0.0,0.0,0.0
ENSG00000090013,3.293483,0.0,0.0,0.0,0.0,0.0,0.0,0.0,0.0,0.0,0.0,0.0,0.0,2.0422232,1.438998,1.4221766,3.459673,0.0,0.0,0.0,0.0,0.0,0.0,4.357739,1.4069738,0.0,0.0,1.267657,1.971897,1.8563064,0.0,0.0,0.0,0.0,0.0,0.0,0.0,0.0,0.0,0.0
ENSG00000159388,0.0,0.0,0.0,0.0,0.0,0.0,0.0,0.0,0.0,0.0,0.0,0.0,0.0,1.3841233,0.0,0.0,0.0,0.0,0.0,0.0,0.0,0.0,2.3383436,0.0,0.0,0.0,0.0,0.0,0.0,0.0,0.0,0.0,1.5503949,0.0,1.4736645,0.0,0.0,1.1616538,0.0,0.0
ENSG00000169679,0.0,0.0,0.0,0.0,0.0,0.0,0.0,0.0,0.0,0.0,0.0,0.0,0.0,0.0,0.0,0.0,0.0,0.0,0.0,0.0,0.0,0.0,0.0,1.1990488,0.0,0.0,0.0,0.0,0.0,0.0,0.0,0.0,0.0,0.0,0.0,0.0,0.0,1.8139756,0.0,0.0
ENSG00000235162,0.0,0.0,0.0,0.0,0.0,0.0,0.0,0.0,0.0,0.0,0.0,0.0,0.0,0.0,2.0334363,0.0,0.0,0.0,0.0,0.0,0.0,0.0,0.0,0.0,0.0,0.0,0.0,0.0,0.0,0.0,0.0,0.0,0.0,0.0,0.0,2.5992243,3.0516937,1.3499682,0.0,0.0
ENSG00000204387,0.0,2.6980278,0.0,3.0350482,3.7657037,2.8560987,0.0,0.0,2.1607316,0.0,3.7180424,2.9799697,3.036935,2.237695,2.916,2.7404487,3.7696044,3.7599907,3.7146876,4.2911797,2.0712597,4.2159405,3.075523,2.8507018,3.0321329,3.8104725,2.97665,3.6832952,2.8622952,2.2748032,0.0,3.85764,2.2886815,2.9731224,1.4217006,3.2879102,3.136908,3.1541393,3.8189776,3.2828639
ENSG00000198668,0.0,0.0,2.5565052,1.9840608,0.0,2.0872986,2.0478787,0.0,0.0,2.595773,0.0,2.1876116,0.0,0.0,1.3983034,0.0,0.0,0.0,0.0,0.0,2.4024532,0.0,0.0,1.119994,0.0,0.0,0.0,0.0,0.0,0.0,2.886108,0.58850664,0.0,0.0,0.0,1.0976355,0.0,1.3104069,0.0,0.0
ENSG00000183049,0.0,0.0,0.0,0.0,0.0,0.0,0.0,0.0,0.0,0.0,0.0,0.0,0.0,0.0,0.0,0.0,0.0,0.0,0.0,0.0,0.0,0.0,0.0,0.0,0.0,0.0,0.0,0.0,0.0,0.0,0.0,0.0,0.0,0.0,0.0,0.0,0.0,1.1626065,0.0,0.0
ENSG00000164305,0.0,0.0,0.0,0.0,0.0,0.0,0.0,0.0,0.0,0.0,0.0,0.0,0.0,0.0,0.0,0.0,2.871787,0.0,1.3843476,0.0,0.0,0.0,0.0,2.5332851,0.0,0.0,0.0,1.3587453,0.0,0.0,0.0,0.0,0.0,0.0,0.0,0.0,0.0,0.0,0.0,0.0
ENSG00000118412,0.0,0.0,0.0,0.0,0.0,0.0,0.0,0.0,0.0,0.0,0.0,0.0,0.0,0.0,0.0,0.0,0.0,0.0,0.0,0.0,0.0,0.0,0.0,1.0722574,0.0,0.0,0.0,0.0,0.0,0.0,0.0,0.0,0.0,0.0,0.0,0.0,0.0,0.0,0.0,0.0
ENSG00000177469,0.0,0.0,0.0,0.0,0.0,0.0,0.0,0.0,0.0,0.0,0.0,0.0,0.0,0.0,0.0,0.0,1.467139,0.0,0.0,1.6247038,0.0,0.0,0.0,0.73485863,0.0,0.0,0.0,1.935874,3.481628,0.0,0.0,1.6088388,0.0,0.0,0.0,0.0,0.0,0.0,0.0,0.0
ENSG00000094916,0.0,0.0,0.0,0.0,0.0,0.0,0.0,0.0,0.0,0.0,0.0,0.0,0.0,0.0,1.2960919,0.0,1.8167336,1.2475642,0.0,0.0,0.0,0.0,0.0,2.1099582,0.0,1.8334699,0.0,1.7777345,0.0,0.0,0.0,0.0,0.0,0.0,0.0,1.8831432,0.0,2.3495564,0.0,2.3377786
ENSG00000152492,0.0,0.0,0.0,0.0,0.0,0.0,0.0,0.0,0.0,0.0,0.0,0.0,0.0,0.0,1.604815,0.0,0.0,0.0,0.0,0.0,0.0,0.0,0.0,0.0,0.0,0.0,0.0,0.0,0.0,0.0,0.0,0.0,0.0,0.0,0.0,3.249721,3.8415818,0.0,0.0,0.0
ENSG00000157456,0.0,0.0,0.0,0.0,0.0,0.0,0.0,0.0,0.0,0.0,0.0,0.0,0.0,0.0,0.0,0.0,0.0,0.0,0.0,0.0,0.0,0.0,0.0,2.2783337,0.0,0.0,0.0,0.0,0.0,0.0,0.0,0.0,0.0,0.0,0.0,1.319173,0.0,2.7956321,0.0,0.0
ENSG00000126353,0.0,0.0,0.0,0.0,2.964363,0.0,0.0,0.0,0.0,0.0,2.5043788,0.0,0.0,0.0,0.0,0.0,0.0,0.0,0.0,0.0,0.0,0.0,0.0,0.0,0.0,0.0,0.0,0.0,0.0,0.0,0.0,0.0,0.0,0.0,0.0,0.0,0.0,0.0,0.0,0.0
ENSG00000170458,0.0,0.0,0.0,0.0,0.0,0.0,0.0,0.0,0.0,0.0,0.0,0.0,0.0,4.193861,0.0,0.0,0.0,0.0,0.0,0.0,0.0,0.0,0.0,0.0,0.0,0.0,0.0,0.0,0.0,3.4291608,0.0,0.0,0.0,0.0,0.0,0.0,0.0,0.0,0.0,0.0
ENSG00000177575,0.0,0.0,0.0,0.0,0.0,0.0,0.0,0.0,0.0,0.0,0.0,0.0,0.0,2.0208192,0.0,1.4795603,0.0,0.0,0.0,0.0,0.0,0.0,0.0,0.0,0.0,0.0,0.0,0.0,0.0,0.0,0.0,0.0,0.0,0.0,0.0,0.0,0.0,0.0,0.0,0.0
ENSG00000135535,0.0,3.1709893,2.824225,2.5423577,2.885944,3.0077853,3.2948744,0.0,2.6909633,2.7097318,2.5753505,2.6999679,2.0050864,2.3757331,2.5742307,2.5186653,3.495603,2.8123772,2.8112013,4.5465064,2.5934799,4.4311323,0.0,3.0732448,2.1732802,4.003935,0.0,4.388171,3.19537,2.373705,2.9399,4.089985,2.4334135,2.2065227,1.8923382,3.1348386,3.9762838,2.6527672,2.5018032,2.6666284
ENSG00000177455,0.0,3.5184832,0.0,0.0,0.0,0.0,0.0,0.0,0.0,0.0,0.0,0.0,2.042117,0.0,0.0,0.0,0.0,0.0,0.0,0.0,0.0,0.0,2.7925024,0.0,0.0,0.0,1.80163,0.0,0.0,0.0,0.0,0.0,0.0,2.5012891,0.6856897,0.0,0.0,1.5864863,0.0,0.0
ENSG00000158481,0.0,0.0,0.0,0.0,0.0,0.0,0.0,0.0,0.0,0.0,0.0,0.0,0.0,0.0,0.0,1.7432524,0.0,0.0,0.0,0.0,0.0,0.0,0.0,0.0,0.0,0.0,0.0,0.0,0.0,0.0,0.0,0.0,0.0,0.0,0.0,0.0,0.0,0.0,0.0,0.0
ENSG00000116824,0.0,0.0,3.8957496,3.3250139,3.04834,3.3946686,2.5069623,3.5954695,3.236124,3.5673728,2.85147,3.2869878,0.0,0.0,1.2769684,0.7580944,0.0,0.0,0.0,0.0,2.9873166,0.0,0.0,0.0,0.0,0.0,0.0,0.0,0.0,0.0,2.947292,0.0,0.0,0.0,0.0,0.0,0.0,0.0,0.0,0.0
ENSG00000272398,0.0,0.0,0.0,0.0,0.0,0.0,0.0,0.0,0.0,0.0,0.0,0.0,2.674137,0.0,0.0,0.0,0.0,0.0,0.0,0.0,0.0,0.0,3.819531,0.0,0.0,0.0,0.0,0.0,0.0,0.0,0.0,0.0,0.0,2.6564083,0.0,0.0,0.0,4.040425,0.0,3.5847025
ENSG00000139193,0.0,0.0,0.0,0.0,2.9731224,0.0,0.0,1.4787081,0.0,0.0,3.0072048,2.0817862,0.0,0.0,0.0,0.0,0.0,0.0,0.0,0.0,0.0,0.0,0.0,0.0,0.0,0.0,0.0,0.0,0.0,0.0,0.0,0.0,0.0,0.0,2.9040873,0.0,0.0,0.0,0.0,0.0
ENSG00000105383,0.0,0.0,0.0,0.0,0.0,0.0,0.0,0.0,0.0,0.0,0.0,0.0,0.0,1.7043881,1.7643771,2.3065999,0.0,0.93766135,0.0,0.0,0.0,0.0,0.0,0.0,1.6886499,0.0,0.0,0.0,0.0,1.8198011,0.0,0.0,1.1220839,0.0,0.0,0.0,0.0,0.0,0.0,0.0
ENSG00000174059,0.0,0.0,0.0,0.0,0.0,0.0,0.0,0.0,0.0,0.0,0.0,0.0,0.0,0.0,0.0,0.0,1.8426898,2.172371,1.4751163,2.7769196,0.0,3.166574,0.0,0.0,0.0,3.0499194,0.0,2.7441573,0.0,0.0,0.0,2.6523085,0.0,0.0,0.0,0.0,0.0,0.0,0.0,0.0
ENSG00000104894,0.0,4.505927,3.165543,3.2250404,3.229691,3.1644738,2.931833,3.138018,3.0238082,2.9891067,3.266306,3.0666957,4.746414,3.2017493,2.7772298,2.9075828,2.635168,2.627642,2.6999676,3.739859,3.0341063,3.7267075,4.9862757,1.4256488,2.4377728,2.9862401,4.9603453,2.9762084,0.0,2.7512858,3.110806,3.5715718,3.611092,4.746107,1.5518616,3.0145464,3.6953483,1.5762398,2.387057,0.0
ENSG00000004468,0.0,0.0,0.0,0.0,0.0,0.0,0.0,0.0,0.0,0.0,0.0,0.0,0.0,0.0,0.0,0.0,0.0,0.0,0.0,0.0,0.0,0.0,0.0,0.0,0.0,0.0,0.0,0.0,0.0,0.0,0.0,0.0,0.0,0.0,0.6700238,0.0,0.0,0.0,0.0,0.0
ENSG00000198851,0.0,0.0,3.208376,3.3253832,3.0041025,0.0,0.0,3.4529028,3.091926,3.322802,3.2066689,3.2730403,0.0,0.0,0.0,0.0,0.0,0.0,0.0,0.0,3.2936246,0.0,0.0,0.0,0.0,0.0,0.0,0.0,0.0,0.0,3.265349,0.0,0.0,0.0,0.0,0.0,0.0,0.0,0.0,0.0
ENSG00000010610,0.0,0.0,3.3895898,3.2135155,3.2135155,0.0,0.0,3.2685866,0.0,0.0,0.0,0.0,0.0,2.742879,1.27722,2.6728058,0.0,0.0,0.0,0.0,0.0,0.0,0.0,0.87947816,0.0,0.0,0.0,0.0,3.0331652,1.3497151,0.0,0.0,3.0689602,0.0,0.0,0.0,3.4418838,0.0,0.0,0.0
ENSG00000026508,0.0,0.0,2.6214106,2.8971977,2.9234645,3.0473847,0.0,3.0099514,2.249564,2.5675378,2.6920202,2.7686136,1.5030283,2.3609989,1.8892376,1.9494758,1.6940932,2.2203095,0.0,1.7450988,2.6993206,2.727682,0.0,1.4947481,1.5784144,2.1601663,0.0,0.0,0.0,1.5917552,0.0,2.0109732,2.5729282,0.0,0.0,1.910832,1.9752393,0.0,3.0502548,0.0
ENSG00000196776,0.0,0.0,0.0,0.0,0.0,0.0,0.0,0.0,0.0,0.0,0.0,0.0,0.0,0.0,1.8140028,1.4000285,2.2001774,1.7716298,1.8061249,0.0,0.0,0.0,0.0,2.4793031,1.3624485,1.9532337,0.0,0.0,0.0,0.0,0.0,1.6831177,2.1015406,0.0,1.0314858,2.3269281,1.9070168,2.381691,0.0,2.1703134
ENSG00000169442,0.0,5.198803,5.4566526,5.160367,4.973974,4.177063,3.6101398,4.6753488,3.8805246,5.335669,4.7569003,4.891697,5.1880393,3.772299,1.5547273,3.5911398,0.0,2.0800982,1.7387861,1.9250627,4.855964,3.7408867,4.985752,0.7502094,0.0,3.4595542,5.1607976,0.0,0.0,2.6079137,3.2689784,3.6238482,4.691266,5.186924,2.0198545,0.9301154,2.239802,3.7238135,2.5018032,3.6092658
ENSG00000135404,0.0,2.3467739,2.4850135,0.0,0.0,3.7308035,3.4980605,0.0,2.7834363,2.9184804,0.0,2.2210445,0.0,2.9682455,3.1844318,2.7162611,3.2805924,2.8336437,3.915129,3.2642002,2.8035953,2.80448,0.0,2.9960444,3.4278927,2.849439,0.0,3.8574944,4.596487,3.06448,3.2580965,3.3419404,1.9754264,0.0,2.8842592,2.069256,2.2822754,1.6378748,2.743088,1.6700243
ENSG00000110848,0.0,0.0,2.6820302,3.2353027,0.0,2.5418267,2.8160625,3.4212751,3.792878,2.2914119,0.0,3.2308602,0.0,0.0,0.0,0.0,0.0,1.8700274,1.9166446,0.0,3.0676715,0.0,2.5911956,0.0,0.0,1.9536872,3.2405136,0.0,0.0,0.0,4.09871,2.4614692,0.0,2.5855012,0.0,0.0,0.0,1.8116162,0.0,1.5756173
ENSG00000173762,0.0,0.0,0.0,0.0,0.0,2.8639193,0.0,0.0,0.0,0.0,0.0,0.0,0.0,0.0,0.0,0.0,0.0,0.0,0.0,0.0,0.0,0.0,0.0,0.0,0.0,0.0,0.0,0.0,0.0,0.0,0.0,0.0,0.0,0.0,0.0,0.0,0.0,0.0,0.0,0.0
ENSG00000137101,0.0,2.8907497,0.0,0.0,0.0,0.0,0.0,0.0,0.0,0.0,0.0,0.0,0.0,0.0,0.0,0.0,0.0,0.0,0.0,0.0,0.0,0.0,3.19537,0.0,0.0,0.0,0.0,0.0,0.0,0.0,0.0,0.0,0.0,0.0,0.0,0.0,0.0,1.7682056,0.0,0.0
ENSG00000019582,0.0,7.071124,3.3030407,2.9268024,0.0,3.7827027,3.2754865,4.31939,4.0465145,3.1096535,2.6478302,3.155807,6.617572,5.0348186,6.0616746,6.3714156,3.4419508,4.5313473,3.0827754,4.3362694,3.5657017,5.1891937,6.4533777,1.9665922,5.10922,4.795192,6.6992674,3.5653496,3.7019362,4.407517,4.103528,4.833377,5.2271175,6.510468,3.9374745,5.90618,6.4085855,4.9754677,5.410311,5.117779
ENSG00000105369,0.0,5.229047,0.0,0.0,0.0,0.0,0.0,0.0,0.0,0.0,0.0,0.0,4.4721646,0.0,0.0,0.0,0.0,0.0,0.0,0.0,0.0,0.0,4.746626,0.0,0.0,0.0,4.4786863,0.0,0.0,0.0,0.0,0.0,0.0,4.6080737,2.5175862,0.0,0.0,3.600059,0.0,3.2665873
ENSG00000007312,0.0,2.5423577,0.0,0.0,0.0,0.0,0.0,0.0,0.0,0.0,0.0,0.0,3.0540965,0.0,0.0,0.0,0.0,0.0,0.0,0.0,0.0,0.0,4.2378597,0.0,0.0,0.0,2.9293146,0.0,0.0,0.0,0.0,0.0,0.0,3.1117015,0.9663689,0.0,0.0,2.8949242,0.0,2.494124
ENSG00000110651,0.0,3.4659781,3.1277318,0.0,0.0,3.0964565,3.2849236,3.626023,3.4259892,3.0464292,0.0,2.8043242,3.0676715,0.0,2.0703177,0.0,2.645817,3.000829,2.5986483,2.8868268,3.083438,3.0009804,3.7459989,1.9977529,2.2946486,3.1470256,2.9020646,2.9858248,4.9887238,0.0,3.4176958,3.24469,1.5198606,2.805053,1.5785671,2.2894168,2.0556617,3.615155,2.6405444,3.7085693
ENSG00000085117,0.0,1.6733052,0.0,0.0,0.0,0.0,0.0,0.0,0.0,0.0,0.0,0.0,2.842295,0.0,0.0,0.0,2.760695,0.7671573,2.559184,2.474102,0.0,1.9217079,0.0,2.8991117,0.0,1.4516294,0.0,1.9182422,2.1363251,0.0,0.0,1.2037752,0.0,2.6026897,0.0,0.0,0.0,0.0,0.0,0.0
ENSG00000112149,0.0,2.7891493,0.0,0.0,0.0,0.0,0.0,0.0,0.0,0.0,0.0,0.0,0.0,0.0,0.0,1.4549065,0.0,0.0,0.0,0.0,0.0,0.0,0.0,0.0,0.0,0.0,3.4091578,0.0,0.0,0.0,0.0,0.0,1.7842319,2.8779912,0.0,0.0,0.0,0.0,0.0,0.0
ENSG00000114013,0.0,0.0,0.0,0.0,0.0,0.0,0.0,0.0,0.0,0.0,0.0,0.0,0.0,1.742352,1.3788224,2.1926773,0.0,0.0,0.0,0.0,0.0,0.0,0.0,0.0,0.0,0.0,0.0,0.0,0.0,0.44167408,0.0,0.0,2.303588,0.0,0.0,0.0,0.0,0.0,0.0,0.0
ENSG00000153563,0.0,0.0,0.0,0.0,0.0,0.0,0.0,0.0,4.55558,4.4597983,4.341721,4.256075,0.0,0.0,0.0,0.0,0.0,0.0,0.0,0.0,0.0,0.0,0.0,0.0,0.0,0.0,0.0,0.0,0.0,0.0,0.0,0.0,0.0,0.0,0.0,0.0,0.0,0.0,0.0,0.0
ENSG00000172116,0.0,0.0,0.0,0.0,0.0,0.0,0.0,0.0,0.0,0.0,3.3923461,2.7495036,0.0,0.0,0.0,0.0,0.0,0.0,0.0,0.0,0.0,0.0,0.0,0.0,0.0,0.0,0.0,0.0,0.0,0.0,0.0,0.0,0.0,0.0,0.0,0.0,0.0,0.0,0.0,0.0
ENSG00000010278,0.0,0.0,0.0,0.0,0.0,0.0,0.0,0.0,0.0,0.0,0.0,0.0,0.0,0.0,0.0,0.0,0.0,0.0,0.0,0.0,0.0,0.0,2.9243011,0.0,0.0,0.0,0.0,0.0,0.0,0.0,0.0,0.0,0.0,0.0,1.5487149,0.0,0.0,2.2910204,0.0,0.0
ENSG00000002586,0.0,2.2166584,4.0176487,3.4644773,2.815324,2.9825358,3.7190232,3.475954,3.3965218,4.1065555,0.0,3.5735257,2.662588,2.0933907,2.4817274,2.4247031,2.54708,3.0710273,2.2632725,2.133039,3.8186665,2.795261,0.0,2.7676806,2.4919605,3.115726,0.0,1.9423718,4.086783,2.330971,3.6716309,3.020012,0.0,2.2058036,1.8493183,2.9882112,3.4213724,3.1174858,3.153119,3.4949226
ENSG00000117399,0.0,0.0,0.0,0.0,0.0,0.0,0.0,0.0,0.0,0.0,0.0,0.0,0.0,0.0,0.0,0.0,0.0,0.0,0.0,0.0,0.0,0.0,0.0,1.8417958,0.0,0.0,0.0,0.0,0.0,0.0,0.0,0.0,0.0,0.0,0.0,0.0,0.0,2.946581,0.0,0.0
ENSG00000093009,0.0,0.0,0.0,0.0,0.0,0.0,0.0,0.0,0.0,0.0,0.0,0.0,0.0,0.0,0.0,0.0,0.0,0.0,0.0,0.0,0.0,0.0,0.0,1.651532,0.0,0.0,0.0,0.0,0.0,0.0,0.0,0.0,0.0,0.0,0.0,0.0,0.0,0.0,0.0,0.0
ENSG00000094804,0.0,0.0,0.0,0.0,0.0,0.0,0.0,0.0,0.0,0.0,0.0,0.0,0.0,0.0,0.0,0.0,0.0,0.0,0.0,0.0,0.0,0.0,0.0,1.2878588,0.0,0.0,0.0,0.0,0.0,0.0,0.0,0.0,0.0,0.0,0.0,0.0,0.0,0.0,0.0,0.0
ENSG00000111665,0.0,0.0,0.0,0.0,0.0,0.0,0.0,0.0,0.0,0.0,0.0,0.0,0.0,0.0,0.0,0.0,0.0,0.0,0.0,0.0,0.0,0.0,0.0,0.0,0.0,0.0,0.0,0.0,0.0,0.0,0.0,0.0,0.0,0.0,0.0,0.0,0.0,1.8050089,0.0,0.0
ENSG00000144354,0.0,0.0,0.0,0.0,0.0,0.0,0.0,0.0,0.0,0.0,0.0,0.0,0.0,0.0,2.0720685,0.0,2.0538797,2.648196,1.8380537,0.0,0.0,0.0,0.0,1.002152,2.0358849,2.9299889,0.0,2.4743662,0.0,0.0,0.0,0.0,0.0,0.0,0.0,2.1922622,0.0,2.601968,0.0,3.345192
ENSG00000134690,0.0,0.0,0.0,0.0,0.0,0.0,0.0,0.0,0.0,0.0,0.0,0.0,0.0,0.0,0.0,0.0,0.0,0.0,0.0,0.0,0.0,0.0,0.0,1.062247,0.0,0.0,0.0,0.0,0.0,0.0,0.0,0.0,0.0,0.0,0.0,0.0,0.0,2.498723,0.0,0.0
ENSG00000039068,0.0,0.0,0.0,0.0,0.0,0.0,0.0,0.0,0.0,0.0,0.0,0.0,0.0,0.0,0.0,0.0,0.0,0.0,0.0,0.0,0.0,0.0,0.0,2.0149753,0.0,0.0,0.0,0.0,0.0,0.0,0.0,0.0,0.0,0.0,0.0,0.0,0.0,0.0,0.0,0.0
ENSG00000170312,0.0,0.0,0.0,0.0,0.0,0.0,0.0,0.0,0.0,0.0,0.0,0.0,0.0,0.0,0.0,0.0,0.0,0.0,0.0,0.0,0.0,0.0,0.0,1.5096236,0.0,0.0,0.0,0.0,0.0,0.0,0.0,0.0,0.0,0.0,0.0,1.0953783,0.0,2.445499,0.0,0.0
ENSG00000105810,0.0,0.0,0.0,0.0,0.0,0.0,0.0,0.0,0.0,0.0,0.0,0.0,0.0,0.0,0.0,0.0,3.4038327,2.9204707,2.7974992,3.6064587,0.0,2.6533349,0.0,3.148305,0.0,3.1738157,0.0,3.4579253,0.0,0.0,0.0,2.3657203,0.0,0.0,0.0,0.0,0.0,2.2243662,2.4591775,2.8175735
ENSG00000245848,0.0,0.0,0.0,0.0,0.0,0.0,0.0,0.0,0.0,0.0,0.0,0.0,0.0,0.88088244,2.0383327,1.1911767,0.0,2.8923573,2.4014254,0.0,0.0,0.0,0.0,0.0,2.5157423,1.7634747,0.0,0.0,3.1275578,1.8064935,0.0,0.0,1.791208,0.0,0.0,0.0,0.0,0.0,0.0,0.0
ENSG00000115163,0.0,0.0,0.0,0.0,0.0,0.0,0.0,0.0,0.0,0.0,0.0,0.0,0.0,0.0,0.0,0.0,0.0,0.0,0.0,0.0,0.0,0.0,0.0,0.0,0.0,0.0,0.0,0.0,0.0,0.0,0.0,0.0,0.0,0.0,0.0,0.0,0.0,1.960954,0.0,0.0
ENSG00000117724,0.0,0.0,0.0,0.0,0.0,0.0,0.0,0.0,0.0,0.0,0.0,0.0,0.0,0.0,0.0,0.0,0.0,0.0,0.0,0.0,0.0,0.0,0.0,1.3860319,0.0,0.0,0.0,0.0,0.0,0.0,0.0,0.0,0.0,0.0,0.0,0.0,0.0,1.9409118,0.0,0.0
ENSG00000151725,0.0,0.0,0.0,0.0,0.0,0.0,0.0,0.0,0.0,0.0,0.0,0.0,0.0,0.0,0.0,0.0,0.5292685,0.0,0.0,0.0,0.0,0.0,0.0,1.4745098,0.0,0.0,0.0,0.0,0.0,0.0,0.0,0.0,0.0,0.0,0.0,0.0,0.0,0.0,0.0,0.0
ENSG00000197766,0.0,0.0,0.0,0.0,0.0,0.0,0.0,0.0,0.0,0.0,0.0,0.0,0.0,0.0,0.0,0.0,0.0,0.0,0.0,0.0,0.0,0.0,0.0,0.0,0.0,0.0,0.0,0.0,2.8622952,0.0,0.0,0.0,0.0,0.0,0.0,0.0,0.0,0.0,0.0,0.0
ENSG00000159259,0.0,0.0,0.0,0.0,0.0,0.0,0.0,0.0,0.0,0.0,0.0,0.0,0.0,0.0,0.0,0.0,0.0,0.0,0.0,0.0,0.0,0.0,0.0,1.3415215,0.0,0.0,0.0,0.0,0.0,0.0,0.0,0.0,0.0,0.0,0.0,0.0,0.0,0.0,0.0,0.0
ENSG00000136108,0.0,0.0,0.0,0.0,0.0,0.0,0.0,0.0,0.0,0.0,0.0,0.0,0.0,0.0,0.0,0.0,0.8986993,0.0,0.0,0.0,0.0,0.0,0.0,1.2800245,0.0,0.0,0.0,0.0,0.0,0.0,0.0,0.0,0.0,0.0,0.0,0.0,0.0,1.8385658,0.0,0.0
ENSG00000169607,0.0,0.0,0.0,0.0,0.0,0.0,0.0,0.0,0.0,0.0,0.0,0.0,0.0,0.0,0.0,0.0,0.0,0.0,0.0,0.0,0.0,0.0,0.0,0.8614883,0.0,0.0,0.0,0.0,0.0,0.0,0.0,0.0,0.0,0.0,0.0,0.0,0.0,1.7808074,0.0,0.0
ENSG00000175216,0.0,0.0,0.0,0.0,0.0,0.0,0.0,0.0,0.0,0.0,0.0,0.0,0.0,0.0,0.0,0.0,0.58080083,0.0,0.0,0.0,0.0,0.0,0.0,1.500587,0.0,0.0,0.0,0.0,0.0,0.0,0.0,0.0,0.0,0.0,0.0,0.0,0.0,1.7907193,0.0,0.0
ENSG00000173207,0.0,0.0,0.0,0.0,0.0,0.0,0.0,0.0,0.0,0.0,0.0,0.0,0.0,0.0,2.0074537,0.0,1.8093307,0.0,0.0,0.0,0.0,0.0,0.0,2.5074797,1.2933989,1.9673989,0.0,2.0638723,0.0,0.0,0.0,0.0,0.0,0.0,0.0,2.7327232,0.0,3.085741,0.0,2.4640832
ENSG00000123975,0.0,0.0,0.0,0.0,0.0,0.0,0.0,0.0,0.0,0.0,0.0,0.0,0.0,0.0,1.7378204,0.0,2.6986537,2.1922622,2.0556595,1.7613257,0.0,0.0,0.0,3.0090346,1.4776592,2.1571803,0.0,2.3206646,0.0,0.0,0.0,0.0,0.0,0.0,0.0,2.1478248,0.0,3.536695,0.0,2.4362688
ENSG00000105205,0.0,0.0,0.0,0.0,0.0,0.0,0.0,0.0,0.0,0.0,0.0,0.0,0.0,0.0,0.0,0.0,0.0,0.0,5.32437,0.0,0.0,0.0,0.0,0.0,0.0,0.0,0.0,0.0,0.0,0.0,0.0,0.0,0.0,0.0,0.0,0.0,0.0,0.0,0.0,0.0
ENSG00000103187,0.0,2.9004393,0.0,2.8963892,0.0,3.0826125,0.0,3.0939984,0.0,0.0,2.792499,2.8205051,3.2588983,4.09471,4.126401,4.259672,1.7679938,1.8358649,2.4054291,1.5696123,0.0,0.0,0.0,0.0,2.8708677,1.648812,0.0,2.1692755,0.0,3.6053665,0.0,0.0,5.065102,3.1178734,0.0,1.5681885,0.0,0.0,0.0,0.0
ENSG00000163751,0.0,0.0,0.0,0.0,0.0,0.0,0.0,0.0,0.0,0.0,0.0,0.0,0.0,0.0,0.0,0.0,0.0,3.0392046,3.341547,2.9770455,0.0,0.0,0.0,0.0,0.0,0.0,0.0,1.9112039,0.0,0.0,0.0,0.0,0.0,0.0,0.0,0.0,0.0,0.0,0.0,0.0
ENSG00000145708,0.0,0.0,0.0,0.0,0.0,0.0,0.0,0.0,0.0,0.0,0.0,0.0,0.0,0.0,0.0,0.0,0.0,0.0,0.0,2.5647676,0.0,3.438533,0.0,0.0,0.0,1.3138201,0.0,0.0,0.0,0.0,0.0,3.193984,0.0,0.0,0.0,0.0,0.0,0.0,0.0,0.0
ENSG00000119535,0.0,0.0,0.0,0.0,0.0,0.0,0.0,0.0,0.0,0.0,0.0,0.0,0.0,3.2597005,1.0807953,2.1043925,0.0,3.3560672,0.0,0.0,0.0,2.5135016,0.0,0.0,2.3013346,2.9526052,0.0,0.0,0.0,2.6237786,0.0,1.623023,0.0,0.0,0.0,0.0,0.0,0.0,0.0,0.0
ENSG00000101439,0.0,0.0,0.0,0.0,0.0,0.0,0.0,0.0,0.0,0.0,0.0,0.0,0.0,4.496233,5.226514,5.4729576,3.4410396,1.5955048,1.2933023,2.495655,0.0,2.4489698,0.0,3.0707471,3.7158887,2.1354055,0.0,3.2103152,3.4219677,4.3739257,0.0,1.580517,4.840843,0.0,1.7082927,3.720585,4.5901914,0.0,2.4533293,0.0
ENSG00000077984,0.0,0.0,3.7260108,0.0,0.0,3.6424766,4.7333527,4.1918783,4.318963,4.0473046,0.0,2.9505227,0.0,0.0,0.0,0.0,0.0,2.205212,0.0,0.0,3.9667664,0.0,0.0,0.0,1.4659526,0.0,0.0,0.0,0.0,0.0,4.3307366,3.6056552,0.0,0.0,0.0,0.0,0.0,0.0,0.0,0.0
ENSG00000121552,0.0,0.0,0.0,0.0,0.0,0.0,0.0,0.0,0.0,0.0,0.0,0.0,0.0,3.2038312,2.866652,2.9494548,0.0,0.0,0.0,0.0,0.0,0.0,0.0,0.0,3.5609841,0.0,0.0,0.0,0.0,3.5471342,0.0,0.0,2.320953,0.0,0.0,0.0,0.0,0.0,0.0,0.0
ENSG00000102974,0.0,0.0,0.0,0.0,0.0,0.0,0.0,0.0,0.0,0.0,0.0,0.0,0.0,0.0,0.0,0.0,1.5895779,0.0,0.0,0.0,0.0,0.0,0.0,1.6877365,0.0,0.0,0.0,1.5177367,0.0,0.0,0.0,0.0,0.0,0.0,0.0,1.4439248,0.0,2.033393,0.0,1.5781381
ENSG00000163131,0.0,0.0,0.0,0.0,0.0,0.0,0.0,0.0,0.0,0.0,0.0,0.0,0.0,3.724118,1.8187261,2.4002624,0.0,0.0,0.0,0.0,0.0,0.0,0.0,0.0,1.4046668,0.0,0.0,0.0,0.0,2.5185978,0.0,0.0,3.9577992,0.0,1.6137041,1.3774352,1.935525,0.0,0.0,0.0
ENSG00000172543,0.0,0.0,2.6738229,0.0,0.0,4.5348406,3.762532,0.0,2.8239443,3.4689867,0.0,2.495825,0.0,0.0,0.0,0.0,1.6940523,0.5179799,0.86625135,0.8514964,3.2948744,0.0,0.0,0.8557676,0.0,1.0595913,0.0,1.9217243,0.0,0.0,3.3771975,2.4677384,0.0,0.0,0.0,0.0,0.0,0.0,2.4591775,0.0
ENSG00000107562,0.0,0.0,0.0,0.0,0.0,0.0,0.0,0.0,0.0,0.0,0.0,0.0,0.0,0.0,0.0,0.0,0.0,0.0,0.0,0.0,0.0,0.0,0.0,0.0,0.0,0.0,0.0,0.0,7.068949,0.0,0.0,0.0,0.0,0.0,0.0,0.0,0.0,0.0,0.0,0.0
ENSG00000121966,0.0,3.521134,4.2712526,4.413829,4.147969,4.0880904,4.124544,4.925973,5.323408,4.231823,4.532105,4.7638364,4.412574,2.453718,3.687944,3.4423804,0.0,2.2677875,4.792191,0.0,4.647327,2.2403169,5.273255,0.0,3.484177,2.6934905,5.510435,0.0,0.0,2.6264513,5.425907,3.3187785,3.0514574,4.7805376,3.198527,4.008798,4.0198,4.196063,3.1413958,3.9891577
ENSG00000168209,0.0,0.0,0.0,0.0,0.0,2.7051678,2.2603617,0.0,0.0,0.0,0.0,0.0,0.0,0.0,1.5583421,1.553768,0.0,0.0,0.0,0.0,0.0,0.0,0.0,0.0,0.0,0.0,0.0,0.0,0.0,0.0,0.0,0.7383208,0.0,0.0,0.0,1.6348754,2.1028504,0.0,3.0502548,0.0
ENSG00000155792,0.0,0.0,0.0,0.0,0.0,0.0,0.0,0.0,0.0,0.0,0.0,0.0,0.0,0.0,0.0,0.0,0.0,0.0,0.0,1.9634721,0.0,0.0,0.0,0.0,0.0,0.0,0.0,1.4737916,0.0,0.0,0.0,0.0,0.0,0.0,0.0,0.0,0.0,0.0,0.0,0.0
ENSG00000099958,0.0,0.0,0.0,0.0,0.0,0.0,0.0,0.0,0.0,0.0,0.0,0.0,0.0,0.0,0.0,0.0,0.0,0.0,0.0,0.0,0.0,0.0,0.0,0.0,0.0,0.0,0.0,0.0,0.0,0.0,0.0,0.0,0.0,0.0,3.2081027,0.0,1.3670187,0.0,0.0,0.0
ENSG00000126787,0.0,0.0,0.0,0.0,0.0,0.0,0.0,0.0,0.0,0.0,0.0,0.0,0.0,0.0,0.0,0.0,0.0,0.0,0.0,0.0,0.0,0.0,0.0,0.6959842,0.0,0.0,0.0,0.0,0.0,0.0,0.0,0.0,0.0,0.0,0.0,0.0,0.0,0.0,0.0,0.0
ENSG00000168259,0.0,0.0,0.0,0.0,0.0,0.0,0.0,0.0,0.0,0.0,0.0,0.0,0.0,0.0,1.4237334,0.0,1.4469993,0.0,0.0,0.0,0.0,0.0,0.0,1.6150078,1.0900868,0.0,0.0,1.2501857,0.0,0.0,0.0,0.0,0.0,0.0,0.0,0.0,0.0,0.0,0.0,0.0
ENSG00000107447,0.0,0.0,0.0,0.0,0.0,0.0,0.0,0.0,0.0,0.0,0.0,0.0,0.0,0.0,0.0,0.0,0.0,0.0,0.0,0.0,0.0,0.0,0.0,0.0,0.0,0.0,0.0,0.0,0.0,0.0,0.0,0.0,0.0,0.0,0.0,0.0,0.0,4.550247,0.0,5.232935
ENSG00000136982,0.0,0.0,0.0,0.0,0.0,0.0,0.0,0.0,0.0,0.0,0.0,0.0,0.0,0.0,0.0,0.0,0.0,0.0,0.0,0.0,0.0,0.0,0.0,1.1659495,0.0,0.0,0.0,0.0,0.0,0.0,0.0,0.0,0.0,0.0,0.0,0.0,0.0,0.0,0.0,0.0
ENSG00000143476,0.0,0.0,0.0,0.0,0.0,0.0,0.0,0.0,0.0,0.0,0.0,0.0,0.0,0.0,0.0,0.0,0.0,0.0,0.0,0.0,0.0,0.0,0.0,1.6439099,0.0,0.0,0.0,0.0,0.0,0.0,0.0,0.0,0.0,0.0,0.0,0.0,0.0,0.0,0.0,0.0
ENSG00000120129,0.0,4.505505,2.8123784,3.1366427,0.0,3.7991521,3.5475135,3.1199613,4.0311403,2.6237786,0.0,3.3756213,3.873194,4.815828,3.2476034,3.9021122,3.4477553,3.7775843,4.1882706,4.1463943,3.5524383,4.5811906,4.0751486,2.6305256,3.6329544,3.9132094,4.2598495,2.9277859,2.2321055,4.1583724,4.145941,4.8404512,5.097165,4.0756226,3.4348645,2.6954482,1.5207279,2.8166115,3.345412,2.804081
ENSG00000158050,0.0,0.0,3.42556,0.0,0.0,4.2370214,3.025485,4.4255576,4.4389033,3.7019362,0.0,3.5502462,0.0,0.0,0.0,1.3295912,0.0,0.0,0.0,0.0,4.60387,0.0,0.0,0.8681723,0.0,0.0,0.0,0.0,0.0,0.0,5.2818832,1.2427671,0.0,0.0,1.1725492,0.0,0.0,0.0,0.0,0.0
ENSG00000129173,0.0,0.0,0.0,0.0,0.0,0.0,0.0,0.0,0.0,0.0,0.0,0.0,0.0,0.0,0.0,0.0,0.0,0.0,0.0,0.0,0.0,0.0,0.0,0.7439545,0.0,0.0,0.0,0.0,0.0,0.0,0.0,0.0,0.0,0.0,0.0,0.0,0.0,0.0,0.0,0.0
ENSG00000164330,0.0,0.0,0.0,0.0,0.0,0.0,0.0,0.0,0.0,0.0,0.0,0.0,0.0,0.0,0.0,0.0,0.0,0.0,0.0,0.0,0.0,0.0,0.0,0.0,0.0,0.0,0.0,0.0,0.0,0.0,0.0,0.0,0.0,0.0,0.0,0.0,0.0,1.5397313,0.0,1.3656887
ENSG00000123179,0.0,0.0,0.0,0.0,0.0,0.0,0.0,0.0,0.0,0.0,0.0,0.0,0.0,0.0,0.0,0.0,2.165059,1.8974601,1.1083443,1.821343,0.0,2.0674834,0.0,1.955572,0.0,2.0250893,0.0,1.8795625,0.0,0.0,0.0,1.6743709,0.0,0.0,0.0,0.0,0.0,0.0,0.0,0.0
ENSG00000114346,0.0,0.0,0.0,0.0,0.0,0.0,0.0,0.0,0.0,0.0,0.0,0.0,0.0,0.0,0.0,0.0,0.0,0.0,0.0,0.0,0.0,0.0,0.0,0.0,0.0,0.0,0.0,0.0,0.0,0.0,0.0,0.0,0.0,0.0,0.0,0.0,0.0,0.8823338,0.0,0.0
ENSG00000156508,3.5081334,6.8384795,7.1531296,7.4419475,7.6602144,7.247269,6.893161,7.1961403,7.2116685,7.0382314,7.729949,7.3531632,7.276172,6.4190555,6.686692,6.645507,7.703143,7.478725,7.4371295,7.7666106,7.160663,7.706196,6.949341,7.181284,6.6497326,7.6857038,7.0489407,7.561927,6.0869675,6.1141524,7.0390787,7.657814,6.7807207,7.1646166,5.610278,7.128216,7.217417,6.8710203,7.4719605,7.1573706
ENSG00000172889,0.0,0.0,0.0,0.0,0.0,0.0,0.0,0.0,0.0,0.0,0.0,0.0,0.0,0.0,0.0,0.0,1.6048142,0.5458403,0.0,0.0,0.0,1.4471719,0.0,1.4989197,0.0,0.83486736,0.0,0.0,0.0,0.0,0.0,1.0524576,0.0,0.0,0.0,0.0,0.0,0.0,0.0,0.0
ENSG00000120738,0.0,0.0,0.0,0.0,0.0,0.0,0.0,0.0,0.0,0.0,0.0,0.0,0.0,0.0,0.0,0.0,0.0,0.0,0.0,0.0,0.0,0.0,0.0,0.0,0.0,0.0,0.0,0.0,1.9249493,0.0,0.0,0.0,0.0,0.0,0.0,0.0,0.0,0.0,0.0,0.0
ENSG00000074800,0.0,1.8516889,2.8591943,2.7471774,0.0,2.7051678,2.074905,2.9757707,1.6304048,2.7071173,2.010668,2.565135,2.3223517,2.521225,3.5321612,2.9486356,3.4161544,3.9639976,2.9816713,3.187974,2.6993206,3.3274856,0.0,2.6666198,3.8588166,3.8067262,0.0,3.8973932,2.6928759,3.2645912,2.706471,2.8122392,2.750504,1.8640168,1.6543877,2.7396948,2.2994933,3.265512,2.5359092,3.7317038
ENSG00000139083,0.0,0.0,0.0,0.0,0.0,0.0,0.0,0.0,0.0,0.0,0.0,0.0,0.0,0.0,0.28887677,0.0,2.0654159,2.1470678,1.8644774,2.2369578,0.0,2.1620982,0.0,0.7612269,0.0,2.1610782,0.0,2.19871,0.0,0.0,0.0,1.8436744,0.0,0.0,0.0,1.234842,0.0,0.0,0.0,0.0
ENSG00000174371,0.0,0.0,0.0,0.0,0.0,0.0,0.0,0.0,0.0,0.0,0.0,0.0,0.0,0.0,0.0,0.0,0.0,0.0,0.0,0.0,0.0,0.0,0.0,1.2153145,0.0,0.0,0.0,0.0,0.0,0.0,0.0,0.0,0.0,0.0,0.0,0.0,0.0,0.0,0.0,0.0
ENSG00000124491,0.0,0.0,0.0,0.0,0.0,0.0,0.0,0.0,0.0,0.0,0.0,0.0,0.0,0.0,0.0,0.0,0.0,0.0,0.0,0.0,0.0,0.0,0.0,0.0,1.6093867,0.0,0.0,0.0,0.0,0.0,0.0,0.0,0.0,0.0,0.0,0.0,0.0,0.0,0.0,0.0
ENSG00000121104,1.968361,0.0,0.0,0.0,0.0,0.0,0.0,0.0,0.0,0.0,0.0,0.0,0.0,0.0,0.0,0.0,3.2370653,2.1866283,2.9112456,3.1979988,0.0,2.9390082,0.0,2.0877988,0.0,2.697769,0.0,2.0329459,1.9249493,0.0,0.0,2.5542312,0.0,0.0,0.6991776,0.0,0.0,0.0,0.0,0.0
ENSG00000226777,0.0,0.0,0.0,0.0,0.0,0.0,0.0,0.0,0.0,0.0,0.0,0.0,0.0,0.0,0.0,0.0,0.0,0.0,0.0,0.0,0.0,0.0,0.0,0.0,0.0,1.5377207,0.0,0.0,0.0,0.0,0.0,0.0,0.0,0.0,0.0,0.0,0.0,0.0,0.0,0.0
ENSG00000179639,0.0,0.0,0.0,0.0,0.0,0.0,0.0,0.0,0.0,0.0,0.0,0.0,0.0,0.0,4.0809593,4.656407,2.418532,0.0,3.912415,4.435232,0.0,0.0,0.0,0.0,0.0,0.0,0.0,3.6718175,0.0,0.0,0.0,1.8508685,0.0,0.0,0.0,2.4951432,3.7493956,0.0,0.0,0.0
ENSG00000158869,0.0,0.0,0.0,0.0,0.0,3.9203749,3.9318256,0.0,0.0,0.0,0.0,0.0,0.0,4.240615,3.6753266,3.943706,0.0,0.0,0.0,0.0,0.0,0.0,0.0,0.0,2.9612088,0.0,0.0,0.9157199,0.0,3.7936938,0.0,3.0585544,5.0047903,0.0,0.0,2.4530056,4.067477,0.0,0.0,0.0
ENSG00000143226,0.0,0.0,0.0,0.0,0.0,0.0,0.0,0.0,0.0,0.0,0.0,0.0,0.0,1.8056433,0.0,0.0,0.0,0.0,0.0,0.0,0.0,0.0,0.0,0.0,0.0,0.0,0.0,0.0,0.0,0.0,0.0,0.0,2.2489278,0.0,0.0,0.0,0.0,0.0,0.0,0.0
ENSG00000203747,0.0,0.0,0.0,0.0,0.0,0.0,4.115933,0.0,0.0,0.0,0.0,0.0,0.0,0.0,0.0,0.0,0.0,0.0,0.0,0.0,0.0,0.0,0.0,0.0,0.0,0.0,0.0,0.0,0.0,0.0,0.0,2.9024124,5.184352,0.0,0.0,0.0,0.0,0.0,0.0,0.0
ENSG00000162894,0.0,3.554086,0.0,2.31574,3.204398,2.6399417,2.7363145,3.0239303,3.0439277,0.0,3.0774934,2.601533,3.5208685,0.0,0.0,0.0,0.0,0.0,0.0,0.0,2.1015394,0.0,3.1819913,0.0,0.0,0.0,3.976987,0.0,0.0,0.0,3.0702863,1.9409225,0.0,3.8902543,0.0,0.0,0.0,0.0,2.1021698,0.0
ENSG00000085265,0.0,0.0,0.0,0.0,0.0,0.0,0.0,0.0,0.0,0.0,0.0,0.0,0.0,4.4401445,0.0,2.2563248,0.0,0.0,0.0,0.0,0.0,0.0,0.0,0.0,0.0,0.0,0.0,0.0,0.0,4.1207604,0.0,0.0,3.3981838,0.0,0.0,0.0,0.0,0.0,0.0,0.0
ENSG00000168496,0.0,0.0,0.0,0.0,0.0,0.0,0.0,0.0,0.0,0.0,0.0,0.0,0.0,0.0,1.1341014,0.0,1.195023,0.0,0.0,0.0,0.0,0.0,0.0,2.4223406,0.0,1.482441,0.0,1.7307175,0.0,0.0,0.0,0.0,0.0,0.0,0.0,1.5313686,0.0,0.0,0.0,1.9760883
ENSG00000149781,0.0,0.0,0.0,0.0,0.0,0.0,0.0,0.0,0.0,0.0,0.0,0.0,0.0,2.196514,1.9777086,1.9939114,2.409616,1.6156266,1.7449213,3.1467073,0.0,1.706677,0.0,2.024233,1.8098412,1.9564893,0.0,3.8413699,0.0,2.1464894,0.0,2.3048053,1.6664286,0.0,0.9364955,2.1258566,2.6735759,1.5458522,0.0,1.7337797
ENSG00000214253,1.2969594,0.0,0.0,0.0,0.0,0.0,0.0,0.0,0.0,0.0,0.0,0.0,0.0,1.3348832,1.6165153,1.432898,2.6142812,1.992675,1.6398797,2.4141524,0.0,2.3701804,0.0,2.8365326,1.488672,2.2030425,0.0,2.4052005,0.0,0.0,0.0,2.6431894,1.5128748,0.0,1.510757,1.6595854,0.0,0.0,0.0,0.0
ENSG00000134285,0.0,0.0,0.0,0.0,0.0,0.0,0.0,0.0,0.0,0.0,0.0,0.0,0.0,0.0,0.0,0.0,1.5820125,1.9022948,1.9812709,0.0,0.0,0.0,0.0,1.1291883,0.0,1.2804005,0.0,0.0,0.0,0.0,0.0,0.5698532,0.0,0.0,3.5927105,0.0,0.0,0.0,0.0,0.0
ENSG00000122025,0.0,0.0,0.0,0.0,0.0,0.0,0.0,0.0,0.0,0.0,0.0,0.0,0.0,0.0,1.8445148,1.3487259,0.0,1.4353284,0.0,0.0,0.0,1.008183,0.0,0.0,1.2283984,2.0917134,0.0,0.0,0.0,0.0,0.0,0.0,0.0,0.0,0.0,2.0771408,1.2932329,0.0,0.0,0.0
ENSG00000170345,0.0,3.6171656,0.0,2.933516,0.0,3.783574,2.8377426,0.0,2.831714,0.0,2.8212473,3.0053859,2.208684,5.474772,4.49994,4.927367,3.689454,4.261164,4.6623883,4.7959065,2.8257155,5.05199,3.8981102,2.4435654,4.9309688,4.173496,3.3683589,3.846653,4.9226317,5.1679463,2.966108,4.7875814,4.704454,2.6508842,3.3760333,3.7219713,3.4066167,2.395177,3.3558574,2.753519
ENSG00000167996,2.6038487,4.8468313,4.1327586,4.479302,4.091399,4.1021013,4.223391,4.132262,4.2749267,3.9821382,4.048964,4.283972,4.3276544,5.810774,4.92878,5.4110155,5.4516125,4.331619,5.671642,5.3483305,4.203167,5.1135902,4.3865795,5.652285,3.9916544,4.670417,4.4716983,4.9071217,5.167898,4.7642817,4.114835,5.0798225,6.421422,4.393133,3.2041073,5.014071,5.344741,3.9267423,4.5233727,3.886058
ENSG00000087086,2.6996076,4.757125,4.424947,4.4115667,4.4430466,4.243933,4.4391327,4.481618,4.486786,4.446374,4.630804,4.451723,4.8050904,5.8942256,4.499158,4.6664057,4.9396687,4.8523564,4.977735,5.104128,4.5668254,4.994231,4.5055256,4.8897686,5.2265615,4.7600183,4.576891,4.895397,4.9867153,5.6774154,4.4282875,4.880603,6.395045,4.7493033,4.163286,3.95267,4.270684,2.9933724,4.4797125,3.6804008
ENSG00000111640,0.0,2.8607407,3.6942878,3.731297,2.8955812,3.987778,3.6122422,3.8057237,3.5320804,3.6885383,3.3024082,3.5150485,3.463478,4.3650475,4.8099165,4.357944,4.889366,5.2089176,4.751896,4.76042,3.6078095,4.5161138,0.0,4.9310474,4.7817135,5.242118,0.0,5.2356853,3.481628,4.623117,3.508311,4.446886,3.768848,3.0182397,2.7573519,4.780917,3.1797047,4.907398,4.5244036,5.3311005
ENSG00000234741,0.0,2.5337706,2.881165,3.6666195,4.180181,3.3403702,0.0,3.04221,2.8566084,2.8461063,4.301569,3.5805664,3.5200727,2.1304195,2.972097,2.6927905,4.3720045,4.2747083,4.154608,4.9766006,3.2599013,5.0911627,2.8867435,3.4045868,3.391201,4.6341925,3.2556958,4.3462944,2.207963,1.9998213,1.3042481,4.7436996,2.118517,3.2677622,1.9604825,3.4105725,3.1430123,3.1265848,4.322661,3.4622312
ENSG00000131153,0.0,0.0,0.0,0.0,0.0,0.0,0.0,0.0,0.0,0.0,0.0,0.0,0.0,0.0,0.0,0.0,0.0,0.0,0.0,0.0,0.0,0.0,0.0,1.9607996,0.0,1.3333986,0.0,1.320351,0.0,0.0,0.0,0.0,0.0,0.0,0.0,0.0,0.0,0.0,0.0,1.8224053
ENSG00000112312,0.0,0.0,0.0,0.0,0.0,0.0,0.0,0.0,0.0,0.0,0.0,0.0,0.0,0.0,0.0,0.0,0.0,0.0,0.0,0.0,0.0,0.0,0.0,1.9529718,0.0,0.0,0.0,0.0,0.0,0.0,0.0,0.0,0.0,0.0,0.0,0.0,0.0,0.37566578,0.0,0.0
ENSG00000137198,1.0533603,0.0,0.0,0.0,0.0,0.0,0.0,0.0,0.0,0.0,0.0,0.0,0.0,0.0,0.0,0.0,1.6772206,0.0,0.0,2.1482706,0.0,0.0,0.0,1.476331,0.0,0.0,0.0,2.3173885,0.0,0.0,0.0,0.0,0.0,0.0,0.0,0.0,0.0,0.0,0.0,0.0
ENSG00000060558,0.0,0.0,0.0,0.0,0.0,0.0,0.0,0.0,0.0,0.0,0.0,0.0,0.0,0.0,0.0,0.0,1.6026092,1.6599302,1.496539,1.5629358,0.0,1.1566832,0.0,1.484665,0.0,1.6731753,0.0,0.0,0.0,0.0,0.0,1.6780694,0.0,0.0,0.0,1.4935867,0.0,0.0,0.0,0.0
ENSG00000115523,0.0,0.0,2.4144838,0.0,0.0,4.025047,3.2285268,0.0,0.0,2.7363145,0.0,0.0,0.0,0.0,0.0,0.0,0.0,0.0,0.0,0.0,0.0,0.0,0.0,0.0,0.0,0.0,0.0,0.0,0.0,0.0,0.0,0.0,0.0,0.0,0.0,0.0,0.0,0.0,0.0,0.0
ENSG00000084207,0.0,2.8955812,2.9470973,0.0,0.0,3.4592438,3.4222703,3.0877914,2.9638982,3.0445225,0.0,2.702561,0.0,3.672916,4.658724,4.117388,3.9918718,4.4441795,3.2986336,3.939795,2.8809369,4.1968584,0.0,3.1025212,4.394902,4.6037188,0.0,4.4607387,3.1275578,3.6796205,3.432058,4.0004234,3.6560743,2.488029,2.925672,4.0420694,3.5539122,3.4730272,4.4545326,3.752181
ENSG00000061918,0.0,0.0,0.0,0.0,0.0,0.0,0.0,0.0,0.0,0.0,0.0,0.0,0.0,0.0,0.0,0.0,1.2426474,0.0,0.0,1.9426608,0.0,0.77648336,0.0,0.0,0.0,0.61268294,0.0,2.333374,0.0,0.0,0.0,0.0,0.0,0.0,0.0,0.0,0.0,0.0,0.0,0.0
ENSG00000145649,0.0,0.0,4.1059685,0.0,0.0,3.5067995,4.4682837,4.055634,4.2199726,3.8274193,0.0,2.475472,0.0,0.0,0.0,0.0,0.0,0.0,0.0,0.0,3.7657037,0.0,0.0,0.0,0.0,0.0,0.0,0.0,0.0,0.0,4.0448694,3.3414881,0.0,0.0,0.0,0.0,0.0,0.0,0.0,0.0
ENSG00000189060,1.7299509,0.0,0.0,0.0,0.0,0.0,0.0,0.0,0.0,0.0,0.0,0.0,0.0,0.0,0.0,0.0,2.1210783,1.6201907,1.7904066,3.1585364,0.0,3.0867631,0.0,2.3938143,0.0,1.7432463,0.0,2.3302429,2.1291132,0.0,0.0,2.7720065,0.0,0.0,0.0,0.0,0.0,0.0,0.0,0.0
ENSG00000113648,0.0,0.0,0.0,0.0,0.0,0.0,0.0,0.0,0.0,0.0,0.0,0.0,0.0,1.1662537,2.7689939,1.749598,2.1325197,2.6466832,1.7348024,2.9587157,0.0,2.7548623,0.0,2.1412141,2.6943924,2.9610639,0.0,2.959148,0.0,1.8176379,0.0,1.9128308,0.0,0.0,0.0,2.9873166,0.0,3.0993085,3.1158116,3.3894587
ENSG00000164032,0.0,2.364048,2.618458,2.5554028,0.0,2.2394376,2.5434399,1.3735887,1.757606,2.554308,2.6527216,2.4834871,0.0,2.2814848,4.3850794,2.5203047,4.056033,3.7944212,3.4653347,2.9444213,0.0,2.6795592,0.0,4.4167295,3.995699,4.116229,0.0,4.2007747,2.8445797,2.3861601,0.0,2.5221667,2.8819602,0.0,2.0498905,4.6905556,2.6396823,5.0760574,2.7322755,4.8484564
ENSG00000163041,2.7754774,3.8287392,4.088995,3.8624935,3.9449873,4.058014,4.252545,4.011886,3.9110243,4.048964,3.797128,3.9000845,3.9232852,4.458052,4.5965347,4.308668,5.0601583,4.5985065,4.752479,5.0963907,3.9429188,4.729459,4.8645306,4.7673645,4.2697573,4.851601,3.9937367,5.307313,4.1805654,4.220795,3.9871078,4.6036606,4.720868,4.017916,3.2341027,4.856177,4.535335,5.2012477,4.876786,5.0785384
ENSG00000132475,2.2258277,4.7989125,4.6028247,4.606904,4.428621,5.5369325,5.0180874,4.808537,5.075753,4.6066704,4.4697046,4.6805105,4.6986895,4.4318995,4.5173693,4.628296,4.787574,4.7974367,5.5394907,5.3578367,4.7997656,5.068114,5.6456356,4.1205616,4.1970625,4.6182675,4.8277564,4.749258,4.32909,4.156188,5.2086754,5.1945667,4.642783,4.975693,3.8947134,4.937309,5.219575,4.740454,5.395346,4.7602034
ENSG00000135077,0.0,0.0,0.0,0.0,0.0,0.0,0.0,0.0,0.0,0.0,0.0,0.0,0.0,0.0,1.3459041,1.1243255,0.0,0.0,0.0,0.0,0.0,0.0,0.0,0.0,0.0,0.0,0.0,0.0,0.0,0.0,0.0,0.0,0.0,0.0,0.0,0.0,0.0,0.0,0.0,0.0
ENSG00000244734,8.976339,0.0,3.2593,3.4253178,0.0,1.6671295,2.800687,1.4437715,1.2158991,3.6008527,0.0,3.0889223,2.4680264,0.5051573,0.0,0.9754668,3.4638584,0.0,0.0,0.0,3.1522257,0.0,0.0,7.3733,0.0,0.0,2.444394,0.74453866,4.104013,0.0,2.9276392,0.6827931,1.3289375,2.563105,4.2426424,0.0,0.0,2.2101715,0.0,0.0
ENSG00000223609,6.8459687,0.0,0.0,0.0,0.0,0.0,0.0,0.0,0.0,0.0,0.0,0.0,0.0,0.0,0.0,0.0,2.2778215,0.0,0.0,0.0,0.0,0.0,0.0,5.331278,0.0,0.0,0.0,1.6025934,0.0,0.0,0.0,0.0,0.0,0.0,0.0,0.0,0.0,0.0,0.0,0.0
ENSG00000126264,0.0,0.0,4.290855,3.4887817,3.5074313,4.4717045,4.3633456,4.4830236,4.4603267,4.5298333,3.880911,4.1429234,0.0,2.8953123,2.348799,2.4476457,0.0,2.1768062,1.2590122,0.0,4.5458455,0.0,0.0,0.0,3.3677645,1.8420008,0.0,1.5502546,0.0,3.0879216,4.781521,2.7231178,2.386312,0.0,1.3264365,2.993171,3.416732,0.0,2.490563,0.0
ENSG00000119969,0.0,0.0,0.0,0.0,0.0,0.0,0.0,0.0,0.0,0.0,0.0,0.0,0.0,0.0,0.0,0.0,0.0,0.0,0.0,0.0,0.0,0.0,0.0,0.8496668,0.0,0.0,0.0,0.0,0.0,0.0,0.0,0.0,0.0,0.0,0.0,0.0,0.0,0.0,0.0,0.0
ENSG00000136929,3.307272,0.0,0.0,0.0,0.0,0.0,0.0,0.0,0.0,0.0,0.0,0.0,0.0,0.0,0.0,0.0,0.0,0.0,0.0,1.9976193,0.0,0.9855506,0.0,0.94625497,0.0,0.0,0.0,2.2163548,0.0,0.0,0.0,1.1131659,0.0,0.0,0.0,0.0,0.0,0.0,0.0,0.0
ENSG00000051108,0.0,3.3979166,0.0,0.0,0.0,0.0,0.0,0.0,0.0,0.0,0.0,0.0,2.5900514,2.6223202,2.3377771,2.541331,0.0,0.0,1.281589,0.0,0.0,0.0,2.9344478,0.9245292,1.6709709,0.0,2.6363244,0.0,2.3915558,1.8667848,0.0,0.0,2.5075998,2.866975,4.0860057,2.9565105,3.7641888,0.0,0.0,0.0
ENSG00000152804,0.0,0.0,0.0,0.0,0.0,0.0,0.0,0.0,0.0,0.0,0.0,0.0,0.0,0.0,0.6638275,0.0,1.7466594,1.2040895,0.0,0.59623253,0.0,1.8302757,0.0,0.74494094,1.0474181,1.6872877,0.0,0.0,0.0,0.0,0.0,1.4643782,0.0,0.0,0.0,0.0,0.0,0.0,0.0,0.0
ENSG00000169567,0.0,3.0182397,3.428199,3.950636,3.8981102,3.5105968,3.2291086,3.6163175,3.6444893,3.3202283,3.992524,3.8157668,3.579154,2.563105,4.025097,3.531403,4.7536006,4.723905,4.3844266,4.615571,3.4872441,4.8948374,3.2285328,4.2763057,3.7427626,4.8544016,3.5491512,4.466099,3.1240873,2.7688468,3.3340876,4.8207517,2.5486593,3.5458758,2.731643,4.063746,4.114188,3.8572824,4.020779,4.100157
ENSG00000123485,0.0,0.0,0.0,0.0,0.0,0.0,0.0,0.0,0.0,0.0,0.0,0.0,0.0,0.0,0.0,0.0,0.0,0.0,0.0,0.0,0.0,0.0,0.0,0.0,0.0,0.0,0.0,0.0,0.0,0.0,0.0,0.0,0.0,0.0,0.0,0.0,0.0,1.3087636,0.0,0.0
ENSG00000206503,2.147023,5.355514,5.977496,5.7503986,5.576547,5.982444,6.1449437,6.0274825,6.089737,6.015967,5.6031156,5.886036,5.4368467,5.1562166,4.4980164,4.83201,4.1735125,5.153367,4.7448144,4.6729493,5.982626,4.7530947,5.1285334,3.1542518,4.8588295,4.73221,4.987094,4.496188,5.9568095,4.9542756,6.1116734,5.4226675,5.0521374,5.4808216,3.9674664,4.4731374,4.616664,4.573206,4.776153,4.3468075
ENSG00000234745,1.3763902,5.971661,6.395916,6.0354834,5.6769605,6.3696923,6.5267444,6.4167786,6.3820558,6.431065,5.984036,6.1962795,5.9548407,5.634377,4.9971404,5.1904674,4.3412495,4.90327,4.317913,4.6592293,6.3566523,4.8147745,5.760601,3.5825472,4.869863,4.7445135,5.3862886,4.6562285,5.8255215,5.2164106,6.357089,5.7265644,5.822976,5.8829126,4.630022,5.127251,5.303474,4.644738,5.0091534,4.399641
ENSG00000231389,0.0,5.536407,3.1552682,0.0,0.0,0.0,0.0,2.8899503,3.0696275,3.1622815,0.0,2.561449,5.0955715,3.2823348,5.058505,5.591127,2.2311964,3.3965209,1.881255,3.2501726,2.9696083,4.0119047,4.700406,1.2803997,3.6037092,3.5671413,5.1472836,2.6658504,2.2247128,2.548131,3.2521133,3.2406092,4.7566624,5.172004,2.0229435,4.323743,4.906708,3.6533103,3.9400306,3.7505972
ENSG00000223865,0.0,5.190573,2.936047,0.0,0.0,0.0,0.0,3.0998602,2.8484025,2.9184804,0.0,0.0,4.779492,2.7071173,4.357,4.9168544,1.6591835,2.8803697,1.5539951,2.9407055,2.172888,3.5297647,4.277684,0.0,2.963355,3.152224,4.571477,2.109188,0.0,1.9498634,1.3208772,3.135297,3.69953,4.6020074,0.0,3.833183,4.200399,3.1513186,3.7273295,3.1662369
ENSG00000179344,0.0,0.0,0.0,0.0,0.0,0.0,0.0,0.0,0.0,0.0,0.0,0.0,0.0,0.0,0.7689011,2.2089882,0.0,0.0,0.0,0.0,0.0,0.0,0.0,0.0,0.0,0.0,0.0,0.0,0.0,0.0,0.0,0.0,0.0,0.0,0.0,0.0,0.0,0.0,0.0,0.0
ENSG00000204287,0.0,6.1128936,0.0,0.0,0.0,0.0,0.0,0.0,0.0,0.0,0.0,0.0,5.880932,4.714702,5.6050434,6.183844,3.3194966,4.2015457,2.6096623,4.299105,0.0,4.827384,5.7666435,1.2291666,4.472429,4.5049458,5.9804974,3.3791637,2.5929074,3.7907598,0.0,4.650021,4.873217,5.766458,1.2766603,5.2422113,5.552001,4.744896,4.701757,4.770834
ENSG00000196126,0.0,6.187604,3.3234487,0.0,0.0,1.88985,0.0,3.2333195,3.2285268,3.2710066,0.0,2.2170234,5.5447946,4.25749,5.3358803,6.055139,2.8634992,3.8140788,2.2878242,3.3515868,2.85147,4.20793,5.2187166,1.7873979,4.4750338,3.7177124,5.7958803,2.9719143,3.0914245,3.8651867,3.715726,2.728297,4.7766395,5.614093,2.4174378,4.4833117,5.062912,4.396876,4.1844163,4.1636305
ENSG00000198502,0.0,4.344398,0.0,0.0,0.0,0.0,0.0,0.0,0.0,0.0,0.0,0.0,2.5787208,2.8945053,4.133066,4.02048,1.0316274,2.5450592,0.0,1.9810641,0.0,2.8766608,3.6528156,0.0,3.3320165,2.7314913,3.0859263,1.2025533,0.0,2.6031349,0.0,1.7778962,3.0691593,2.3924584,0.0,3.3301337,3.4525046,1.9517674,0.0,2.2291892
ENSG00000189403,1.9302648,3.3923461,3.3157468,3.5011737,3.532886,3.794138,3.4540386,3.4248273,3.2909925,3.51584,3.2874012,3.4555228,3.2992618,2.681339,4.216965,3.068272,4.7942333,4.2024717,4.525572,4.0625134,3.5232596,3.7839088,3.4949572,5.0656304,4.027192,4.333204,3.2948744,4.542598,3.8244927,2.9301531,3.1764903,3.6170592,2.823893,3.275078,3.2337532,4.9657855,3.5692863,5.7562013,4.660143,5.6317043
ENSG00000198830,0.0,0.0,0.0,0.0,0.0,0.0,0.0,0.0,0.0,0.0,0.0,0.0,0.0,0.0,0.9922115,0.0,0.44715524,0.0,0.0,0.0,0.0,0.0,0.0,1.3246598,0.0,0.0,0.0,0.0,0.0,0.0,0.0,0.59409404,0.0,0.0,0.0,0.78704184,0.0,1.4515426,0.0,0.0
ENSG00000072571,0.0,0.0,0.0,0.0,0.0,0.0,0.0,0.0,0.0,0.0,0.0,0.0,0.0,0.0,0.0,0.0,0.0,0.0,0.0,0.0,0.0,0.0,0.0,0.92526376,0.0,0.0,0.0,0.0,0.0,0.0,0.0,0.0,0.0,0.0,0.0,0.0,0.0,1.8935387,0.0,0.0
ENSG00000171476,0.0,0.0,3.0904229,0.0,0.0,3.4393535,3.4442651,0.0,0.0,2.8654125,0.0,0.0,0.0,0.0,0.0,0.0,0.0,0.0,0.0,0.0,2.7363145,2.8142514,0.0,0.0,0.0,2.1620731,0.0,0.0,0.0,0.0,0.0,2.5229487,0.0,0.0,0.0,0.0,0.0,0.0,0.0,0.0
ENSG00000096384,1.6093907,3.4857092,3.3496046,3.6549292,3.7992601,3.5153136,3.105571,3.3508568,3.2929597,3.4918644,3.8609746,3.5936604,3.583681,2.3038101,3.7466726,3.1691542,5.0591865,4.6875305,4.3207674,4.749324,3.6171656,4.793779,3.0341105,4.929851,4.0110235,4.5611196,3.4619815,4.8314114,4.0733895,2.6292317,3.5411854,4.101165,3.0397735,3.6403651,3.1953726,3.475575,3.4684079,3.595677,4.0799,4.1007414
ENSG00000166598,0.0,2.261602,3.0275393,2.8438175,0.0,2.7693682,3.199873,3.1861615,3.001737,3.023808,2.784861,2.9748845,2.4992356,2.3391168,3.1581078,2.7220368,3.2960887,3.9317331,3.3857741,2.802064,3.0445225,2.9775345,2.2182689,3.2081318,3.5440695,3.2807498,0.0,3.534531,4.081534,2.254699,2.892363,3.132509,2.2830653,2.579847,4.505392,3.7147436,4.274768,3.1144228,2.5359092,2.4943867
ENSG00000142089,0.0,0.0,0.0,0.0,0.0,0.0,0.0,0.0,0.0,0.0,0.0,0.0,0.0,0.0,0.0,0.0,0.0,0.0,0.0,0.0,0.0,0.0,0.0,0.0,0.0,0.0,0.0,0.0,2.7609472,0.0,0.0,0.0,0.0,0.0,0.0,0.0,0.0,0.0,0.0,0.0
ENSG00000163453,0.0,0.0,0.0,0.0,0.0,0.0,0.0,0.0,0.0,0.0,0.0,0.0,0.0,0.0,2.7614925,1.6049736,2.5144615,3.270481,1.9406146,2.0894308,0.0,0.89392513,0.0,0.91707146,2.7950869,2.8125844,0.0,2.3939657,4.7194905,1.3402711,0.0,2.0847197,0.0,0.0,0.0,1.8338004,0.0,1.9835653,3.6242435,2.4414563
ENSG00000211898,0.0,0.0,0.0,0.0,0.0,0.0,0.0,0.0,0.0,0.0,0.0,0.0,0.0,0.0,0.0,0.0,0.0,0.0,0.0,0.0,0.0,0.0,3.9712248,0.0,0.0,0.0,4.4152117,0.0,0.0,0.0,0.0,0.0,0.0,3.0350482,0.0,0.0,0.0,1.7189665,0.0,0.0
ENSG00000211899,0.0,0.0,0.0,0.0,0.0,0.0,0.0,0.0,0.0,0.0,0.0,0.0,0.0,0.0,0.0,0.0,0.0,0.0,0.0,0.0,0.0,2.154652,6.3874273,0.0,0.0,2.688819,6.1445513,0.0,0.0,0.0,0.0,0.0,0.0,5.69256,0.0,2.9522412,3.0864267,4.229538,3.6242435,3.7698395
ENSG00000211592,2.4844956,4.7324224,2.7637315,2.8197627,0.0,0.0,0.0,2.7209735,0.0,3.0136254,0.0,2.3923392,5.9752235,0.0,1.363631,0.0,0.0,0.0,0.0,0.0,2.4107206,0.0,6.0539546,2.2226548,0.0,0.0,5.7302055,0.0,3.5345,0.0,0.0,0.0,0.0,6.014498,8.777135,3.3314333,4.2805486,2.8816304,2.3165636,0.7882185
ENSG00000128322,0.0,0.0,0.0,0.0,0.0,0.0,0.0,0.0,0.0,0.0,0.0,0.0,0.0,0.0,0.0,0.0,1.2024854,3.4674814,0.9147336,0.0,0.0,0.0,0.0,1.1826334,0.0,2.4490833,0.0,0.0,0.0,0.0,0.0,0.0,0.0,0.0,1.1891867,3.519044,0.0,5.051116,2.4533293,4.564829
ENSG00000125538,0.0,0.0,0.0,0.0,0.0,0.0,0.0,0.0,0.0,0.0,0.0,0.0,0.0,0.0,0.0,0.0,2.8225527,0.0,0.0,2.8681593,0.0,0.0,0.0,0.0,0.0,1.4467895,0.0,2.7805593,0.0,0.0,0.0,1.6874859,0.0,0.0,0.0,0.0,0.0,0.0,0.0,0.0
ENSG00000008517,0.0,0.0,4.9377475,4.741765,3.8444228,0.0,3.0081196,4.9420586,4.7569003,4.8163342,3.9633834,4.70963,0.0,0.0,0.0,0.0,0.0,0.0,0.0,0.0,4.89655,0.0,0.0,0.0,0.0,0.0,0.0,0.0,0.0,0.0,5.140092,0.0,0.0,0.0,0.86538047,0.0,0.0,0.0,0.0,0.0
ENSG00000185291,0.0,0.0,0.0,0.0,0.0,0.0,0.0,0.0,0.0,0.0,0.0,0.0,0.0,0.0,0.0,0.0,0.0,0.0,0.0,0.0,0.0,0.0,0.0,0.0,0.0,0.0,0.0,0.0,0.0,0.0,0.0,0.0,0.0,0.0,0.0,2.8309574,3.60641,0.0,0.0,0.0
ENSG00000077238,0.0,0.0,0.0,0.0,0.0,0.0,0.0,0.0,0.0,0.0,0.0,0.0,0.0,0.0,0.0,0.0,0.0,0.0,0.0,0.0,0.0,0.0,0.0,0.0,0.0,0.0,4.1244106,0.0,0.0,0.91156197,0.0,0.0,0.0,0.0,0.0,0.0,0.0,0.0,0.0,0.0
ENSG00000160712,0.0,0.0,0.0,0.0,0.0,0.0,0.0,0.0,0.0,0.0,0.0,0.0,0.0,0.0,1.2732246,0.0,0.0,0.0,0.0,0.0,0.0,0.0,0.0,0.0,0.0,0.0,0.0,0.0,0.0,0.0,0.0,0.0,0.0,0.0,0.0,0.0,0.0,0.0,0.0,0.0
ENSG00000168685,0.0,0.0,3.063791,4.064308,3.8840153,0.0,0.0,0.0,0.0,0.0,3.3840523,3.8190296,0.0,0.0,0.0,0.0,0.0,0.0,0.0,0.0,3.031286,0.0,0.0,0.0,0.0,0.0,0.0,0.0,0.0,0.0,0.0,0.0,0.0,0.0,0.0,0.0,0.0,1.0065436,0.0,0.0
ENSG00000140968,0.0,2.5597956,0.0,0.0,0.0,0.0,0.0,0.0,0.0,0.0,0.0,0.0,3.0540965,1.9288977,3.7804544,2.1391845,0.0,0.0,0.0,0.0,0.0,0.0,2.8468916,0.0,3.138071,0.0,3.1493726,0.0,0.0,1.7995096,0.0,0.0,1.407378,2.945387,0.0,5.385099,5.5986214,0.0,0.0,0.0
ENSG00000005961,0.0,0.0,0.0,0.0,0.0,0.0,0.0,0.0,0.0,0.0,0.0,0.0,0.0,0.0,0.0,0.0,3.383748,0.0,1.3727977,1.7215397,0.0,0.0,0.0,1.0327023,0.0,0.0,0.0,3.9969764,0.0,0.0,0.0,0.0,0.0,0.0,0.0,0.0,0.0,0.0,0.0,0.0
ENSG00000115232,0.0,2.5380533,2.8212485,0.0,0.0,0.75492954,1.670532,2.6184425,2.01433,2.7176223,0.0,2.155807,0.0,1.0904133,1.1402977,1.6348853,2.4209628,2.301981,2.8787832,2.6061707,2.0532873,2.1958036,0.0,2.588261,0.7117021,2.0357234,0.0,2.12472,0.0,0.0,0.0,1.8209836,2.466954,0.0,1.6119266,0.7529918,1.3464401,1.9229519,3.7273295,2.0797918
ENSG00000161638,0.0,0.0,0.0,0.0,0.0,0.0,0.0,0.0,0.0,0.0,0.0,0.0,0.0,0.0,0.0,0.0,0.0,0.0,0.0,0.0,0.0,0.0,0.0,0.0,0.0,0.0,0.0,1.4332001,0.0,0.0,0.0,1.0237124,0.0,0.0,0.0,0.0,0.0,0.0,0.0,0.0
ENSG00000091409,0.0,0.0,0.0,0.0,0.0,0.0,0.0,0.0,0.0,0.0,0.0,0.0,0.0,0.0,0.0,0.0,0.0,0.0,0.0,0.0,0.0,0.0,0.0,0.0,0.0,0.0,0.0,0.0,0.0,0.0,0.0,0.0,0.0,0.0,0.8520903,0.0,0.0,0.0,0.0,0.0
ENSG00000005844,0.0,0.0,0.0,0.0,0.0,1.9498522,0.0,2.2267785,0.0,0.0,0.0,0.0,0.0,0.0,0.0,0.0,0.0,0.0,0.0,0.0,0.0,0.0,0.0,0.0,0.0,0.0,0.0,0.0,0.0,0.0,0.0,0.0,2.1723716,0.0,0.0,0.0,0.0,0.0,0.0,0.0
ENSG00000169896,0.0,0.0,0.0,0.0,0.0,3.16772,2.9696083,0.0,0.0,0.0,0.0,0.0,0.0,2.5807493,0.0,0.0,0.0,0.0,0.0,0.0,0.0,0.0,0.0,0.0,0.0,0.0,0.0,0.0,0.0,2.6377275,0.0,2.0432887,0.0,0.0,0.0,0.0,0.0,0.0,0.0,0.0
ENSG00000140678,0.0,3.5876598,0.0,0.0,0.0,4.3403068,0.0,0.0,0.0,0.0,0.0,0.0,0.0,2.5544903,1.5156825,3.1369135,0.0,0.0,0.0,0.0,0.0,0.0,0.0,0.0,0.0,0.0,0.0,0.0,0.0,1.6223621,0.0,0.0,3.6350741,0.0,0.0,0.0,0.0,0.0,0.0,0.0
ENSG00000150093,0.0,0.0,2.921806,0.0,0.0,0.0,0.0,0.0,0.0,2.5980725,0.0,0.0,0.0,0.0,1.013307,0.0,2.2383184,0.0,0.0,0.0,0.0,0.0,0.0,2.421405,0.0,1.2887452,0.0,1.9989965,3.1529403,0.0,0.0,0.0,2.0937033,0.0,0.0,0.0,0.0,0.0,0.0,0.0
ENSG00000160255,0.0,3.1864293,3.4198232,2.7891493,0.0,3.7332869,4.002693,3.4331217,3.1931267,3.4795938,2.3713534,2.800687,0.0,3.856432,3.3011584,3.4123046,0.0,1.7257631,1.0438576,0.0,3.304933,0.0,0.0,0.0,2.9689326,1.6213849,0.0,0.0,0.0,3.637284,3.2580965,2.6256537,3.8326378,0.0,0.0,1.9493465,1.8898786,0.0,0.0,0.0
ENSG00000135916,0.0,0.0,0.0,0.0,0.0,0.0,0.0,0.0,0.0,0.0,0.0,0.0,0.0,0.0,2.65869,0.0,0.0,2.8024309,1.6398797,1.6377988,0.0,2.6514962,3.10558,0.0,2.4403558,3.1587753,0.0,1.1532807,1.971897,0.0,0.0,1.9938221,0.0,0.0,3.335568,3.8825886,4.278269,2.5313778,3.5802836,2.667252
ENSG00000132465,0.0,0.0,0.0,0.0,0.0,0.0,0.0,0.0,0.0,0.0,0.0,0.0,0.0,0.0,0.0,0.0,0.0,0.0,0.0,0.0,0.0,0.0,0.0,0.0,0.0,0.0,0.0,0.0,0.0,0.0,0.0,0.0,0.0,1.275543,1.9356282,3.572293,4.6157637,0.0,3.5802836,0.0
ENSG00000189159,0.0,0.0,0.0,0.0,0.0,0.0,0.0,0.0,0.0,0.0,0.0,0.0,0.0,1.524643,1.7020297,1.0719099,1.9653597,0.27471504,1.2201732,0.0,0.0,0.0,0.0,1.9781145,1.3673241,1.0081301,0.0,1.8012054,0.0,0.9523718,0.0,0.0,2.832839,0.0,0.0,1.6866597,0.0,2.468774,0.0,1.5726658
ENSG00000177606,0.0,0.0,0.0,0.0,0.0,0.0,0.0,0.0,0.0,0.0,0.0,0.0,0.0,1.0974138,0.0,0.0,0.0,0.0,0.0,0.0,0.0,0.0,0.0,0.0,0.0,0.8877335,0.0,0.0,0.0,1.2716507,0.0,1.6814873,0.0,0.0,2.1840515,0.0,0.0,0.0,0.0,0.0
ENSG00000173801,0.0,0.0,0.0,0.0,0.0,0.0,0.0,0.0,0.0,0.0,0.0,0.0,0.0,0.0,0.0,0.0,0.0,0.6747992,0.0,0.24566159,0.0,2.0216718,2.3892145,0.0,0.0,1.5047152,0.0,0.0,2.1129642,0.0,0.0,1.1021488,0.0,0.0,0.0,0.0,0.0,2.6338196,0.0,2.530575
ENSG00000138160,0.0,0.0,0.0,0.0,0.0,0.0,0.0,0.0,0.0,0.0,0.0,0.0,0.0,0.0,0.0,0.0,0.0,0.0,0.0,0.0,0.0,0.0,0.0,0.0,0.0,0.0,0.0,0.0,0.0,0.0,0.0,0.0,0.0,0.0,0.0,0.0,0.0,1.1355559,0.0,0.0
ENSG00000138182,0.0,0.0,0.0,0.0,0.0,0.0,0.0,0.0,0.0,0.0,0.0,0.0,0.0,0.0,0.0,0.0,0.0,0.0,0.0,0.0,0.0,0.0,0.0,1.331141,0.0,0.0,0.0,0.0,0.0,0.0,0.0,0.0,0.0,0.0,0.0,0.0,0.0,1.1918194,0.0,0.0
ENSG00000137807,0.0,0.0,0.0,0.0,0.0,0.0,0.0,0.0,0.0,0.0,0.0,0.0,0.0,0.0,0.0,0.0,0.0,0.0,0.0,0.0,0.0,0.0,0.0,0.28510553,0.0,0.0,0.0,0.0,0.0,0.0,0.0,0.0,0.0,0.0,0.0,0.0,0.0,1.6819966,0.0,0.0
ENSG00000142945,0.0,0.0,0.0,0.0,0.0,0.0,0.0,0.0,0.0,0.0,0.0,0.0,0.0,0.0,0.0,0.0,0.0,0.0,0.0,0.0,0.0,0.0,0.0,1.01141,0.0,0.0,0.0,0.0,0.0,0.0,0.0,0.0,0.0,0.0,0.0,0.0,0.0,1.5941589,0.0,0.0
ENSG00000157404,0.0,0.0,0.0,0.0,0.0,0.0,0.0,0.0,0.0,0.0,0.0,0.0,0.0,0.0,0.0,0.0,2.2162943,2.1997173,2.1724398,0.0,0.0,0.66928923,0.0,1.7775104,0.0,2.0828161,0.0,0.0,0.0,0.0,0.0,0.0,0.0,0.0,0.0,0.0,0.0,0.0,0.0,0.0
ENSG00000155090,0.0,0.0,0.0,0.0,0.0,0.0,0.0,0.0,0.0,0.0,0.0,0.0,0.0,2.1155972,1.8784359,1.7233051,0.0,0.7370113,0.0,0.0,0.0,1.1286274,0.0,1.1481606,1.5992781,1.747937,0.0,0.0,0.0,1.450639,0.0,0.0,0.0,0.0,1.1771686,1.3053662,0.0,1.2712975,2.4533293,2.0023117
ENSG00000111796,0.0,0.0,3.4306607,0.0,0.0,3.946645,4.5879784,0.0,0.0,0.0,0.0,0.0,0.0,0.0,0.0,0.0,0.0,0.0,0.0,0.0,4.140841,0.0,0.0,0.0,0.0,0.0,0.0,0.0,0.0,0.0,0.0,3.6780128,0.0,0.0,0.0,0.0,0.0,0.0,0.0,0.0
ENSG00000134539,0.0,0.0,0.0,0.0,0.0,2.8599648,2.7417293,0.0,0.0,2.297829,0.0,0.0,0.0,0.0,0.0,0.0,0.0,0.0,0.0,0.0,0.0,0.0,0.0,0.0,0.0,0.0,0.0,0.0,0.0,0.0,0.0,1.224434,0.0,0.0,0.0,0.0,0.0,0.0,0.0,0.0
ENSG00000150045,0.0,0.0,0.0,0.0,0.0,3.7632623,3.7667353,0.0,0.0,0.0,0.0,0.0,0.0,0.0,0.0,0.0,0.0,0.0,0.0,0.0,0.0,0.0,0.0,0.0,0.0,0.0,0.0,0.0,0.0,0.0,0.0,2.3417115,0.0,0.0,0.0,0.0,0.0,0.0,0.0,0.0
ENSG00000213809,0.0,0.0,0.0,0.0,0.0,4.07515,4.172813,0.0,3.9294422,3.9821382,3.891037,3.660818,0.0,0.0,0.0,0.0,0.0,0.0,0.0,0.0,3.8296201,0.0,0.0,0.0,0.0,0.0,0.0,0.0,0.0,0.0,4.100601,2.9849854,0.0,0.0,0.0,0.0,0.0,0.0,0.0,0.0
ENSG00000086730,0.0,0.0,0.0,0.0,0.0,0.0,0.0,0.0,0.0,0.0,0.0,0.0,0.0,2.0311065,2.0797563,1.6893551,0.0,2.088728,0.0,2.2779422,0.0,0.9215548,2.0245674,0.0,2.0670295,2.279125,0.0,2.322802,0.0,1.9019715,0.0,2.349599,0.0,0.0,0.0,2.6742418,0.0,3.095847,4.0314107,3.1555924
ENSG00000143815,0.0,0.0,0.0,0.0,0.0,0.0,0.0,0.0,0.0,0.0,0.0,0.0,0.0,0.0,1.5507607,0.7843586,2.067632,1.6348754,1.7164648,0.0,0.0,0.0,0.0,2.6447194,1.414939,1.6033062,0.0,0.0,0.0,1.1615583,0.0,1.2783656,0.0,0.0,0.0,1.7029912,0.0,2.702886,0.0,2.0874968
ENSG00000160789,0.0,0.0,0.0,0.0,0.0,0.0,0.0,0.0,0.0,0.0,0.0,0.0,0.0,0.0,0.0,0.0,0.0,0.0,0.0,0.0,0.0,0.0,0.0,0.9280295,0.0,0.0,0.0,0.0,2.1363251,0.0,0.0,0.0,0.0,0.0,0.0,0.0,0.0,0.0,0.0,0.0
ENSG00000135363,0.0,0.0,0.0,0.0,0.0,0.0,0.0,0.0,0.0,0.0,0.0,0.0,0.0,1.7381098,1.7240613,2.0685391,3.8482976,2.6960924,1.2201732,3.6085958,0.0,3.3357046,0.0,3.5292072,1.7795725,3.0239675,0.0,3.3910973,0.0,1.5438457,0.0,2.7469082,2.7356403,0.0,0.0,0.75862193,0.0,0.0,0.0,0.0
ENSG00000143013,0.0,0.0,0.0,0.0,0.0,0.0,0.0,0.0,0.0,0.0,0.0,0.0,0.0,0.0,1.2486709,0.0,0.4504871,0.0,3.676264,0.0,0.0,0.0,0.0,0.97134584,0.0,0.0,0.0,0.0,2.7609472,0.0,0.0,0.0,0.0,0.0,1.5033027,0.0,0.0,0.5664089,0.0,0.0
ENSG00000204482,0.0,0.0,0.0,0.0,0.0,0.0,0.0,0.0,0.0,0.0,0.0,0.0,0.0,1.556863,0.0,0.68845546,0.0,0.0,0.0,0.0,0.0,0.0,0.0,0.0,0.0,0.0,0.0,0.0,0.0,1.2400527,0.0,0.0,3.2168593,0.0,0.0,0.0,0.0,0.0,0.0,0.0
ENSG00000160932,0.0,2.3728223,0.0,0.0,0.0,2.300933,0.0,0.0,0.0,0.0,0.0,0.0,0.0,0.0,0.0,0.0,1.5804782,0.0,0.0,0.0,0.0,0.0,0.0,0.0,0.0,1.290362,0.0,2.0403736,2.8701086,0.0,0.0,1.7321982,2.1765182,0.0,0.0,0.0,0.0,0.0,0.0,0.0
ENSG00000143669,0.0,0.0,0.0,0.0,0.0,0.0,0.0,0.0,0.0,0.0,0.0,0.0,0.0,0.86713064,0.0,0.0,0.0,0.0,0.0,0.0,0.0,0.0,0.0,0.0,1.3673241,0.0,0.0,0.0,0.0,1.3292041,0.0,0.0,2.0807657,0.0,0.0,0.0,0.0,0.0,0.0,0.0
ENSG00000090382,1.5979973,0.0,0.0,0.0,0.0,0.0,0.0,0.0,0.0,0.0,0.0,0.0,0.0,6.7120914,6.4426374,6.210531,1.7745161,2.9819674,1.876556,1.7380602,0.0,1.8548663,0.0,1.5683389,7.3779483,1.646611,0.0,1.9471159,2.4427123,7.210512,0.0,0.42753392,4.0422535,0.0,2.7065954,1.4683918,1.229834,1.7961495,2.6839328,1.6966115
ENSG00000125505,0.0,0.0,0.0,0.0,0.0,0.0,0.0,0.0,0.0,0.0,0.0,0.0,0.0,1.5658478,1.2825441,1.4617461,0.4362325,1.8901305,1.7356037,1.765281,0.0,2.4434803,0.0,0.64451313,1.3981974,2.2054791,0.0,0.0,0.0,1.2567055,0.0,1.9879555,0.0,0.0,0.0,0.960462,0.0,0.0,0.0,0.0
ENSG00000073111,0.0,0.0,0.0,0.0,0.0,0.0,0.0,0.0,0.0,0.0,0.0,0.0,0.0,0.0,2.268849,0.0,3.0327892,2.2701192,2.1781886,0.0,0.0,0.0,0.0,3.3147824,1.9219551,2.9635062,0.0,3.1034088,0.0,0.0,0.0,0.0,0.0,0.0,0.0,2.3874023,0.0,2.060845,0.0,2.9864235
ENSG00000104738,0.0,0.0,0.0,0.0,0.0,0.0,0.0,0.0,0.0,0.0,0.0,0.0,0.0,0.0,1.780098,0.0,1.9779396,0.0,0.0,0.0,0.0,0.0,0.0,2.9019017,1.3211575,2.1837692,0.0,2.3267055,0.0,0.0,0.0,0.0,0.0,0.0,0.0,1.9558698,0.0,1.1533545,0.0,2.537786
ENSG00000100297,0.0,0.0,0.0,0.0,0.0,0.0,0.0,0.0,0.0,0.0,0.0,0.0,0.0,0.0,2.0731056,0.0,2.1703062,1.1566803,1.4512227,0.0,0.0,0.0,0.0,3.0254052,1.4012926,2.0192394,0.0,2.2490644,0.0,0.0,0.0,0.0,0.0,0.0,0.0,1.6347092,0.0,0.0,0.0,2.360766
ENSG00000076003,0.0,0.0,0.0,0.0,0.0,0.0,0.0,0.0,0.0,0.0,0.0,0.0,0.0,0.0,1.833156,0.0,2.0485678,1.0383259,0.0,0.0,0.0,0.0,0.0,2.7157164,0.1574155,2.1568577,0.0,2.2677875,0.0,0.0,0.0,0.0,0.0,0.0,0.0,1.7411096,0.0,0.0,0.0,2.3911195
ENSG00000110492,0.0,0.0,0.0,0.0,0.0,0.0,0.0,0.0,0.0,0.0,0.0,0.0,0.0,0.0,0.0,0.0,0.0,0.0,0.0,0.0,0.0,1.9256997,0.0,0.0,0.0,1.6517024,0.0,0.0,3.5082164,0.0,0.0,1.3151083,0.0,0.0,0.0,0.0,0.0,0.0,0.0,0.0
ENSG00000008394,0.0,0.0,0.0,0.0,0.0,0.0,0.0,0.0,0.0,0.0,0.0,0.0,0.0,1.9540108,1.906755,0.0,1.8393462,3.604035,2.3290167,0.0,0.0,2.0506272,0.0,1.3480251,3.0548224,2.898878,0.0,1.7873979,0.0,2.4822297,0.0,1.4002383,0.0,0.0,0.0,0.0,0.0,0.0,0.0,0.0
ENSG00000107789,1.6166776,0.0,0.0,0.0,0.0,0.0,0.0,0.0,0.0,0.0,0.0,0.0,0.0,0.0,0.0,0.0,2.5838845,0.0,1.4751163,2.6533427,0.0,0.0,0.0,2.9620001,0.0,0.0,0.0,2.4523838,0.0,0.0,0.0,0.0,0.0,0.0,0.0,0.0,0.0,0.0,0.0,0.0
ENSG00000196549,0.0,0.0,0.0,0.0,0.0,0.0,0.0,0.0,0.0,0.0,0.0,0.0,0.0,0.0,0.0,0.0,0.0,0.0,0.0,0.0,0.0,0.0,0.0,0.0,0.0,0.0,0.0,0.0,0.0,0.0,0.0,0.0,0.0,0.0,0.0,0.0,0.0,1.7581141,0.0,1.760581
ENSG00000197629,0.0,0.0,0.0,0.0,0.0,0.0,0.0,0.0,0.0,0.0,0.0,0.0,0.0,3.17224,1.8263352,2.4077349,0.0,0.0,0.0,0.0,0.0,0.0,0.0,0.0,0.2969995,0.0,0.0,0.0,0.0,2.377688,0.0,0.0,3.021853,0.0,0.0,2.6108298,3.487752,0.0,0.0,0.0
ENSG00000117400,0.0,0.0,0.0,0.0,0.0,0.0,0.0,0.0,0.0,0.0,0.0,0.0,0.0,0.0,0.0,0.0,0.0,0.0,0.0,1.8848842,0.0,0.0,0.0,0.0,0.0,0.0,0.0,1.9840727,0.0,0.0,0.0,0.26198104,0.0,0.0,0.0,0.0,0.0,0.0,0.0,0.0
ENSG00000005381,0.0,0.0,0.0,0.0,0.0,0.0,0.0,0.0,0.0,0.0,0.0,0.0,0.0,0.0,0.0,0.0,0.0,6.589608,0.0,0.0,0.0,0.0,0.0,0.0,6.383274,0.0,0.0,0.0,0.0,0.0,0.0,0.0,0.0,0.0,0.0,0.0,0.0,0.0,0.0,0.0
ENSG00000156738,0.0,4.8148165,0.0,0.0,0.0,0.0,0.0,0.0,0.0,0.0,0.0,0.0,4.1536064,0.0,0.0,0.0,0.0,0.0,0.0,0.0,0.0,0.0,4.0065546,0.0,0.0,0.0,4.279625,0.0,0.0,0.0,0.0,0.0,0.0,4.2849517,0.0,0.0,0.0,0.0,0.0,0.0
ENSG00000166927,0.0,0.0,0.0,0.0,0.0,0.0,0.0,0.0,0.0,0.0,0.0,0.0,0.0,1.3078805,0.0,0.0,0.0,0.0,0.0,0.0,0.0,0.0,0.0,0.0,0.0,0.0,0.0,0.0,0.0,0.0,0.0,0.0,3.4872456,0.0,0.0,0.0,0.0,0.0,0.0,0.0
ENSG00000095002,0.0,0.0,0.0,0.0,0.0,0.0,0.0,0.0,0.0,0.0,0.0,0.0,0.0,0.0,0.8782326,0.0,2.1383035,0.0,0.0,0.0,0.0,0.0,0.0,2.546901,0.0,1.7767111,0.0,1.8164512,0.0,0.0,0.0,0.734153,0.0,0.0,0.0,1.3110392,0.0,1.4647152,0.0,1.9224533
ENSG00000153944,0.0,0.0,0.0,0.0,0.0,0.0,0.0,0.0,0.0,0.0,0.0,0.0,0.0,0.0,0.0,0.0,1.2277157,1.772991,1.6059272,2.7197323,0.0,2.9125633,0.0,0.0,0.0,2.633844,0.0,1.9409423,0.0,0.0,0.0,2.363307,0.0,0.0,0.0,0.0,0.0,2.3781338,0.0,2.5142984
ENSG00000174099,0.0,0.0,0.0,0.0,0.0,0.0,0.0,0.0,0.0,0.0,0.0,0.0,0.0,0.0,0.0,0.0,0.0,1.2701749,0.0,0.0,0.0,2.315865,0.0,0.0,0.0,1.9178882,0.0,0.0,0.0,0.0,0.0,2.2492192,0.0,0.0,0.0,0.0,0.0,0.0,0.0,0.0
ENSG00000170476,0.0,0.0,0.0,0.0,0.0,0.0,0.0,0.0,0.0,0.0,0.0,0.0,0.0,0.0,0.0,0.0,0.0,0.0,0.0,0.0,0.0,0.0,0.0,0.0,0.0,1.3792918,0.0,0.0,0.0,0.0,0.0,0.0,0.0,0.0,4.5380263,2.2217746,2.8546286,2.118766,0.0,2.0444589
ENSG00000132780,0.0,0.0,0.0,0.0,0.0,0.0,0.0,0.0,0.0,0.0,0.0,0.0,0.0,0.0,0.0,0.0,1.0409138,0.0,0.0,0.0,0.0,0.0,0.0,1.1953392,0.0,1.3013229,0.0,1.4264898,0.0,0.0,0.0,0.0,0.0,0.0,0.0,0.0,0.0,0.0,0.0,1.568989
ENSG00000010292,0.0,0.0,0.0,0.0,0.0,0.0,0.0,0.0,0.0,0.0,0.0,0.0,0.0,0.0,0.0,0.0,0.0,0.0,0.0,0.0,0.0,0.0,0.0,1.4731691,0.0,0.0,0.0,0.0,0.0,0.0,0.0,0.0,0.0,0.0,0.0,1.3110392,0.0,2.1426227,0.0,0.0
ENSG00000111912,0.0,0.0,0.0,0.0,0.0,0.0,0.0,0.0,0.0,0.0,0.0,0.0,0.0,0.0,0.0,0.0,0.6274108,1.1878378,0.0,0.0,0.0,0.0,0.0,0.7219593,0.0,1.2069609,0.0,0.0,0.0,0.0,0.0,0.0,0.0,0.0,0.0,0.0,0.0,0.0,0.0,0.0
ENSG00000080986,0.0,0.0,0.0,0.0,0.0,0.0,0.0,0.0,0.0,0.0,0.0,0.0,0.0,0.0,0.0,0.0,0.0,0.0,0.0,0.0,0.0,0.0,0.0,0.0,0.0,0.0,0.0,0.0,0.0,0.0,0.0,0.0,0.0,0.0,0.0,0.0,0.0,1.6372066,0.0,0.0
ENSG00000117650,0.0,0.0,0.0,0.0,0.0,0.0,0.0,0.0,0.0,0.0,0.0,0.0,0.0,0.0,0.0,0.0,0.0,0.0,0.0,0.0,0.0,0.0,0.0,0.0,0.0,0.0,0.0,0.0,0.0,0.0,0.0,0.0,0.0,0.0,0.0,0.0,0.0,0.263308,0.0,0.0
ENSG00000123405,2.5133507,0.0,0.0,0.0,0.0,0.0,0.0,0.0,0.0,0.0,0.0,0.0,0.0,0.0,0.0,0.0,3.0758066,2.3279717,2.519998,3.0862868,0.0,2.1018546,0.0,2.7002914,1.3397508,2.0391788,0.0,2.8041425,0.0,1.3285235,0.0,1.8380235,0.0,0.0,0.0,0.0,0.0,0.0,0.0,0.0
ENSG00000144802,0.0,0.0,0.0,0.0,0.0,0.0,0.0,0.0,0.0,0.0,0.0,0.0,0.0,0.0,0.0,0.0,0.0,0.0,0.0,0.0,0.0,0.0,0.0,0.0,0.0,0.0,0.0,0.0,0.0,0.0,0.0,0.0,1.5126958,0.0,0.0,0.0,0.0,0.0,0.0,0.0
ENSG00000105374,0.0,0.0,5.173707,0.0,0.0,5.4433527,5.6031156,4.1552987,4.4935646,5.4126024,0.0,3.3868086,0.0,0.0,1.8377873,0.0,0.0,0.3563966,0.0,0.0,5.143189,0.0,0.0,0.0,2.4623623,0.0,0.0,0.0,0.0,1.4521409,4.6114154,4.089863,0.0,0.0,1.2185771,0.8185277,0.0,0.0,0.0,0.0
ENSG00000181163,0.0,3.0814521,3.2574975,3.905236,4.3736033,3.3690364,3.1688046,3.6233563,3.6162848,3.4959905,4.531131,3.8481598,3.6230602,2.4936137,3.8543582,3.0770001,5.2065163,4.8791833,4.412355,5.0328226,3.570724,4.922731,3.4056306,4.98311,3.9444451,4.932809,3.5651455,4.8912,2.9731224,2.3625946,3.1537457,4.960277,2.6460035,3.6136463,2.369653,4.2480025,3.7780142,4.0886135,4.2509203,4.5477695
ENSG00000113389,0.0,0.0,0.0,0.0,0.0,0.0,0.0,0.0,0.0,0.0,0.0,0.0,0.0,0.0,0.0,0.0,1.6726961,0.0,0.0,2.978545,0.0,3.1490166,0.0,1.1009511,0.0,2.518424,0.0,2.4637132,0.0,0.0,0.0,2.7192192,0.0,0.0,0.0,0.0,0.0,0.0,0.0,0.0
ENSG00000123358,0.0,2.451389,0.0,0.0,0.0,0.0,0.0,0.0,0.0,0.0,0.0,0.0,0.0,0.0,0.0,1.7160447,0.0,0.0,0.0,0.0,0.0,0.0,0.0,0.0,0.0,0.0,0.0,0.0,0.0,0.0,0.0,0.0,2.843402,0.0,0.0,0.0,0.0,0.0,0.0,0.0
ENSG00000180530,0.0,0.0,0.0,0.0,0.0,0.0,0.0,0.0,0.0,0.0,0.0,0.0,0.0,0.0,0.4393438,0.0,0.0,0.0,0.0,2.4079084,0.0,2.8993578,0.0,0.0,0.0,1.8792565,0.0,2.6508405,0.0,0.0,0.0,2.1704693,0.0,0.0,0.0,0.0,0.0,1.4177774,0.0,1.5205019
ENSG00000070081,0.0,0.0,0.0,0.0,0.0,0.0,0.0,0.0,0.0,0.0,0.0,0.0,0.0,0.0,0.0,0.0,1.5988035,2.107231,1.245842,0.0,0.0,0.0,0.0,1.7442197,0.834268,1.6987827,0.0,1.0919317,0.0,0.0,0.0,0.0,0.0,0.0,1.3710953,1.9847825,0.0,0.0,0.0,0.0
ENSG00000143228,0.0,0.0,0.0,0.0,0.0,0.0,0.0,0.0,0.0,0.0,0.0,0.0,0.0,0.0,0.0,0.0,0.0,0.0,0.0,0.0,0.0,0.0,0.0,0.0,0.0,0.0,0.0,0.0,0.0,0.0,0.0,0.0,0.0,0.0,0.0,0.0,0.0,1.4929177,0.0,0.0
ENSG00000137804,0.0,0.0,0.0,0.0,0.0,0.0,0.0,0.0,0.0,0.0,0.0,0.0,0.0,0.0,1.3279147,0.0,0.0,0.0,0.0,0.0,0.0,0.0,0.0,1.6498308,0.0,0.0,0.0,0.0,0.0,0.0,0.0,0.0,0.0,0.0,0.0,2.272718,0.0,3.6168773,0.0,2.1263585
ENSG00000079462,0.0,0.0,0.0,0.0,0.0,0.0,0.0,0.0,0.0,0.0,0.0,0.0,0.0,0.0,1.3058171,0.0,2.4247632,1.3756642,1.5645161,1.5695375,0.0,0.0,0.0,2.595773,0.67728555,1.8897531,0.0,1.7496188,0.0,0.0,0.0,0.0,0.0,0.0,0.0,1.3371567,0.0,1.7930136,0.0,1.7335391
ENSG00000132646,0.0,0.0,0.0,0.0,0.0,0.0,0.0,0.0,0.0,0.0,0.0,0.0,0.0,0.0,3.4883978,0.0,3.2889538,2.3385375,2.364048,0.0,0.0,0.0,0.0,4.1447587,2.6951494,3.6969714,0.0,3.7143116,0.0,0.0,0.0,0.0,0.0,0.0,0.8385198,3.9396427,0.0,3.715281,0.0,4.4786243
ENSG00000107438,0.0,0.0,0.0,0.0,0.0,0.0,0.0,0.0,0.0,0.0,0.0,0.0,2.273239,0.0,1.2844477,0.0,2.355294,0.0,0.0,2.268375,0.0,0.0,0.0,1.5417734,0.0,0.0,0.0,3.3851306,0.0,0.0,0.0,0.0,0.0,0.0,0.0,0.0,0.0,2.3407426,0.0,1.4648576
ENSG00000166428,0.0,0.0,0.0,0.0,0.0,0.0,0.0,0.0,0.0,0.0,0.0,0.0,0.0,0.0,0.0,0.0,0.0,0.0,0.0,0.0,0.0,0.0,0.0,0.0,0.0,0.0,0.0,0.0,0.0,0.0,0.0,0.0,0.0,0.0,0.0,0.4088773,0.85294676,0.0,0.0,0.0
ENSG00000115956,0.0,2.8748298,3.0628004,0.0,0.0,2.7051678,3.5494246,2.9505374,2.8961873,3.3202283,0.0,0.0,2.0853262,2.3454926,3.008121,2.560865,0.0,2.6710453,2.9788277,4.073947,2.966108,1.5596269,0.0,0.0,2.5709496,2.3524637,0.0,4.7561913,0.0,2.161758,2.9326935,3.0154805,2.9580727,1.9304705,0.7926922,3.5386946,3.8714323,0.0,0.0,0.0
ENSG00000101868,0.0,0.0,0.0,0.0,0.0,0.0,0.0,0.0,0.0,0.0,0.0,0.0,0.0,0.0,0.0,0.0,0.784475,0.0,0.0,0.0,0.0,0.0,0.0,1.548219,0.0,0.0,0.0,0.0,0.0,0.0,0.0,0.0,0.0,0.0,0.0,0.0,0.0,1.0631254,0.0,1.5210502
ENSG00000077514,0.0,0.0,0.0,0.0,0.0,0.0,0.0,0.0,0.0,0.0,0.0,0.0,0.0,0.0,0.0,0.0,0.0,0.0,0.0,0.0,0.0,0.0,0.0,1.3507739,0.0,0.0,0.0,0.0,0.0,0.0,0.0,0.0,0.0,0.0,0.0,0.0,0.0,0.0,0.0,0.0
ENSG00000133246,0.0,0.0,0.0,0.0,0.0,0.0,0.0,0.0,0.0,0.0,0.0,0.0,0.0,1.9086273,1.4116452,1.4150574,0.0,2.1405075,0.0,0.0,0.0,0.0,0.0,0.0,2.0678124,1.6682009,0.0,0.0,0.0,1.9498634,0.0,0.0,2.1915636,0.0,0.0,0.0,0.0,0.0,0.0,0.0
ENSG00000167815,3.1376157,0.0,0.0,2.4116445,0.0,0.0,0.0,0.0,0.0,0.0,0.0,1.7355199,0.0,0.0,2.1993608,1.2238989,3.647997,2.3244288,2.7008312,2.36405,0.0,2.3279052,0.0,4.995916,1.4659526,2.8931913,0.0,2.889323,3.1240873,0.0,0.0,2.378618,0.0,0.0,2.3378112,2.3934827,0.0,2.2889686,0.0,2.5072968
ENSG00000186652,0.0,0.0,0.0,0.0,0.0,0.0,0.0,0.0,0.0,0.0,0.0,0.0,0.0,0.0,0.0,0.0,0.0,0.0,5.3110156,0.0,0.0,0.0,0.0,0.0,0.0,0.0,0.0,0.0,0.0,0.0,0.0,0.0,0.0,0.0,0.0,0.0,0.0,0.0,0.0,0.0
ENSG00000198056,0.0,0.0,0.0,0.0,0.0,0.0,0.0,0.0,0.0,0.0,0.0,0.0,0.0,0.0,0.66509813,0.0,1.6042316,0.0,0.0,0.0,0.0,0.0,0.0,1.8619477,0.0,1.6464417,0.0,1.6060869,0.0,0.0,0.0,0.0,0.0,0.0,0.0,1.3290339,0.0,0.0,0.0,0.0
ENSG00000007062,0.0,0.0,0.0,0.0,0.0,0.0,0.0,0.0,0.0,0.0,0.0,0.0,0.0,0.0,0.0,0.0,0.0,2.256228,0.0,0.0,0.0,2.6725674,0.0,0.0,0.0,2.6591065,0.0,0.0,0.0,0.0,0.0,1.8793702,0.0,0.0,0.0,0.0,0.0,0.0,0.0,0.0
ENSG00000197746,1.3096578,4.25209,3.1536555,2.8685405,2.9963024,2.9674218,3.460176,3.038826,2.9339375,3.1189063,2.8366082,2.8131158,3.0637722,5.410937,3.6882284,4.318055,3.4584982,3.0929296,3.1635525,3.473456,2.945387,3.270664,2.6941648,3.429949,3.7626605,2.903733,2.7196064,3.400364,4.559522,4.870545,3.030352,3.31176,5.8905025,3.1908886,3.8931706,3.0924275,4.4779487,2.2603393,2.8680184,2.3302035
ENSG00000095303,0.0,0.0,0.0,0.0,0.0,0.0,0.0,0.0,0.0,0.0,0.0,0.0,0.0,0.0,0.0,0.0,0.0,0.0,0.0,0.0,0.0,0.0,0.0,0.0,0.0,0.0,0.0,1.374397,0.0,0.0,0.0,0.0,0.0,0.0,0.0,0.0,0.0,0.0,0.0,0.0
ENSG00000187514,1.9505408,4.6036367,4.0178556,4.589562,4.5574455,4.5903273,4.348882,4.386594,4.234501,4.398408,4.5193024,4.548926,4.70733,3.765487,4.9704876,4.1353106,5.4441733,5.107309,5.123306,4.883091,4.4959407,4.6333423,5.309354,5.534246,4.9024563,5.023789,4.507848,5.499962,4.4249454,3.8442473,4.3282695,4.626581,4.420696,4.6527367,3.8763275,5.19935,4.4222126,5.871327,5.2125187,5.827649
ENSG00000159335,0.0,0.0,0.0,0.0,0.0,0.0,0.0,0.0,0.0,0.0,0.0,0.0,0.0,0.0,0.0,0.0,0.7138861,0.0,0.0,0.0,0.0,0.0,0.0,1.3841233,0.0,0.0,0.0,0.0,3.4219677,0.0,0.0,0.80379224,0.0,0.0,0.0,0.0,0.0,0.0,0.0,0.0
ENSG00000118508,0.0,0.0,0.0,0.0,0.0,0.0,0.0,0.0,0.0,0.0,0.0,0.0,0.0,1.4893169,1.7619157,1.470533,0.0,2.3198662,1.392855,0.0,0.0,0.0,0.0,0.0,2.2361307,1.4870691,0.0,1.2928784,0.0,1.5419658,0.0,0.0,0.0,0.0,0.0,0.0,0.0,0.0,0.0,0.0
ENSG00000204628,1.560972,4.648692,4.673896,5.126723,5.279276,4.8786345,4.5513306,4.870994,4.6682677,4.6305428,5.380893,4.951577,5.118162,4.355382,4.7789354,4.649165,5.927235,5.5616784,5.4536633,5.929447,4.7268596,5.888587,4.852852,5.451938,4.8155127,5.7645845,5.0510297,5.678343,3.9674928,4.249363,4.5404806,5.7635984,4.433837,5.0172796,3.7635112,4.9568095,4.9640894,4.853542,5.4660277,5.1982136
ENSG00000051180,0.0,0.0,0.0,0.0,0.0,0.0,0.0,0.0,0.0,0.0,0.0,0.0,0.0,0.0,0.0,0.0,0.0,0.0,0.0,0.0,0.0,0.0,0.0,1.3949819,0.0,0.0,0.0,0.0,0.0,0.0,0.0,0.0,0.0,0.0,0.0,0.0,0.0,1.2793088,0.0,1.7039142
ENSG00000111247,0.0,0.0,0.0,0.0,0.0,0.0,0.0,0.0,0.0,0.0,0.0,0.0,0.0,0.0,0.0,0.0,0.0,0.0,0.0,0.0,0.0,0.0,0.0,1.3984922,0.0,0.0,0.0,0.0,0.0,0.0,0.0,0.0,0.0,0.0,0.0,1.3774352,0.0,1.6160517,0.0,1.3268447
ENSG00000100401,0.0,0.0,0.0,0.0,0.0,0.0,0.0,0.0,0.0,0.0,0.0,0.0,0.0,0.0,0.4941638,0.0,1.4233325,0.0,0.0,0.0,0.0,0.0,0.0,1.9498634,0.48347217,0.0,0.0,1.2780194,0.0,0.0,0.0,0.0,0.0,0.0,0.0,0.0,0.0,1.6540961,0.0,0.0
ENSG00000198771,0.0,0.0,0.0,0.0,0.0,0.0,0.0,0.0,0.0,0.0,0.0,0.0,0.0,1.7974067,1.656891,1.4484026,0.0,1.3803242,0.6268405,0.0,0.0,1.9150146,3.1731896,0.0,1.6568353,1.7250044,0.0,0.0,0.0,1.7231116,0.0,1.6578853,1.9178572,2.129766,0.0,1.503572,0.0,2.9588604,2.4533293,2.9744735
ENSG00000076043,0.0,0.0,0.0,0.0,0.0,0.0,0.0,0.0,0.0,0.0,0.0,0.0,0.0,0.0,0.0,0.0,1.1823993,0.0,0.0,0.0,0.0,0.0,0.0,1.8751521,0.0,0.0,0.0,0.0,0.0,0.0,0.0,0.0,0.0,0.0,0.0,0.0,0.0,0.0,0.0,0.0
ENSG00000049541,0.0,0.0,0.0,0.0,0.0,0.0,0.0,0.0,0.0,0.0,0.0,0.0,0.0,0.0,1.6777529,0.0,1.8642479,1.1878378,0.6730699,0.0,0.0,0.0,0.0,2.2334435,1.3117001,1.9290771,0.0,2.0200248,0.0,0.0,0.0,0.0,0.0,0.0,0.0,1.7564029,0.0,1.5375276,0.0,2.3675485
ENSG00000112077,3.1165342,0.0,0.0,0.0,0.0,0.0,0.0,0.0,0.0,0.0,0.0,0.0,0.0,0.0,0.0,0.0,0.0,0.0,0.0,0.0,0.0,0.0,0.0,3.0272517,0.0,0.0,0.0,0.0,0.0,0.0,0.0,0.0,0.0,0.0,0.0,0.0,0.0,0.0,0.0,0.0
ENSG00000169385,0.0,0.0,0.0,0.0,0.0,0.0,0.0,0.0,0.0,0.0,0.0,0.0,0.0,0.67666465,2.811119,0.0,0.0,2.918244,2.2592943,0.0,0.0,0.0,0.0,0.0,3.8029265,0.0,0.0,0.0,0.0,3.1764739,0.0,0.0,0.0,0.0,0.0,0.0,0.0,0.0,0.0,0.0
ENSG00000169397,0.0,0.0,0.0,0.0,0.0,0.0,0.0,0.0,0.0,0.0,0.0,0.0,0.0,0.0,0.0,0.0,0.0,1.531937,0.0,0.0,0.0,0.0,0.0,0.0,2.2018743,0.0,0.0,0.0,0.0,0.0,0.0,0.0,0.0,0.0,0.0,0.0,0.0,0.0,0.0,0.0
ENSG00000169413,0.0,0.0,0.0,0.0,0.0,0.0,0.0,0.0,0.0,0.0,0.0,0.0,0.0,1.929212,2.311747,2.4001827,0.0,0.0,0.0,0.0,0.0,0.0,0.0,0.0,2.021875,0.0,0.0,0.0,0.0,1.9780439,0.0,0.0,0.0,0.0,0.0,3.1114087,3.599785,0.0,0.0,0.0
ENSG00000117748,0.0,0.0,0.0,0.0,0.0,0.0,0.0,0.0,0.0,0.0,0.0,0.0,0.0,0.0,1.85532,0.0,2.5553482,1.3931584,1.2201732,0.0,0.0,0.0,0.0,2.6700616,1.2521682,2.2306218,0.0,2.4293911,0.0,0.0,0.0,2.00749,0.0,0.0,0.0,1.9303445,0.0,1.6162553,0.0,2.2222657
ENSG00000137818,3.1098833,5.942135,5.908226,6.415292,6.484949,6.0903773,5.5985065,5.87775,5.719096,5.8703046,6.5957103,6.148451,6.417567,5.2427177,6.1016483,5.6766396,6.716356,6.7480216,6.4729233,6.5257397,6.0106444,6.6266756,5.3264256,6.445327,6.4510098,6.6519184,5.977771,6.559459,4.931966,5.675792,5.81063,6.1915693,5.0250225,6.2330346,5.358222,6.284393,5.9273415,6.193598,6.4278083,6.418656
ENSG00000177600,3.3260474,6.245292,6.3420362,6.782657,7.1378603,6.176353,5.838502,6.545776,6.3812265,6.3642516,6.9994106,6.6534843,6.6521926,5.03735,5.7425385,5.5703874,6.3369884,6.299426,6.1255145,6.2170906,6.431949,6.264572,5.7794485,6.10538,6.0428,6.161332,6.3972588,6.098584,5.285048,5.3280344,6.4526205,5.8810196,5.2926207,6.5818954,5.1750917,5.795936,5.907088,6.0582566,6.103112,6.1256266
ENSG00000167325,0.0,0.0,0.0,0.0,0.0,0.0,0.0,0.0,0.0,0.0,0.0,0.0,0.0,0.0,0.0,0.0,0.0,0.0,0.0,0.0,0.0,0.0,0.0,1.3900938,0.0,0.0,0.0,0.0,0.0,0.0,0.0,0.0,0.0,0.0,0.0,0.0,0.0,0.0,0.0,0.0
ENSG00000171848,0.0,0.0,0.0,0.0,0.0,0.0,0.0,0.0,0.0,0.0,0.0,0.0,0.0,0.0,0.0,0.0,0.0,0.0,0.0,0.0,0.0,0.0,0.0,1.8531996,0.0,0.0,0.0,0.0,0.0,0.0,0.0,0.0,0.0,0.0,0.0,1.0308424,0.0,2.4498472,0.0,2.2620025
ENSG00000171490,0.0,2.4360251,3.2501197,3.2605035,3.5074313,2.9240205,2.9522412,3.0099514,2.5258176,3.2158089,3.1842077,3.0676715,2.9085948,2.0909004,2.3666706,2.469645,3.3319228,3.197431,2.864242,3.2547698,3.1035366,3.4918644,1.1557066,3.1584659,2.512976,3.1061852,2.6024969,3.0369754,3.166625,2.016291,2.962628,3.374501,2.4832354,2.8317087,2.1602285,2.1383035,2.3942845,2.6811829,3.0331652,2.7491164
ENSG00000148484,0.0,0.0,0.0,0.0,0.0,0.0,0.0,0.0,0.0,0.0,0.0,0.0,0.0,0.0,0.0,0.0,0.0,0.0,0.0,0.0,0.0,0.0,0.0,1.2186607,0.0,0.0,0.0,1.9490887,0.0,0.0,0.0,0.0,0.0,0.0,0.0,0.0,0.0,0.0,0.0,0.0
ENSG00000197747,0.0,0.0,3.8644125,3.6367588,2.8939679,2.9029408,2.8544729,3.04221,2.9453397,3.8355138,2.8212473,3.5426116,2.526327,3.5920079,4.4075947,4.1777506,0.0,0.0,0.0,0.0,3.461483,0.0,0.0,0.8172314,1.7943482,0.0,0.0,0.0,2.387057,3.799565,3.0934343,1.6062609,3.4806466,0.0,1.6197498,0.0,0.0,1.2961923,0.0,0.0
ENSG00000163191,0.0,2.3728223,3.2146614,3.0426197,0.0,0.0,0.0,0.0,0.0,2.9077759,0.0,2.450421,0.0,4.0867014,3.1918674,3.7238169,0.0,0.0,0.0,0.0,2.2834606,0.0,0.0,0.0,2.775249,0.0,0.0,0.0,4.8633604,3.878976,0.0,0.7383208,4.525181,0.0,2.05834,0.0,2.06099,0.0,0.0,0.0
ENSG00000196154,1.9194729,0.0,5.6351705,5.041477,3.1536555,3.298655,4.6834917,4.4482646,4.196763,5.3862886,3.1398087,4.7211475,2.9678566,4.928013,5.097687,4.981558,4.8620434,2.563105,3.7991128,3.6646852,4.9477673,3.3631854,0.0,4.95584,4.3573236,3.003381,0.0,4.225248,2.8445797,5.1556807,4.3510246,3.2641163,5.3446198,2.8453426,3.1762433,2.993171,3.4206598,2.2145221,2.9574163,2.0712657
ENSG00000143546,1.3699176,0.0,0.0,0.0,0.0,0.0,0.0,0.0,0.0,0.0,0.0,0.0,0.0,6.400156,1.5587869,2.8378944,0.0,0.0,0.0,0.0,0.0,0.0,0.0,1.1195768,3.6858635,0.0,0.0,0.0,3.1240873,7.0687566,0.0,0.0,1.9194729,0.0,2.397913,0.0,0.0,0.0,0.0,0.0
ENSG00000163220,0.0,0.0,0.0,0.0,0.0,0.0,0.0,0.0,0.0,0.0,0.0,0.0,0.0,6.8568234,1.9224613,4.177188,0.0,0.0,0.0,0.0,0.0,0.0,0.0,0.6369943,3.2958226,0.0,0.0,0.0,0.0,7.0917606,0.0,0.0,3.3992743,0.0,1.5838842,0.0,0.0,0.0,0.0,0.0
ENSG00000130066,0.0,0.0,0.0,0.0,0.0,0.0,0.0,0.0,0.0,0.0,0.0,0.0,0.0,3.512415,1.8383425,2.6537447,2.2585828,1.3698354,2.3196592,1.0515957,0.0,0.0,0.0,1.8845624,1.4723372,0.0,0.0,1.0618477,0.0,2.364339,0.0,0.54214346,4.7005186,0.0,0.9178425,1.6506383,0.0,1.169383,0.0,0.0
ENSG00000166562,0.0,0.0,0.0,0.0,0.0,0.0,0.0,0.0,0.0,0.0,0.0,0.0,0.0,0.0,0.0,0.0,0.0,0.0,0.0,0.0,0.0,0.0,0.0,0.9077957,0.0,0.0,0.0,0.0,0.0,0.0,0.0,0.0,0.0,0.0,3.2279978,0.0,0.0,0.0,0.0,0.0
ENSG00000106803,0.0,2.3728223,0.0,2.2938123,0.0,0.0,0.0,0.0,0.0,0.0,0.0,2.33237,0.0,2.2925446,3.0443604,2.5607872,3.096046,3.2677622,3.395127,2.7540257,0.0,2.26973,0.0,3.1108706,3.1097853,2.7539487,0.0,3.0884218,2.8445797,2.553579,0.0,2.4392843,2.1691058,0.0,3.15724,4.0187864,4.382057,2.806513,3.0579545,2.8134418
ENSG00000091490,0.0,1.9629009,0.0,0.0,0.0,0.0,0.0,0.0,0.0,0.0,0.0,0.0,2.6588748,0.0,0.0,0.0,0.0,0.0,0.0,0.0,0.0,0.0,0.0,0.0,0.0,0.0,0.0,0.0,0.0,0.0,0.0,0.0,0.0,2.0024955,1.9275923,2.6151245,2.63508,0.0,0.0,0.0
ENSG00000250722,0.0,0.0,0.0,0.0,0.0,0.0,0.0,0.0,0.0,0.0,0.0,0.0,0.0,0.0,0.0,0.0,0.0,0.0,0.0,0.0,0.0,0.0,0.0,0.0,0.0,0.0,0.0,0.0,5.8345447,0.0,0.0,0.0,0.0,0.0,0.0,0.0,0.0,0.0,0.0,0.0
ENSG00000188404,0.0,0.0,0.0,2.7707157,4.027974,4.447657,0.0,0.0,0.0,0.0,3.836993,1.0860932,3.0774934,3.0974605,3.5112734,3.128462,0.0,3.618887,1.897701,2.6057262,0.0,3.916266,0.0,0.0,2.7062492,3.8804984,3.731297,0.0,0.0,3.3921478,0.0,3.4926825,0.0,3.0127053,0.0,3.9046402,4.0873957,0.0,4.0799,1.8960383
ENSG00000149131,0.0,0.0,0.0,0.0,0.0,0.0,0.0,0.0,0.0,0.0,0.0,0.0,0.0,0.0,0.0,0.0,0.0,0.0,0.0,1.166133,0.0,1.8597319,0.0,0.0,0.0,1.8747182,0.0,1.8303862,4.2558026,0.0,0.0,0.808096,0.0,0.0,0.0,0.0,0.0,0.0,0.0,0.0
ENSG00000163950,0.0,0.0,0.0,0.0,0.0,0.0,0.0,0.0,0.0,0.0,0.0,0.0,0.0,0.0,2.2310371,0.0,2.558054,1.6328841,1.7216011,1.2130501,0.0,0.0,0.0,3.0465066,1.5734749,2.2441576,0.0,2.603124,0.0,0.0,0.0,0.0,0.0,0.0,0.68509674,2.2787268,0.0,2.3938498,0.0,3.1154132
ENSG00000160190,0.0,0.0,0.0,0.0,0.0,0.0,0.0,0.0,0.0,0.0,0.0,0.0,0.0,0.0,0.0,0.0,0.0,0.0,0.0,1.6628683,0.0,0.0,0.0,0.0,0.0,0.0,0.0,2.1533856,0.0,0.0,0.0,1.1280618,0.0,0.0,0.0,0.0,0.0,0.0,0.0,0.0
ENSG00000168003,0.0,0.0,0.0,0.0,0.0,0.0,0.0,0.0,0.0,0.0,0.0,0.0,0.0,1.618783,1.6146584,0.0,2.1591554,1.9279557,2.2644827,1.4096975,0.0,0.0,0.0,2.2756648,1.3820204,1.983768,0.0,2.186811,0.0,1.4226948,0.0,0.53533983,0.0,0.0,1.6937385,2.1964123,0.4555808,0.0,2.5018032,0.0
ENSG00000138449,0.0,0.0,0.0,0.0,0.0,0.0,0.0,0.0,0.0,0.0,0.0,0.0,0.0,0.0,0.0,0.0,3.369713,0.0,2.2863672,3.7167006,0.0,0.0,0.0,2.8228831,0.0,0.65223014,0.0,3.2801585,1.9249493,0.0,0.0,1.4439166,0.0,0.0,0.0,0.0,0.0,0.0,0.0,0.0
ENSG00000113810,0.0,0.0,0.0,0.0,0.0,0.0,0.0,0.0,0.0,0.0,0.0,0.0,0.0,0.0,1.2188708,0.0,1.5973719,0.0,0.0,0.0,0.0,0.0,0.0,2.24096,0.0,1.5874083,0.0,1.6169851,0.0,0.0,0.0,0.0,0.0,0.0,0.0,1.9552466,0.0,3.1439571,0.0,2.2918193
ENSG00000245910,0.0,3.0182397,3.7204266,4.2666864,4.3768315,3.5932326,3.3840523,3.8417392,3.742581,3.956653,4.0462003,4.148736,3.655541,2.6281383,3.7856157,3.2992618,4.3573346,4.376489,4.4172726,4.6884785,3.976987,4.6854672,3.4275877,3.8342829,4.037924,4.503662,3.5907164,4.4591866,2.6928759,2.982072,3.7077441,4.446382,2.5701346,3.5238984,2.2679553,4.053125,3.8206415,4.145782,4.571023,4.250539
ENSG00000269893,0.0,0.0,0.0,0.0,0.0,0.0,0.0,0.0,0.0,0.0,0.0,0.0,0.0,0.0,1.1760058,0.0,2.8313866,2.6096623,2.6256256,3.4107666,0.0,3.3686972,0.0,2.0693429,1.234329,2.7923799,0.0,2.8284078,0.0,0.0,0.0,3.2213922,0.0,0.0,0.7825377,1.2817144,1.8770461,0.0,2.387057,1.3505411
ENSG00000124766,0.0,0.0,0.0,0.0,0.0,0.0,0.0,0.0,0.0,0.0,0.0,0.0,0.0,0.0,1.3022971,0.0,2.5345721,1.8133311,2.6161036,2.6780677,0.0,1.7080132,0.0,0.96971667,0.0,1.8323371,0.0,1.9650102,0.0,0.0,0.0,0.0,0.0,0.0,0.0,2.579284,1.876959,2.3059254,3.971863,2.1209989
ENSG00000113140,0.0,0.0,0.0,0.0,0.0,0.0,0.0,0.0,0.0,0.0,0.0,0.0,0.0,0.0,0.0,0.0,0.0,0.8149792,0.0,0.0,0.0,0.0,0.0,0.0,0.0,1.0550096,0.0,0.7429997,4.212953,0.0,0.0,0.0,0.0,0.0,0.0,0.0,0.0,0.0,0.0,0.0
ENSG00000128040,0.0,0.0,0.0,0.0,0.0,0.0,0.0,0.0,0.0,0.0,0.0,0.0,0.0,0.0,0.0,0.0,0.0,3.5159721,0.0,0.0,0.0,3.8619995,0.0,0.0,0.0,4.1209383,0.0,0.0,0.0,0.0,0.0,3.2559836,0.0,0.0,0.0,1.7304751,0.0,0.0,3.8246753,0.0
ENSG00000167642,0.0,0.0,0.0,0.0,0.0,0.0,0.0,0.0,0.0,0.0,0.0,0.0,0.0,1.2024583,2.3717942,2.2147408,3.0899105,2.359117,2.5131364,3.1194842,0.0,2.9942727,2.375978,2.6418574,1.3638489,2.6974368,0.0,3.0805855,0.0,1.3550282,0.0,2.8364315,0.0,0.0,1.8167777,2.3745885,2.6384497,1.5324183,1.8874091,0.53373843
ENSG00000182557,0.0,0.0,0.0,0.0,0.0,0.0,0.0,0.0,0.0,0.0,0.0,0.0,0.0,0.0,1.5635467,0.0,0.0,1.5710006,0.0,0.0,0.0,0.0,0.0,0.0,1.9360334,1.5668371,0.0,0.0,0.0,0.0,0.0,0.0,0.0,0.0,0.0,2.3699098,2.0874894,0.0,0.0,0.0
ENSG00000164056,0.0,0.0,0.0,0.0,0.0,0.0,0.0,0.0,0.0,0.0,0.0,0.0,0.0,0.0,0.0,0.0,0.0,0.0,0.0,0.0,0.0,0.0,0.0,0.0,0.0,0.0,0.0,0.0,3.1240873,0.0,0.0,0.0,0.0,0.0,0.0,0.0,0.0,0.0,0.0,0.0
ENSG00000122862,0.0,0.0,3.911615,3.0637722,0.0,3.1398094,3.9951382,3.5249593,3.331868,3.8851821,0.0,3.1541936,0.0,3.2921848,3.0429683,3.487874,1.9807808,2.9247012,3.9360366,2.2506652,3.5673728,2.2504468,0.0,2.0341332,4.232891,1.505142,0.0,2.5303247,0.0,3.3741958,4.17494,2.6859558,3.4387276,0.0,3.093078,1.3668877,2.8827577,1.3553131,0.0,0.0
ENSG00000145687,0.0,0.0,0.0,0.0,0.0,0.0,0.0,0.0,0.0,0.0,0.0,0.0,0.0,0.0,0.0,0.0,1.5128253,0.0,0.0,1.4318057,0.0,2.0706542,0.0,0.8414739,0.0,1.8033113,0.0,1.6000674,0.0,0.0,0.0,1.6212404,0.0,0.0,0.0,0.9365125,0.0,2.6823459,2.490563,2.5527601
ENSG00000180879,0.0,0.0,0.0,0.0,0.0,0.0,0.0,0.0,0.0,0.0,0.0,0.0,0.0,0.0,0.0,0.0,0.0,0.0,0.0,0.0,0.0,0.0,0.0,0.0,0.0,0.0,0.0,0.0,0.0,0.0,0.0,0.0,0.0,0.0,2.5032473,0.0,0.0,0.0,0.0,0.0
ENSG00000117632,0.0,0.0,0.0,0.0,0.0,0.0,0.0,0.0,0.0,0.0,0.0,0.0,0.0,0.0,4.537884,0.0,4.7594233,4.244384,4.242354,3.4901996,0.0,3.1984234,3.010868,4.699831,4.1029043,4.753743,0.0,4.3716702,2.1129642,0.0,0.0,3.0258121,0.0,0.0,0.0,5.68933,4.0753117,5.8921394,3.971863,5.725342
ENSG00000013810,0.0,0.0,0.0,0.0,0.0,0.0,0.0,0.0,0.0,0.0,0.0,0.0,0.0,0.6594388,1.5301325,0.0,0.762728,1.2386583,0.0,0.0,0.0,0.0,0.0,1.8466934,1.4269967,1.7639759,0.0,1.4171877,0.0,0.0,0.0,0.5859183,0.0,0.0,0.0,2.249497,0.0,2.937738,0.0,2.1933234
ENSG00000158710,0.0,0.0,3.3522592,3.2353027,0.0,3.6601248,2.9322536,2.9388542,1.4781344,3.402116,0.0,2.964363,3.5296664,2.1417444,3.9221394,3.2205875,3.6338072,3.083438,3.3990345,3.714421,3.2112277,3.1680775,3.0163913,3.547434,3.3637843,3.2531435,2.7749355,4.519294,0.0,2.3376784,2.8275328,2.6783295,2.4439428,3.147061,1.9725405,3.2088058,4.1827717,2.6454084,3.1158116,3.036428
ENSG00000162367,1.5547898,0.0,0.0,0.0,0.0,0.0,0.0,0.0,0.0,0.0,0.0,0.0,0.0,0.0,0.0,0.0,2.5785804,0.0,1.5203841,2.3170676,0.0,0.0,0.0,2.289656,0.0,0.0,0.0,2.176005,0.0,0.0,0.0,1.772613,0.0,0.0,0.0,0.0,0.0,0.0,0.0,0.0
ENSG00000177156,1.835745,0.0,0.0,0.0,0.0,0.0,0.0,0.0,0.0,0.0,0.0,0.0,0.0,3.3121572,2.9300332,2.593982,3.823124,3.6098218,3.4323757,3.907268,0.0,3.4980605,0.0,3.5351462,3.0782204,3.6406753,0.0,3.9669697,2.2247128,3.25937,0.0,3.4834678,2.5374453,0.0,1.1482098,2.8343434,2.1503198,2.40238,2.6196375,2.5155652
ENSG00000196628,0.0,0.0,0.0,0.0,0.0,0.0,0.0,0.0,0.0,0.0,0.0,0.0,0.0,0.0,0.0,0.0,0.0,0.0,0.0,0.0,0.0,0.0,0.0,0.0,0.0,0.0,0.0,0.0,0.0,0.0,0.0,0.0,0.0,0.0,0.0,1.4227403,1.6588551,0.0,0.0,0.0
ENSG00000100721,0.0,0.0,0.0,0.0,0.0,0.0,0.0,0.0,0.0,0.0,0.0,0.0,0.0,0.0,0.0,0.0,0.0,0.0,0.0,0.0,0.0,0.0,4.947772,0.0,0.0,0.0,3.607228,0.0,0.0,0.0,0.0,0.0,0.0,0.0,0.0,0.0,0.0,0.0,0.0,0.0
ENSG00000135426,0.0,0.0,0.0,0.0,0.0,0.0,0.0,0.0,0.0,0.0,0.0,0.0,0.0,0.0,0.0,0.0,1.3487673,0.0,1.4062722,2.8705034,0.0,0.0,0.0,0.0,0.0,0.0,0.0,2.0012965,0.0,0.0,0.0,1.7259498,0.0,0.0,0.0,0.0,0.0,0.0,0.0,0.0
ENSG00000003436,0.0,0.0,0.0,0.0,0.0,0.0,0.0,0.0,0.0,0.0,0.0,0.0,0.0,0.0,0.0,0.0,0.0,0.0,0.0,0.0,0.0,0.0,0.0,0.0,0.0,0.0,0.0,0.0,3.6465275,0.0,0.0,0.0,0.0,0.0,0.0,0.0,0.0,0.0,0.0,0.0
ENSG00000072274,3.2468169,0.0,0.0,0.0,0.0,0.0,0.0,0.0,0.0,0.0,0.0,0.0,0.0,0.8609362,1.5524471,0.0,4.0488644,2.2358274,2.9374557,3.564845,0.0,0.0,0.0,4.3091235,1.1158936,2.1582532,0.0,3.4651308,0.0,0.0,0.0,0.0,1.712246,0.0,0.94495606,2.0955763,2.1590424,0.0,2.4591775,0.0
ENSG00000120708,0.0,0.0,0.0,0.0,0.0,0.0,0.0,0.0,0.0,0.0,0.0,0.0,0.0,3.438352,2.9352121,3.0939891,0.0,0.0,0.0,0.0,0.0,0.0,0.0,0.0,0.0,0.0,0.0,0.0,2.4739776,2.4411154,0.0,0.0,2.9983382,0.0,0.0,3.1543713,4.5979033,0.0,0.0,0.0
ENSG00000075131,0.0,0.0,0.0,0.0,0.0,0.0,0.0,0.0,0.0,0.0,0.0,0.0,0.0,0.0,0.0,0.0,0.0,0.0,0.0,0.0,0.0,0.0,0.0,0.6697007,0.0,0.0,0.0,0.0,0.0,0.0,0.0,0.0,0.0,0.0,0.0,0.0,0.0,0.0,0.0,0.0
ENSG00000120802,0.0,0.0,0.0,0.0,0.0,0.0,0.0,0.0,0.0,0.0,0.0,0.0,0.0,0.0,0.0,0.0,0.9233148,0.0,0.0,0.0,0.0,0.0,0.0,1.6884553,0.0,0.0,0.0,0.0,0.0,0.0,0.0,0.0,0.0,0.0,0.0,1.0330352,0.0,1.9646937,0.0,0.0
ENSG00000034510,1.7805412,4.98985,5.902506,5.982626,6.1411257,5.4100785,5.6569004,5.402827,5.2047324,5.8713527,5.9153547,5.617629,5.300248,5.157969,5.9523263,5.8939657,5.0577326,4.720974,4.525306,4.600478,5.6093493,4.41765,5.8597717,4.2778616,5.476369,4.495156,5.5028863,4.413762,5.610487,5.3645954,5.2107577,4.670041,5.4806356,5.2453346,4.106322,5.525757,5.3613324,5.410629,5.64628,5.43117
ENSG00000205542,2.4755368,6.317427,6.809227,6.659577,6.6447716,6.4358006,6.6814995,6.8061347,6.6619577,6.732895,6.432441,6.6524863,5.997202,6.1281466,6.202821,6.420092,4.0639496,4.9752903,5.058605,4.9682302,6.6410155,4.807474,5.6088166,3.2646444,6.0941105,4.9376993,6.007495,5.5746355,6.209186,6.0755672,6.7494,5.702405,6.6669855,5.901321,4.4360867,5.8653183,5.949092,5.998204,6.250441,6.1789265
ENSG00000131747,0.0,0.0,0.0,0.0,0.0,0.0,0.0,0.0,0.0,0.0,0.0,0.0,0.0,0.0,0.0,0.0,0.0,0.0,0.0,0.0,0.0,0.0,0.0,1.8603423,0.0,0.0,0.0,0.0,0.0,0.0,0.0,0.0,0.0,0.0,0.0,2.2352474,0.0,3.7729962,0.0,1.745976
ENSG00000088325,0.0,0.0,0.0,0.0,0.0,0.0,0.0,0.0,0.0,0.0,0.0,0.0,0.0,0.0,0.0,0.0,0.4407424,0.0,0.0,0.0,0.0,0.0,0.0,1.9492174,0.0,0.0,0.0,0.0,0.0,0.0,0.0,0.0,0.0,0.0,0.0,1.4819576,0.0,2.9403863,0.0,0.0
ENSG00000277734,0.0,0.0,3.670342,4.0573034,3.6458006,0.0,0.0,4.5393934,4.0456486,3.8252237,4.0448213,4.0452814,0.0,0.0,0.0,0.0,0.0,0.0,0.0,0.0,2.8109076,0.0,0.0,0.0,0.0,0.0,0.0,0.0,0.0,0.0,3.282505,0.0,0.0,0.0,0.0,0.0,0.0,0.0,0.0,0.0
ENSG00000211829,0.0,0.0,0.0,0.0,0.0,3.963726,3.8747325,0.0,0.0,0.0,0.0,0.0,0.0,0.0,0.0,0.0,0.0,0.0,0.0,0.0,4.5494766,0.0,0.0,0.0,0.0,0.0,0.0,0.0,0.0,0.0,4.5056934,2.7100995,0.0,0.0,0.0,0.0,0.0,0.0,0.0,0.0
ENSG00000227191,0.0,0.0,3.448144,0.0,0.0,3.255724,2.960883,2.3622913,3.5825472,3.61893,0.0,2.7390177,0.0,0.0,0.0,0.0,0.0,0.0,0.0,0.0,4.361434,0.0,0.0,0.0,0.0,0.0,0.0,0.0,0.0,0.0,4.3710976,1.7971642,0.0,0.0,0.0,0.0,0.0,0.0,0.0,0.0
ENSG00000102804,0.0,0.0,0.0,0.0,0.0,0.0,0.0,0.0,0.0,0.0,0.0,0.0,0.0,0.0,0.0,0.0,3.0917406,1.604973,2.1009095,2.9493794,0.0,2.9997714,0.0,2.5899637,0.0,2.471334,0.0,2.139635,3.7950006,0.0,0.0,3.0133202,0.0,0.0,0.0,0.0,0.0,0.0,0.0,0.0
ENSG00000123416,1.888616,2.7554133,3.2830863,3.232025,3.3840523,2.910235,3.0397053,3.056189,2.7999644,3.3125494,2.7581758,3.0517898,2.8732533,2.7088594,5.208702,3.9842577,4.637228,4.507024,4.1950865,3.424762,3.0994813,3.72854,2.7830925,5.4623356,4.523969,5.2285347,2.7580042,4.7967787,4.6033106,2.9565516,3.0081234,3.2314763,3.7825444,2.965526,3.1862268,5.823721,4.047678,6.491083,3.6242435,5.94069
ENSG00000196230,0.0,0.0,0.0,0.0,0.0,0.0,0.0,0.0,0.0,0.0,0.0,0.0,0.0,0.0,2.4390445,0.0,2.7756963,1.7997203,2.1934881,1.3532915,0.0,0.0,0.0,3.7720792,1.8025584,2.5359983,0.0,2.5126739,3.19537,0.0,0.0,1.3922005,0.0,0.0,0.0,3.613897,0.0,4.1825285,1.8770245,3.5413406
ENSG00000188229,0.0,0.0,0.0,0.0,0.0,0.0,0.0,0.0,0.0,0.0,0.0,0.0,0.0,1.6795238,2.6557698,1.7094511,2.4630475,1.7748777,2.2065227,0.0,0.0,0.0,0.0,3.2903247,2.164948,2.297829,0.0,2.308268,2.8701086,1.7453896,0.0,1.386661,1.3825636,0.0,1.523186,3.0540965,0.0,3.9254417,0.0,2.724596
ENSG00000176890,0.0,0.0,0.0,0.0,0.0,0.0,0.0,0.0,0.0,0.0,0.0,0.0,0.0,0.0,2.7323284,0.0,2.943,2.0272167,2.548312,0.0,0.0,0.0,0.0,3.7000656,2.0746005,3.5133133,0.0,3.4315004,0.0,0.0,0.0,0.0,0.0,0.0,0.0,3.8138862,0.0,3.976149,0.0,4.201313
ENSG00000011600,0.0,0.0,0.0,0.0,0.0,4.6529737,4.2733116,0.0,0.0,0.0,0.0,0.0,0.0,4.4660764,3.1982706,3.9318256,0.0,0.0,0.0,0.0,0.0,0.0,0.0,0.0,3.2062144,0.0,0.0,0.0,0.0,4.206161,0.0,2.7951334,4.9169216,0.0,1.1029518,2.0727766,3.537269,0.0,0.0,0.0
ENSG00000175063,0.0,0.0,0.0,0.0,0.0,0.0,0.0,0.0,0.0,0.0,0.0,0.0,0.0,0.0,0.0,0.0,0.0,0.0,0.0,0.0,0.0,0.0,0.0,0.8896628,0.0,0.0,0.0,0.0,0.0,0.0,0.0,0.0,0.0,0.0,0.0,1.55775,0.0,3.1467562,0.0,0.0
ENSG00000012963,0.0,0.0,0.0,0.0,0.0,0.0,0.0,0.0,0.0,0.0,0.0,0.0,0.0,0.0,0.7335446,0.0,1.5705981,0.0,0.0,0.0,0.0,0.0,0.0,1.7965673,0.0,1.5011292,0.0,1.6362619,0.0,0.0,0.0,0.0,0.0,0.0,0.0,1.5223418,0.0,0.0,0.0,1.4714891
ENSG00000148154,0.0,0.0,0.0,0.0,0.0,0.0,0.0,0.0,0.0,0.0,0.0,0.0,0.0,0.0,0.0,0.0,0.0,0.0,0.0,0.0,0.0,0.0,0.0,1.5350722,0.0,0.0,0.0,0.0,0.0,0.0,0.0,0.0,0.0,0.0,0.0,2.9301531,4.1750183,0.0,0.0,0.0
ENSG00000276043,0.0,0.0,0.0,0.0,0.0,0.0,0.0,0.0,0.0,0.0,0.0,0.0,0.0,0.0,1.9591839,0.0,0.51492584,1.2639459,0.0,0.0,0.0,0.0,0.0,2.2025757,1.8237727,2.0497432,0.0,0.0,0.0,0.0,0.0,0.0,0.0,0.0,0.0,2.9634917,0.0,3.5764062,0.0,4.1228724
ENSG00000076248,0.0,0.0,0.0,0.0,0.0,0.0,0.0,0.0,0.0,0.0,0.0,0.0,0.0,0.0,1.337426,0.0,2.5213566,1.7111182,1.2764738,0.0,0.0,0.0,0.0,3.129256,1.1198347,2.8378444,0.0,2.7475457,0.0,0.0,0.0,0.0,0.0,0.0,0.0,0.0,0.0,0.0,0.0,2.4419136
ENSG00000162607,0.0,0.0,0.0,0.0,0.0,0.0,0.0,0.0,0.0,0.0,0.0,0.0,0.0,0.0,1.8821728,0.0,2.154042,1.3882626,0.71196425,0.0,0.0,0.0,0.0,2.3267717,1.3515184,2.0751276,0.0,2.1361258,0.0,0.0,0.0,0.0,0.0,0.0,0.0,2.33153,0.0,2.7774072,0.0,2.796253
ENSG00000038427,0.0,0.0,0.0,0.0,0.0,0.0,0.0,0.0,0.0,0.0,0.0,0.0,0.0,3.861544,0.0,2.007873,0.0,0.0,0.0,0.0,0.0,0.0,0.0,0.0,0.0,0.0,0.0,0.0,5.484797,3.638861,0.0,0.0,0.0,0.0,0.0,0.0,0.0,0.0,0.0,0.0
ENSG00000026025,0.0,3.4841766,4.3705473,4.7380176,4.422503,2.555582,3.10761,3.787597,3.5756526,4.2335434,3.9044416,4.273835,3.5590467,4.565614,5.269293,5.04797,2.4264069,4.1717653,4.380896,3.876012,3.8407006,4.4682536,3.2986345,1.2180736,4.9186535,3.943488,2.7084246,3.6698735,6.216606,4.8306613,3.920878,3.9243722,3.9614477,3.3888814,4.075258,4.497696,4.633346,4.608227,3.5802836,4.1998997
ENSG00000169575,0.0,0.0,0.0,0.0,0.0,0.0,0.0,0.0,0.0,0.0,0.0,0.0,0.0,0.0,0.0,0.0,0.0,0.0,0.0,0.0,0.0,0.0,0.0,0.0,0.0,0.0,0.0,0.0,0.0,0.0,0.0,0.0,0.0,0.0,0.0,0.0,0.0,3.9743695,2.4533293,3.8376684
ENSG00000128218,0.0,0.0,0.0,0.0,0.0,0.0,0.0,0.0,0.0,0.0,0.0,0.0,2.4860075,0.0,0.0,0.0,0.0,0.0,0.0,0.0,0.0,0.0,4.118285,0.0,0.0,0.0,2.7123542,0.0,0.0,0.0,0.0,0.0,0.0,2.2291403,0.0,0.0,0.0,4.110508,0.0,3.8505907
ENSG00000100219,0.0,0.0,0.0,0.0,0.0,2.7819123,1.7734551,0.0,0.0,0.0,0.0,0.0,0.0,1.0656649,1.4466693,1.1209229,1.8847992,3.125127,2.3832319,2.3603525,0.0,2.6362557,0.0,1.6759835,2.2930114,2.7149,0.0,2.7365675,2.3915558,1.3746704,0.0,2.387113,0.0,0.0,4.2413683,2.2115746,2.3104074,2.213079,2.8680184,2.285049
ENSG00000088930,0.0,0.0,0.0,0.0,0.0,0.0,0.0,0.0,0.0,0.0,0.0,0.0,0.0,0.0,0.0,0.0,0.0,0.0,0.0,0.0,0.0,0.0,0.0,1.2336332,0.0,0.0,0.0,0.0,0.0,0.0,0.0,0.0,0.0,0.0,0.0,0.0,0.0,0.0,0.0,0.0
ENSG00000065978,2.292836,3.3685842,3.0565214,3.3622887,3.2849236,3.3690364,3.1764746,3.2980537,3.1226337,3.189772,3.4704947,3.3562582,3.3997808,3.106781,4.021687,3.5175838,4.6695566,4.1968436,3.9194505,3.9311259,3.3758314,3.7022576,3.207807,4.7720785,3.937666,4.1786327,3.2446733,4.4063168,2.7609472,3.1480916,3.2314456,3.3834312,3.9685683,3.3291059,2.548343,3.9350991,3.3819923,4.0317545,3.6684787,4.2928247
ENSG00000060138,2.0834856,0.0,0.0,0.0,0.0,0.0,0.0,0.0,0.0,0.0,0.0,0.0,0.0,0.0,0.0,0.0,2.2781372,1.6839751,0.0,0.97633153,0.0,1.9789871,2.973568,2.9470956,1.2546237,1.5310897,0.0,1.785852,0.0,0.0,0.0,0.5005855,0.0,0.0,0.87089884,0.0,0.0,2.188155,0.0,1.9642336
ENSG00000177410,0.0,2.8955812,2.9394355,3.3542564,3.7719064,2.767918,1.2574695,2.9652693,3.0608592,2.9085948,3.6678586,3.2657404,3.5931823,2.8744354,3.1727915,2.8353112,3.9177814,4.182008,4.0779963,4.7732553,2.947951,4.842502,2.908431,2.961889,3.5626273,4.3770385,3.29852,3.9248438,2.1363251,2.6566136,3.0745406,4.7457333,3.1221294,3.5190127,1.3652577,3.4648523,3.2089455,3.0605204,4.400393,3.3644197
ENSG00000152518,0.0,3.1117015,4.51811,4.7474136,4.4119887,5.013294,4.458748,4.876975,5.0783806,4.4725537,4.569972,4.9723196,3.8712745,3.2099056,3.2066689,2.9956584,4.3360662,4.1520658,4.044589,4.222725,4.882293,4.6112895,3.2308757,3.9827778,3.4568648,4.2800364,4.1992083,3.5700135,2.8445797,2.840239,5.0852327,4.5061464,3.1632528,3.9899168,2.36804,3.6866395,4.231537,3.701748,4.5233727,3.8782334
ENSG00000169877,1.9967148,0.0,0.0,0.0,0.0,0.0,0.0,0.0,0.0,0.0,0.0,0.0,0.0,0.0,0.0,0.0,0.0,0.0,0.0,0.0,0.0,0.0,0.0,2.6783893,0.0,0.0,0.0,0.0,0.0,0.0,0.0,0.0,0.0,0.0,0.0,0.0,0.0,0.0,0.0,0.0
ENSG00000133742,4.5811634,0.0,0.0,0.0,0.0,0.0,0.0,0.0,0.0,0.0,0.0,0.0,0.0,0.0,0.0,0.0,2.6416554,0.0,0.0,0.0,0.0,0.0,0.0,5.24719,0.0,0.0,0.0,0.0,2.1291132,0.0,0.0,0.0,0.0,0.0,2.0425072,0.0,0.0,0.0,0.0,0.0
ENSG00000122786,0.0,0.0,0.0,0.0,0.0,0.0,0.0,0.0,0.0,0.0,0.0,0.0,0.0,0.0,0.0,0.0,0.0,0.0,0.0,0.0,0.0,0.0,0.0,0.0,0.0,0.0,0.0,0.0,3.2564955,0.0,0.0,0.0,0.0,0.0,0.0,0.0,0.0,0.0,0.0,0.0
ENSG00000140287,0.0,0.0,0.0,0.0,0.0,0.0,0.0,0.0,0.0,0.0,0.0,0.0,0.0,0.0,0.0,0.0,0.0,0.0,3.9342797,0.0,0.0,0.0,0.0,0.0,0.0,0.0,0.0,0.0,0.0,0.0,0.0,0.0,0.0,0.0,0.0,0.0,0.0,0.0,0.0,0.0
ENSG00000143627,0.0,0.0,0.0,0.0,0.0,0.0,0.0,0.0,0.0,0.0,0.0,0.0,0.0,0.0,0.0,0.0,0.0,0.0,0.0,0.0,0.0,0.0,0.0,1.6077828,0.0,0.0,0.0,0.0,0.0,0.0,0.0,0.0,0.0,0.0,0.0,0.0,0.0,0.0,0.0,0.0
ENSG00000105251,0.0,0.0,0.0,0.0,0.0,0.0,0.0,0.0,0.0,0.0,0.0,0.0,0.0,0.0,0.0,0.0,0.0,0.0,0.0,0.0,0.0,0.0,0.0,0.0,0.0,0.0,0.0,0.0,0.0,0.0,0.0,0.0,0.0,0.0,0.0,1.5961318,0.0,0.0,0.0,0.0
ENSG00000115461,0.0,0.0,0.0,0.0,0.0,0.0,0.0,0.0,0.0,0.0,0.0,0.0,0.0,0.0,0.0,0.0,0.0,0.0,0.0,0.0,0.0,0.0,0.0,0.0,0.0,0.0,0.0,0.0,2.7609472,0.0,0.0,0.0,0.0,0.0,0.0,0.0,0.0,0.0,0.0,0.0
